index,true,pred,confidence
0,airplane,airplane,0.9977368
1,airplane,airplane,0.9999943
2,airplane,airplane,0.99999857
3,airplane,airplane,1.0
4,airplane,airplane,1.0
5,airplane,airplane,0.9988801
6,airplane,airplane,0.99937385
7,airplane,airplane,1.0
8,airplane,airplane,0.963863
9,airplane,airplane,1.0
10,airplane,airplane,0.99999976
11,airplane,airplane,0.9999987
12,airplane,airplane,0.99776006
13,airplane,airplane,0.9999999
14,airplane,airplane,0.9999999
15,airplane,airplane,0.9999211
16,airplane,airplane,0.9999963
17,airplane,airplane,0.9999999
18,airplane,airplane,0.99972063
19,airplane,horse,0.59790474
20,airplane,airplane,0.99999845
21,airplane,airplane,1.0
22,airplane,airplane,0.99999857
23,airplane,airplane,0.9999981
24,airplane,airplane,0.99999964
25,airplane,airplane,0.9999753
26,airplane,airplane,0.9999987
27,airplane,airplane,0.9999993
28,airplane,airplane,0.9259415
29,airplane,airplane,0.9343851
30,airplane,airplane,0.99999976
31,airplane,airplane,0.99459463
32,airplane,airplane,0.9968046
33,airplane,ship,0.9052116
34,airplane,airplane,0.99999166
35,airplane,airplane,0.99998534
36,airplane,airplane,0.6548519
37,airplane,airplane,0.9999957
38,airplane,airplane,0.99995995
39,airplane,airplane,0.9530043
40,airplane,airplane,0.99998415
41,airplane,airplane,0.9998524
42,airplane,ship,0.93727285
43,airplane,airplane,0.99999726
44,airplane,airplane,0.9999937
45,airplane,airplane,0.9999999
46,airplane,airplane,0.9999896
47,airplane,airplane,0.99992347
48,airplane,airplane,0.67517364
49,airplane,airplane,0.9999075
50,airplane,airplane,0.7332686
51,airplane,airplane,0.99999976
52,airplane,airplane,0.9994912
53,airplane,airplane,0.99809664
54,airplane,airplane,0.99999964
55,airplane,airplane,0.9999021
56,airplane,airplane,0.9999683
57,airplane,airplane,0.9999949
58,airplane,airplane,1.0
59,airplane,airplane,0.9909417
60,airplane,airplane,1.0
61,airplane,ship,0.4853573
62,airplane,airplane,1.0
63,airplane,airplane,1.0
64,airplane,airplane,0.99999845
65,airplane,airplane,0.99999905
66,airplane,airplane,1.0
67,airplane,airplane,1.0
68,airplane,airplane,0.99579227
69,airplane,airplane,0.99999297
70,airplane,airplane,0.9999999
71,airplane,airplane,0.99999964
72,airplane,airplane,0.995828
73,airplane,airplane,1.0
74,airplane,airplane,1.0
75,airplane,airplane,0.999912
76,airplane,airplane,0.9999999
77,airplane,airplane,1.0
78,airplane,airplane,0.99999857
79,airplane,airplane,1.0
80,airplane,airplane,1.0
81,airplane,airplane,0.9999474
82,airplane,airplane,0.99998856
83,airplane,airplane,0.99999905
84,airplane,airplane,0.9999994
85,airplane,airplane,0.9914848
86,airplane,airplane,1.0
87,airplane,airplane,0.9999871
88,airplane,airplane,0.999998
89,airplane,airplane,1.0
90,airplane,airplane,0.99999964
91,airplane,airplane,0.9974255
92,airplane,airplane,0.99993646
93,airplane,airplane,0.9999987
94,airplane,airplane,0.9999982
95,airplane,airplane,1.0
96,airplane,airplane,1.0
97,airplane,airplane,1.0
98,airplane,airplane,0.9999337
99,airplane,bird,0.9314559
100,airplane,airplane,1.0
101,airplane,deer,0.6801581
102,airplane,airplane,0.99999917
103,airplane,airplane,0.54530054
104,airplane,airplane,0.9999957
105,airplane,airplane,0.99980396
106,airplane,airplane,0.9996402
107,airplane,airplane,0.99998605
108,airplane,airplane,0.9999701
109,airplane,airplane,0.9999931
110,airplane,airplane,0.9999846
111,airplane,airplane,0.99999213
112,airplane,airplane,1.0
113,airplane,airplane,0.9999989
114,airplane,airplane,0.9998808
115,airplane,airplane,0.9999999
116,airplane,airplane,0.9999999
117,airplane,airplane,0.9981097
118,airplane,airplane,0.9999888
119,airplane,airplane,1.0
120,airplane,airplane,0.9998934
121,airplane,airplane,0.99964845
122,airplane,airplane,1.0
123,airplane,airplane,0.9999995
124,airplane,airplane,0.9982551
125,airplane,airplane,0.9999989
126,airplane,airplane,0.99986005
127,airplane,airplane,1.0
128,airplane,airplane,0.99999523
129,airplane,airplane,0.99797803
130,airplane,airplane,0.99847347
131,airplane,airplane,1.0
132,airplane,airplane,0.9975171
133,airplane,airplane,0.9995196
134,airplane,airplane,0.99999595
135,airplane,airplane,0.9999974
136,airplane,airplane,0.99999976
137,airplane,airplane,0.9989219
138,airplane,airplane,1.0
139,airplane,airplane,1.0
140,airplane,airplane,0.99999964
141,airplane,airplane,0.99988484
142,airplane,airplane,1.0
143,airplane,airplane,0.99999964
144,airplane,airplane,0.99913365
145,airplane,airplane,0.99999523
146,airplane,airplane,0.99999464
147,airplane,airplane,0.9983045
148,airplane,airplane,0.9989555
149,airplane,airplane,0.9999746
150,airplane,airplane,0.9999361
151,airplane,airplane,1.0
152,airplane,airplane,0.9999994
153,airplane,airplane,0.99999976
154,airplane,airplane,0.9999465
155,airplane,airplane,1.0
156,airplane,airplane,0.9999994
157,airplane,airplane,1.0
158,airplane,airplane,0.99993277
159,airplane,airplane,1.0
160,airplane,airplane,0.9999865
161,airplane,airplane,0.9998116
162,airplane,airplane,0.99999905
163,airplane,airplane,1.0
164,airplane,airplane,0.9999994
165,airplane,airplane,0.99853575
166,airplane,ship,0.9126094
167,airplane,airplane,0.9999999
168,airplane,airplane,1.0
169,airplane,airplane,1.0
170,airplane,airplane,1.0
171,airplane,airplane,1.0
172,airplane,airplane,0.86933523
173,airplane,airplane,1.0
174,airplane,airplane,0.9940147
175,airplane,airplane,1.0
176,airplane,airplane,0.99941945
177,airplane,airplane,0.9999994
178,airplane,airplane,1.0
179,airplane,airplane,0.9963799
180,airplane,airplane,0.9997794
181,airplane,airplane,0.99999785
182,airplane,airplane,0.99968755
183,airplane,airplane,0.99998033
184,airplane,airplane,0.9999591
185,airplane,airplane,0.9999995
186,airplane,airplane,0.8296662
187,airplane,airplane,0.99972576
188,airplane,airplane,0.9999999
189,airplane,airplane,0.99999976
190,airplane,airplane,1.0
191,airplane,airplane,0.9999237
192,airplane,airplane,0.9998852
193,airplane,airplane,0.99999607
194,airplane,airplane,1.0
195,airplane,airplane,0.99958974
196,airplane,airplane,0.9999857
197,airplane,airplane,0.99999845
198,airplane,airplane,0.9999988
199,airplane,airplane,0.9999995
200,airplane,airplane,0.9999883
201,airplane,airplane,0.99997854
202,airplane,airplane,0.99999976
203,airplane,airplane,0.9992893
204,airplane,airplane,0.9998847
205,airplane,airplane,0.99895096
206,airplane,airplane,0.9999988
207,airplane,airplane,1.0
208,airplane,airplane,1.0
209,airplane,airplane,1.0
210,airplane,airplane,1.0
211,airplane,airplane,1.0
212,airplane,airplane,0.9999428
213,airplane,airplane,0.55790424
214,airplane,airplane,1.0
215,airplane,airplane,0.9999964
216,airplane,airplane,0.9999999
217,airplane,airplane,0.999985
218,airplane,airplane,0.9991499
219,airplane,airplane,0.9999988
220,airplane,bird,0.5504668
221,airplane,airplane,0.9999975
222,airplane,airplane,0.9999229
223,airplane,airplane,1.0
224,airplane,airplane,1.0
225,airplane,airplane,0.99259514
226,airplane,airplane,0.83313787
227,airplane,airplane,0.9999887
228,airplane,airplane,1.0
229,airplane,airplane,0.9999331
230,airplane,airplane,0.9999989
231,airplane,airplane,1.0
232,airplane,airplane,0.9999988
233,airplane,airplane,1.0
234,airplane,airplane,0.99999964
235,airplane,airplane,1.0
236,airplane,airplane,1.0
237,airplane,airplane,0.9999703
238,airplane,airplane,0.99956065
239,airplane,airplane,0.99999964
240,airplane,airplane,0.9999981
241,airplane,airplane,0.9999603
242,airplane,airplane,0.9999999
243,airplane,airplane,0.99998426
244,airplane,airplane,0.99997604
245,airplane,airplane,0.9996754
246,airplane,airplane,0.9999974
247,airplane,airplane,0.9999485
248,airplane,airplane,0.67533296
249,airplane,airplane,1.0
250,airplane,airplane,0.99994004
251,airplane,airplane,0.98886824
252,airplane,airplane,0.99997985
253,airplane,airplane,0.9999981
254,airplane,airplane,1.0
255,airplane,airplane,0.8069271
256,airplane,airplane,1.0
257,airplane,airplane,0.9999869
258,airplane,airplane,0.9992874
259,airplane,airplane,0.9999918
260,airplane,airplane,0.9924333
261,airplane,airplane,0.9968143
262,airplane,airplane,0.9999939
263,airplane,airplane,0.9999869
264,airplane,airplane,0.99999964
265,airplane,airplane,0.99998593
266,airplane,airplane,1.0
267,airplane,airplane,0.99991846
268,airplane,airplane,0.9999999
269,airplane,airplane,1.0
270,airplane,airplane,0.9997398
271,airplane,airplane,0.999977
272,airplane,airplane,1.0
273,airplane,airplane,0.99999976
274,airplane,airplane,0.99997437
275,airplane,airplane,1.0
276,airplane,airplane,0.9999981
277,airplane,airplane,0.9999914
278,airplane,airplane,0.99999976
279,airplane,airplane,0.99999964
280,airplane,airplane,0.9999988
281,airplane,airplane,1.0
282,airplane,airplane,1.0
283,airplane,airplane,1.0
284,airplane,airplane,0.9999925
285,airplane,airplane,1.0
286,airplane,airplane,1.0
287,airplane,airplane,0.99999785
288,airplane,airplane,0.9999999
289,airplane,airplane,0.99999976
290,airplane,airplane,0.9999981
291,airplane,airplane,0.97724354
292,airplane,airplane,0.99999976
293,airplane,airplane,0.9999938
294,airplane,airplane,0.991012
295,airplane,airplane,0.9999931
296,airplane,airplane,0.999992
297,airplane,airplane,0.99990106
298,airplane,airplane,0.9999993
299,airplane,airplane,0.9999999
300,airplane,airplane,0.9999716
301,airplane,airplane,0.9997696
302,airplane,airplane,0.9998785
303,airplane,airplane,0.9997849
304,airplane,airplane,0.99993086
305,airplane,airplane,1.0
306,airplane,airplane,0.99988747
307,airplane,airplane,0.9977847
308,airplane,airplane,1.0
309,airplane,airplane,0.9999993
310,airplane,airplane,1.0
311,airplane,airplane,0.9999995
312,airplane,airplane,1.0
313,airplane,airplane,0.9936972
314,airplane,airplane,0.99863005
315,airplane,airplane,0.8937008
316,airplane,airplane,0.99999976
317,airplane,airplane,0.99999714
318,airplane,airplane,0.9982192
319,airplane,airplane,1.0
320,airplane,airplane,0.510528
321,airplane,airplane,0.9999999
322,airplane,airplane,0.99998355
323,airplane,airplane,1.0
324,airplane,airplane,0.9999962
325,airplane,airplane,0.8781698
326,airplane,airplane,0.98826665
327,airplane,airplane,0.99475324
328,airplane,airplane,1.0
329,airplane,airplane,1.0
330,airplane,airplane,0.9978575
331,airplane,airplane,0.8915904
332,airplane,airplane,0.9997967
333,airplane,airplane,0.9983027
334,airplane,airplane,0.9999999
335,airplane,airplane,0.9999988
336,airplane,airplane,0.9958235
337,airplane,airplane,0.9999999
338,airplane,airplane,1.0
339,airplane,airplane,1.0
340,airplane,airplane,0.99587643
341,airplane,airplane,0.999985
342,airplane,bird,0.99744666
343,airplane,airplane,1.0
344,airplane,airplane,0.9999101
345,airplane,airplane,0.99992514
346,airplane,airplane,0.9999969
347,airplane,ship,0.67443484
348,airplane,airplane,1.0
349,airplane,airplane,0.97667956
350,airplane,airplane,0.99979013
351,airplane,airplane,0.99999666
352,airplane,airplane,0.996447
353,airplane,airplane,0.9997969
354,airplane,airplane,1.0
355,airplane,airplane,0.99985814
356,airplane,airplane,0.99999654
357,airplane,airplane,0.999995
358,airplane,airplane,1.0
359,airplane,airplane,0.99999404
360,airplane,airplane,0.99999714
361,airplane,airplane,0.99999976
362,airplane,airplane,0.99996173
363,airplane,airplane,0.9999994
364,airplane,airplane,0.99999905
365,airplane,airplane,0.99999964
366,airplane,airplane,1.0
367,airplane,airplane,1.0
368,airplane,airplane,0.99982446
369,airplane,airplane,1.0
370,airplane,airplane,0.99746764
371,airplane,airplane,0.9988471
372,airplane,airplane,0.8538974
373,airplane,airplane,1.0
374,airplane,airplane,0.99985194
375,airplane,airplane,0.9994698
376,airplane,airplane,0.99742645
377,airplane,airplane,0.9999428
378,airplane,bird,0.62609076
379,airplane,airplane,0.99999607
380,airplane,airplane,0.9999999
381,airplane,airplane,0.97056544
382,airplane,airplane,0.99999404
383,airplane,airplane,1.0
384,airplane,airplane,1.0
385,airplane,airplane,1.0
386,airplane,airplane,0.9999976
387,airplane,airplane,0.99999976
388,airplane,airplane,1.0
389,airplane,airplane,0.9999993
390,airplane,airplane,0.9999999
391,airplane,airplane,0.9999945
392,airplane,airplane,0.9999999
393,airplane,airplane,0.99995315
394,airplane,airplane,1.0
395,airplane,airplane,1.0
396,airplane,airplane,1.0
397,airplane,airplane,0.99999905
398,airplane,airplane,0.99999833
399,airplane,airplane,0.9999999
400,airplane,airplane,1.0
401,airplane,airplane,0.9999993
402,airplane,airplane,0.99187404
403,airplane,airplane,1.0
404,airplane,airplane,0.99994457
405,airplane,airplane,1.0
406,airplane,airplane,1.0
407,airplane,airplane,0.9999994
408,airplane,airplane,0.99998903
409,airplane,airplane,0.99999905
410,airplane,airplane,0.56875116
411,airplane,airplane,0.9760502
412,airplane,airplane,0.9999819
413,airplane,airplane,0.9927874
414,airplane,airplane,0.9999902
415,airplane,airplane,0.99999976
416,airplane,airplane,0.9999994
417,airplane,airplane,0.9999747
418,airplane,airplane,0.9999975
419,airplane,airplane,1.0
420,airplane,airplane,0.9999999
421,airplane,airplane,0.99995446
422,airplane,airplane,0.99938965
423,airplane,airplane,1.0
424,airplane,airplane,0.99999905
425,airplane,airplane,1.0
426,airplane,airplane,1.0
427,airplane,airplane,0.9999994
428,airplane,airplane,0.99998415
429,airplane,airplane,0.9952964
430,airplane,airplane,1.0
431,airplane,airplane,1.0
432,airplane,airplane,0.99997056
433,airplane,airplane,0.9999982
434,airplane,airplane,0.9999262
435,airplane,airplane,0.99864846
436,airplane,airplane,0.9999999
437,airplane,airplane,0.9999987
438,airplane,airplane,1.0
439,airplane,airplane,0.9999931
440,airplane,airplane,0.99996173
441,airplane,airplane,1.0
442,airplane,airplane,0.99955124
443,airplane,airplane,0.9999995
444,airplane,airplane,0.98355824
445,airplane,airplane,0.99999976
446,airplane,airplane,0.99983084
447,airplane,airplane,0.9973502
448,airplane,airplane,0.9999999
449,airplane,airplane,1.0
450,airplane,airplane,0.99999917
451,airplane,airplane,0.998917
452,airplane,airplane,1.0
453,airplane,airplane,0.9999995
454,airplane,airplane,0.9999937
455,airplane,airplane,1.0
456,airplane,airplane,0.9999993
457,airplane,airplane,0.50659543
458,airplane,airplane,1.0
459,airplane,airplane,1.0
460,airplane,airplane,0.99998736
461,airplane,airplane,0.9855515
462,airplane,airplane,0.99998987
463,airplane,airplane,1.0
464,airplane,airplane,0.7579982
465,airplane,airplane,1.0
466,airplane,airplane,1.0
467,airplane,airplane,0.9999893
468,airplane,airplane,0.9991074
469,airplane,ship,0.9992218
470,airplane,airplane,1.0
471,airplane,airplane,0.99999964
472,airplane,airplane,1.0
473,airplane,airplane,1.0
474,airplane,airplane,1.0
475,airplane,airplane,1.0
476,airplane,airplane,0.99980444
477,airplane,airplane,0.9390171
478,airplane,airplane,0.99999964
479,airplane,airplane,0.99963343
480,airplane,airplane,0.9999267
481,airplane,airplane,0.9992894
482,airplane,airplane,0.9999968
483,airplane,airplane,1.0
484,airplane,airplane,0.99982065
485,airplane,airplane,1.0
486,airplane,airplane,0.99999976
487,airplane,airplane,0.9999975
488,airplane,airplane,0.9999999
489,airplane,airplane,0.9999738
490,airplane,airplane,0.9999951
491,airplane,airplane,1.0
492,airplane,airplane,1.0
493,airplane,airplane,0.98703253
494,airplane,airplane,0.9999367
495,airplane,airplane,1.0
496,airplane,airplane,0.996792
497,airplane,airplane,0.73247176
498,airplane,airplane,1.0
499,airplane,airplane,0.99957484
500,airplane,airplane,1.0
501,airplane,airplane,1.0
502,airplane,airplane,1.0
503,airplane,airplane,0.9999932
504,airplane,airplane,1.0
505,airplane,airplane,1.0
506,airplane,airplane,1.0
507,airplane,airplane,0.99981123
508,airplane,airplane,1.0
509,airplane,airplane,1.0
510,airplane,airplane,0.9999999
511,airplane,airplane,0.99993265
512,airplane,airplane,1.0
513,airplane,airplane,1.0
514,airplane,airplane,1.0
515,airplane,airplane,1.0
516,airplane,airplane,1.0
517,airplane,airplane,0.9999771
518,airplane,airplane,0.9999999
519,airplane,airplane,0.99995947
520,airplane,airplane,0.9999982
521,airplane,airplane,0.9716006
522,airplane,airplane,0.99932325
523,airplane,airplane,0.9997719
524,airplane,airplane,0.99999464
525,airplane,airplane,1.0
526,airplane,airplane,0.99946743
527,airplane,airplane,0.99823725
528,airplane,airplane,0.9996978
529,airplane,airplane,0.99999344
530,airplane,airplane,0.99293935
531,airplane,airplane,0.9999931
532,airplane,airplane,0.99999964
533,airplane,airplane,0.9999976
534,airplane,airplane,1.0
535,airplane,airplane,0.99999833
536,airplane,airplane,1.0
537,airplane,airplane,0.9999989
538,airplane,airplane,0.99999976
539,airplane,airplane,0.93834877
540,airplane,airplane,0.9999758
541,airplane,airplane,1.0
542,airplane,airplane,1.0
543,airplane,airplane,1.0
544,airplane,airplane,1.0
545,airplane,airplane,0.9999982
546,airplane,airplane,1.0
547,airplane,airplane,0.99838305
548,airplane,airplane,0.99999917
549,airplane,airplane,0.9999999
550,airplane,airplane,0.99999785
551,airplane,airplane,1.0
552,airplane,airplane,0.99999976
553,airplane,airplane,1.0
554,airplane,airplane,1.0
555,airplane,airplane,1.0
556,airplane,airplane,0.99999976
557,airplane,airplane,0.99996483
558,airplane,airplane,0.99932444
559,airplane,airplane,1.0
560,airplane,airplane,1.0
561,airplane,airplane,0.99999654
562,airplane,airplane,1.0
563,airplane,airplane,0.9812996
564,airplane,airplane,0.998579
565,airplane,airplane,0.9986203
566,airplane,airplane,0.9399132
567,airplane,airplane,0.99999976
568,airplane,airplane,1.0
569,airplane,airplane,1.0
570,airplane,airplane,0.999997
571,airplane,airplane,1.0
572,airplane,airplane,0.999998
573,airplane,ship,0.5611747
574,airplane,airplane,0.99995697
575,airplane,airplane,0.99999404
576,airplane,airplane,0.9974491
577,airplane,airplane,0.9999995
578,airplane,airplane,0.9999976
579,airplane,airplane,0.9999999
580,airplane,airplane,1.0
581,airplane,airplane,1.0
582,airplane,airplane,1.0
583,airplane,airplane,0.9999987
584,airplane,airplane,0.9999896
585,airplane,airplane,0.99956256
586,airplane,airplane,1.0
587,airplane,airplane,0.9999745
588,airplane,airplane,1.0
589,airplane,airplane,1.0
590,airplane,airplane,0.99999976
591,airplane,airplane,1.0
592,airplane,airplane,0.98655987
593,airplane,airplane,0.99999833
594,airplane,airplane,0.99999964
595,airplane,airplane,0.99999726
596,airplane,airplane,0.9999999
597,airplane,airplane,0.9999994
598,airplane,airplane,0.99999976
599,airplane,airplane,0.6914541
600,airplane,airplane,0.99999976
601,airplane,airplane,0.9996182
602,airplane,airplane,0.9999993
603,airplane,airplane,0.9999354
604,airplane,airplane,0.9999882
605,airplane,airplane,0.99999833
606,airplane,airplane,0.99999833
607,airplane,airplane,0.9963877
608,airplane,airplane,1.0
609,airplane,airplane,0.98999655
610,airplane,airplane,0.98950046
611,airplane,airplane,0.9999932
612,airplane,airplane,0.9999962
613,airplane,airplane,0.9991462
614,airplane,airplane,1.0
615,airplane,airplane,1.0
616,airplane,airplane,0.9999584
617,airplane,airplane,0.99999905
618,airplane,airplane,0.9999676
619,airplane,airplane,0.9999974
620,airplane,airplane,0.9999999
621,airplane,airplane,0.9999987
622,airplane,airplane,0.9999876
623,airplane,airplane,0.9999999
624,airplane,airplane,0.9999988
625,airplane,airplane,1.0
626,airplane,airplane,0.99999976
627,airplane,airplane,0.99985874
628,airplane,airplane,0.99999964
629,airplane,airplane,0.9993524
630,airplane,airplane,1.0
631,airplane,airplane,0.99996626
632,airplane,airplane,1.0
633,airplane,airplane,0.9992518
634,airplane,airplane,0.99999976
635,airplane,airplane,0.99975175
636,airplane,airplane,0.999995
637,airplane,airplane,0.9999999
638,airplane,airplane,1.0
639,airplane,airplane,0.99979454
640,airplane,airplane,0.99999964
641,airplane,airplane,1.0
642,airplane,airplane,1.0
643,airplane,airplane,1.0
644,airplane,airplane,0.9999999
645,airplane,airplane,0.999962
646,airplane,airplane,0.99910873
647,airplane,airplane,0.99999976
648,airplane,airplane,0.99978334
649,airplane,airplane,1.0
650,airplane,airplane,0.99276674
651,airplane,airplane,0.9999931
652,airplane,airplane,0.998781
653,airplane,airplane,0.96180904
654,airplane,airplane,0.99999917
655,airplane,ship,0.9021219
656,airplane,airplane,0.9998678
657,airplane,airplane,1.0
658,airplane,airplane,0.9999999
659,airplane,airplane,1.0
660,airplane,airplane,1.0
661,airplane,airplane,0.9999944
662,airplane,airplane,0.99999976
663,airplane,airplane,0.9999877
664,airplane,airplane,0.9997305
665,airplane,airplane,1.0
666,airplane,airplane,1.0
667,airplane,airplane,0.999997
668,airplane,airplane,0.9999999
669,airplane,airplane,1.0
670,airplane,airplane,0.99999964
671,airplane,airplane,0.9993704
672,airplane,airplane,1.0
673,airplane,airplane,1.0
674,airplane,airplane,0.9995828
675,airplane,airplane,0.99994147
676,airplane,airplane,0.9998838
677,airplane,frog,0.95185095
678,airplane,airplane,1.0
679,airplane,airplane,0.9992267
680,airplane,airplane,1.0
681,airplane,airplane,0.99999845
682,airplane,airplane,0.999915
683,airplane,airplane,0.99597037
684,airplane,airplane,0.9999968
685,airplane,airplane,0.9999989
686,airplane,airplane,0.99997497
687,airplane,airplane,0.997799
688,airplane,airplane,0.98057723
689,airplane,airplane,0.9900624
690,airplane,airplane,1.0
691,airplane,airplane,0.9126966
692,airplane,airplane,0.92892385
693,airplane,airplane,0.99999034
694,airplane,airplane,1.0
695,airplane,airplane,0.99999976
696,airplane,airplane,0.9989992
697,airplane,airplane,1.0
698,airplane,airplane,0.9999336
699,airplane,airplane,0.99799526
700,airplane,bird,0.9409992
701,airplane,airplane,0.7610909
702,airplane,airplane,0.8368122
703,airplane,airplane,1.0
704,airplane,airplane,0.9999956
705,airplane,airplane,1.0
706,airplane,airplane,0.99999034
707,airplane,airplane,0.9999976
708,airplane,airplane,0.99999845
709,airplane,airplane,1.0
710,airplane,airplane,0.99992585
711,airplane,airplane,1.0
712,airplane,airplane,0.9999572
713,airplane,airplane,0.99999976
714,airplane,airplane,0.99992657
715,airplane,airplane,1.0
716,airplane,airplane,0.98420584
717,airplane,airplane,1.0
718,airplane,airplane,0.9999963
719,airplane,airplane,0.9999784
720,airplane,airplane,1.0
721,airplane,airplane,0.9999999
722,airplane,airplane,0.99999976
723,airplane,airplane,0.95022285
724,airplane,airplane,0.9999974
725,airplane,airplane,0.9999572
726,airplane,airplane,0.9999614
727,airplane,airplane,0.9972364
728,airplane,airplane,0.9999728
729,airplane,airplane,0.99993896
730,airplane,bird,0.53994966
731,airplane,airplane,0.9999714
732,airplane,airplane,0.99999964
733,airplane,airplane,0.9999738
734,airplane,airplane,0.99999976
735,airplane,airplane,0.99998164
736,airplane,airplane,1.0
737,airplane,airplane,0.9999713
738,airplane,airplane,1.0
739,airplane,airplane,0.99999857
740,airplane,airplane,0.9999491
741,airplane,airplane,1.0
742,airplane,airplane,1.0
743,airplane,airplane,0.99898595
744,airplane,airplane,1.0
745,airplane,airplane,0.99999905
746,airplane,airplane,1.0
747,airplane,airplane,0.9092238
748,airplane,airplane,0.9997986
749,airplane,airplane,0.999711
750,airplane,airplane,0.9998882
751,airplane,airplane,1.0
752,airplane,airplane,0.9999989
753,airplane,airplane,1.0
754,airplane,airplane,0.9999995
755,airplane,airplane,1.0
756,airplane,airplane,1.0
757,airplane,airplane,0.98909134
758,airplane,airplane,0.9723069
759,airplane,airplane,0.9999975
760,airplane,airplane,0.99999964
761,airplane,airplane,0.9999994
762,airplane,airplane,0.88506657
763,airplane,airplane,1.0
764,airplane,airplane,1.0
765,airplane,airplane,0.9999895
766,airplane,airplane,1.0
767,airplane,airplane,0.99999774
768,airplane,airplane,0.99999964
769,airplane,airplane,0.9999999
770,airplane,airplane,1.0
771,airplane,airplane,1.0
772,airplane,airplane,0.99999964
773,airplane,airplane,0.9999999
774,airplane,airplane,0.9999989
775,airplane,airplane,0.99999666
776,airplane,airplane,0.99933845
777,airplane,airplane,0.9999926
778,airplane,airplane,0.9999337
779,airplane,airplane,0.99968636
780,airplane,airplane,0.99076426
781,airplane,airplane,0.99999964
782,airplane,airplane,0.99999523
783,airplane,airplane,1.0
784,airplane,ship,0.76198596
785,airplane,deer,0.49692166
786,airplane,airplane,1.0
787,airplane,airplane,1.0
788,airplane,airplane,1.0
789,airplane,airplane,0.99999785
790,airplane,airplane,1.0
791,airplane,airplane,0.9999614
792,airplane,airplane,0.9997447
793,airplane,airplane,0.9999943
794,airplane,airplane,0.99732924
795,airplane,airplane,0.99999964
796,airplane,airplane,0.9688552
797,airplane,airplane,1.0
798,airplane,airplane,1.0
799,airplane,airplane,0.9999962
800,airplane,airplane,0.99999726
801,airplane,airplane,0.9937356
802,airplane,airplane,0.9999217
803,airplane,airplane,1.0
804,airplane,airplane,0.99683726
805,airplane,airplane,0.99951947
806,airplane,airplane,0.9999999
807,airplane,airplane,0.9999926
808,airplane,airplane,0.99999976
809,airplane,airplane,1.0
810,airplane,airplane,1.0
811,airplane,airplane,1.0
812,airplane,airplane,0.99996924
813,airplane,airplane,0.99801815
814,airplane,airplane,0.6877249
815,airplane,airplane,1.0
816,airplane,airplane,1.0
817,airplane,airplane,0.999858
818,airplane,airplane,0.99999845
819,airplane,airplane,0.99999857
820,airplane,airplane,0.9999988
821,airplane,airplane,0.9999819
822,airplane,airplane,1.0
823,airplane,airplane,0.9999993
824,airplane,airplane,0.9999269
825,airplane,airplane,1.0
826,airplane,airplane,1.0
827,airplane,airplane,0.9998227
828,airplane,airplane,1.0
829,airplane,airplane,0.94662666
830,airplane,airplane,1.0
831,airplane,airplane,1.0
832,airplane,airplane,0.99998903
833,airplane,airplane,1.0
834,airplane,airplane,0.9999958
835,airplane,airplane,0.9863305
836,airplane,airplane,1.0
837,airplane,airplane,0.9999925
838,airplane,airplane,0.9999887
839,airplane,airplane,1.0
840,airplane,airplane,0.99999976
841,airplane,airplane,0.98738503
842,airplane,airplane,0.99997544
843,airplane,airplane,0.99953973
844,airplane,airplane,0.99992704
845,airplane,airplane,0.99981385
846,airplane,airplane,0.99999964
847,airplane,airplane,0.9976674
848,airplane,airplane,0.9999999
849,airplane,airplane,1.0
850,airplane,airplane,1.0
851,airplane,airplane,0.99888724
852,airplane,airplane,0.99999535
853,airplane,airplane,0.99926203
854,airplane,airplane,1.0
855,airplane,airplane,1.0
856,airplane,airplane,0.9999995
857,airplane,airplane,0.9999862
858,airplane,airplane,0.9999864
859,airplane,airplane,0.9996716
860,airplane,ship,0.8724915
861,airplane,airplane,0.9996649
862,airplane,airplane,0.99999976
863,airplane,airplane,0.99997187
864,airplane,airplane,0.99999154
865,airplane,airplane,0.9998011
866,airplane,airplane,0.9999981
867,airplane,airplane,1.0
868,airplane,airplane,1.0
869,airplane,automobile,0.7152844
870,airplane,airplane,0.9999982
871,airplane,airplane,1.0
872,airplane,airplane,0.9999999
873,airplane,airplane,0.99997854
874,airplane,airplane,0.9991203
875,airplane,airplane,1.0
876,airplane,airplane,1.0
877,airplane,airplane,0.99873453
878,airplane,airplane,1.0
879,airplane,airplane,0.99999523
880,airplane,airplane,0.99999654
881,airplane,airplane,1.0
882,airplane,airplane,0.9999994
883,airplane,airplane,0.89991057
884,airplane,airplane,1.0
885,airplane,cat,0.5515586
886,airplane,airplane,0.9310756
887,airplane,airplane,1.0
888,airplane,airplane,1.0
889,airplane,airplane,0.9999999
890,airplane,airplane,0.9990275
891,airplane,airplane,0.9998661
892,airplane,airplane,0.9749351
893,airplane,airplane,0.999998
894,airplane,airplane,0.99999976
895,airplane,airplane,1.0
896,airplane,airplane,0.99999917
897,airplane,airplane,0.9999895
898,airplane,airplane,1.0
899,airplane,airplane,1.0
900,airplane,airplane,1.0
901,airplane,airplane,0.9999958
902,airplane,airplane,0.99999857
903,airplane,airplane,0.9997615
904,airplane,airplane,1.0
905,airplane,airplane,0.9999428
906,airplane,airplane,1.0
907,airplane,airplane,1.0
908,airplane,airplane,1.0
909,airplane,airplane,0.9999999
910,airplane,airplane,0.99963164
911,airplane,airplane,1.0
912,airplane,airplane,0.9999356
913,airplane,airplane,1.0
914,airplane,airplane,0.99998367
915,airplane,airplane,0.99999785
916,airplane,airplane,0.9999782
917,airplane,airplane,0.9999982
918,airplane,airplane,0.9999825
919,airplane,airplane,1.0
920,airplane,airplane,0.98827726
921,airplane,airplane,1.0
922,airplane,airplane,0.9999924
923,airplane,airplane,0.9999808
924,airplane,airplane,0.9999956
925,airplane,airplane,0.99999774
926,airplane,airplane,0.9999999
927,airplane,airplane,0.99978036
928,airplane,airplane,1.0
929,airplane,airplane,1.0
930,airplane,airplane,0.9961423
931,airplane,airplane,0.9963652
932,airplane,airplane,1.0
933,airplane,airplane,1.0
934,airplane,airplane,0.99999404
935,airplane,airplane,1.0
936,airplane,airplane,0.9987815
937,airplane,horse,0.82671064
938,airplane,airplane,0.99999666
939,airplane,airplane,0.9915827
940,airplane,airplane,0.9999999
941,airplane,airplane,0.99431205
942,airplane,airplane,0.9997969
943,airplane,airplane,0.9999833
944,airplane,ship,0.9141099
945,airplane,airplane,1.0
946,airplane,airplane,0.99999976
947,airplane,airplane,1.0
948,airplane,airplane,0.997138
949,airplane,airplane,1.0
950,airplane,airplane,1.0
951,airplane,airplane,0.99999976
952,airplane,airplane,0.9999752
953,airplane,airplane,1.0
954,airplane,airplane,0.9978617
955,airplane,airplane,0.9999926
956,airplane,airplane,0.9988984
957,airplane,airplane,0.9992562
958,airplane,airplane,0.9949669
959,airplane,airplane,0.99999714
960,airplane,airplane,0.99982315
961,airplane,airplane,0.99999857
962,airplane,airplane,0.99997663
963,airplane,airplane,1.0
964,airplane,airplane,0.9997373
965,airplane,airplane,0.99997795
966,airplane,airplane,0.9999957
967,airplane,airplane,0.9999999
968,airplane,airplane,1.0
969,airplane,airplane,0.99999905
970,airplane,airplane,0.9996842
971,airplane,airplane,1.0
972,airplane,airplane,0.99999285
973,airplane,airplane,0.9998722
974,airplane,airplane,0.99999475
975,airplane,airplane,1.0
976,airplane,airplane,1.0
977,airplane,airplane,0.9999994
978,airplane,airplane,0.99938023
979,airplane,airplane,1.0
980,airplane,automobile,0.5128613
981,airplane,airplane,0.99999976
982,airplane,airplane,0.99790466
983,airplane,airplane,0.9999994
984,airplane,airplane,0.99999976
985,airplane,airplane,1.0
986,airplane,airplane,1.0
987,airplane,airplane,1.0
988,airplane,airplane,0.9998888
989,airplane,airplane,1.0
990,airplane,airplane,0.9997826
991,airplane,airplane,0.9999999
992,airplane,airplane,0.99998057
993,airplane,airplane,0.9999999
994,airplane,airplane,0.9995191
995,airplane,airplane,0.9999844
996,airplane,airplane,1.0
997,airplane,airplane,0.99999297
998,airplane,airplane,0.9999957
999,airplane,airplane,0.9999926
1000,automobile,automobile,0.9965837
1001,automobile,automobile,0.99766624
1002,automobile,truck,0.9996567
1003,automobile,automobile,0.9999924
1004,automobile,automobile,0.998669
1005,automobile,automobile,1.0
1006,automobile,automobile,1.0
1007,automobile,automobile,1.0
1008,automobile,automobile,0.9999962
1009,automobile,automobile,0.99999976
1010,automobile,automobile,1.0
1011,automobile,automobile,0.99999714
1012,automobile,automobile,0.99999774
1013,automobile,automobile,0.99999464
1014,automobile,automobile,0.9914014
1015,automobile,automobile,1.0
1016,automobile,automobile,0.9999999
1017,automobile,automobile,1.0
1018,automobile,automobile,0.99999976
1019,automobile,automobile,0.9999999
1020,automobile,automobile,0.9998287
1021,automobile,automobile,1.0
1022,automobile,automobile,0.9999993
1023,automobile,automobile,1.0
1024,automobile,automobile,0.7831651
1025,automobile,truck,0.5727035
1026,automobile,automobile,0.9999236
1027,automobile,automobile,0.99999714
1028,automobile,automobile,0.99999964
1029,automobile,automobile,0.9999919
1030,automobile,automobile,0.9999924
1031,automobile,automobile,0.99999976
1032,automobile,automobile,1.0
1033,automobile,automobile,0.99998975
1034,automobile,automobile,0.9999999
1035,automobile,automobile,0.99988914
1036,automobile,automobile,1.0
1037,automobile,automobile,0.99999774
1038,automobile,automobile,1.0
1039,automobile,automobile,0.9999999
1040,automobile,automobile,1.0
1041,automobile,automobile,0.9999995
1042,automobile,automobile,0.99997437
1043,automobile,automobile,1.0
1044,automobile,automobile,0.9999877
1045,automobile,automobile,1.0
1046,automobile,automobile,1.0
1047,automobile,automobile,1.0
1048,automobile,automobile,1.0
1049,automobile,automobile,0.99999976
1050,automobile,automobile,0.99962735
1051,automobile,automobile,1.0
1052,automobile,automobile,0.92478496
1053,automobile,automobile,0.9999987
1054,automobile,automobile,0.99998534
1055,automobile,automobile,0.99809426
1056,automobile,automobile,1.0
1057,automobile,automobile,0.99999714
1058,automobile,automobile,0.9999999
1059,automobile,automobile,0.99995995
1060,automobile,automobile,1.0
1061,automobile,automobile,1.0
1062,automobile,automobile,1.0
1063,automobile,automobile,0.9947242
1064,automobile,automobile,1.0
1065,automobile,automobile,0.98858225
1066,automobile,automobile,1.0
1067,automobile,automobile,1.0
1068,automobile,automobile,0.8630965
1069,automobile,automobile,0.9999938
1070,automobile,automobile,0.9999994
1071,automobile,automobile,0.9999976
1072,automobile,automobile,1.0
1073,automobile,automobile,0.99531037
1074,automobile,automobile,0.9999999
1075,automobile,automobile,0.9987588
1076,automobile,automobile,1.0
1077,automobile,automobile,1.0
1078,automobile,automobile,0.9995003
1079,automobile,automobile,1.0
1080,automobile,automobile,0.9995371
1081,automobile,automobile,0.9999894
1082,automobile,automobile,0.9999938
1083,automobile,automobile,1.0
1084,automobile,automobile,0.9999615
1085,automobile,automobile,0.9999927
1086,automobile,automobile,1.0
1087,automobile,automobile,1.0
1088,automobile,automobile,0.9184803
1089,automobile,automobile,0.9999813
1090,automobile,automobile,0.9999995
1091,automobile,automobile,1.0
1092,automobile,automobile,0.96909106
1093,automobile,automobile,0.99834716
1094,automobile,automobile,0.9999813
1095,automobile,automobile,0.99999976
1096,automobile,automobile,1.0
1097,automobile,automobile,1.0
1098,automobile,automobile,0.99996865
1099,automobile,automobile,0.9999993
1100,automobile,automobile,0.9999975
1101,automobile,automobile,0.99503666
1102,automobile,automobile,0.99979204
1103,automobile,automobile,1.0
1104,automobile,automobile,1.0
1105,automobile,automobile,0.9999999
1106,automobile,automobile,0.99999976
1107,automobile,automobile,1.0
1108,automobile,automobile,1.0
1109,automobile,automobile,1.0
1110,automobile,automobile,0.99999917
1111,automobile,automobile,1.0
1112,automobile,automobile,0.99999833
1113,automobile,automobile,0.9999577
1114,automobile,automobile,0.9999975
1115,automobile,automobile,0.9999999
1116,automobile,automobile,0.9999999
1117,automobile,automobile,1.0
1118,automobile,automobile,0.99998987
1119,automobile,automobile,1.0
1120,automobile,automobile,0.9999989
1121,automobile,automobile,0.9999926
1122,automobile,automobile,0.9996426
1123,automobile,automobile,1.0
1124,automobile,automobile,1.0
1125,automobile,automobile,0.99924505
1126,automobile,automobile,1.0
1127,automobile,automobile,0.9999709
1128,automobile,automobile,1.0
1129,automobile,automobile,1.0
1130,automobile,automobile,0.9999999
1131,automobile,automobile,1.0
1132,automobile,automobile,1.0
1133,automobile,automobile,0.99999666
1134,automobile,automobile,0.9999988
1135,automobile,automobile,0.9999993
1136,automobile,automobile,1.0
1137,automobile,automobile,0.9998307
1138,automobile,automobile,0.9999926
1139,automobile,automobile,1.0
1140,automobile,automobile,0.9999995
1141,automobile,automobile,0.9999999
1142,automobile,automobile,1.0
1143,automobile,automobile,0.99991715
1144,automobile,automobile,0.9999999
1145,automobile,automobile,0.9999999
1146,automobile,automobile,1.0
1147,automobile,automobile,0.99996436
1148,automobile,ship,0.719381
1149,automobile,automobile,0.9999989
1150,automobile,automobile,0.9344933
1151,automobile,automobile,0.99999976
1152,automobile,automobile,1.0
1153,automobile,automobile,1.0
1154,automobile,automobile,1.0
1155,automobile,automobile,1.0
1156,automobile,automobile,1.0
1157,automobile,automobile,0.9999845
1158,automobile,automobile,0.9992874
1159,automobile,automobile,1.0
1160,automobile,automobile,0.9999995
1161,automobile,automobile,0.9999622
1162,automobile,automobile,0.9999994
1163,automobile,automobile,1.0
1164,automobile,automobile,1.0
1165,automobile,automobile,1.0
1166,automobile,automobile,0.9999999
1167,automobile,automobile,0.9999999
1168,automobile,automobile,1.0
1169,automobile,ship,0.994873
1170,automobile,automobile,1.0
1171,automobile,automobile,0.9999989
1172,automobile,automobile,1.0
1173,automobile,automobile,0.9999999
1174,automobile,automobile,1.0
1175,automobile,automobile,0.9999987
1176,automobile,automobile,0.99999285
1177,automobile,automobile,1.0
1178,automobile,automobile,0.9999918
1179,automobile,automobile,0.99999976
1180,automobile,automobile,0.9999889
1181,automobile,automobile,1.0
1182,automobile,automobile,0.9999832
1183,automobile,automobile,0.99998
1184,automobile,automobile,0.9999987
1185,automobile,automobile,0.9999999
1186,automobile,automobile,0.99973553
1187,automobile,automobile,1.0
1188,automobile,automobile,1.0
1189,automobile,automobile,1.0
1190,automobile,automobile,1.0
1191,automobile,automobile,0.9999999
1192,automobile,automobile,1.0
1193,automobile,automobile,0.99999964
1194,automobile,automobile,0.9791158
1195,automobile,truck,0.9012714
1196,automobile,automobile,0.9999999
1197,automobile,automobile,1.0
1198,automobile,automobile,1.0
1199,automobile,automobile,0.9999814
1200,automobile,automobile,0.99997294
1201,automobile,automobile,0.9999999
1202,automobile,automobile,0.9999999
1203,automobile,automobile,0.99999976
1204,automobile,automobile,0.9999895
1205,automobile,automobile,0.999938
1206,automobile,automobile,1.0
1207,automobile,automobile,1.0
1208,automobile,automobile,0.99994624
1209,automobile,automobile,0.9998683
1210,automobile,automobile,0.99999666
1211,automobile,automobile,0.99998784
1212,automobile,automobile,0.99999976
1213,automobile,automobile,0.9999789
1214,automobile,automobile,1.0
1215,automobile,automobile,0.9971603
1216,automobile,automobile,1.0
1217,automobile,automobile,0.99998486
1218,automobile,automobile,1.0
1219,automobile,automobile,0.9999894
1220,automobile,automobile,1.0
1221,automobile,automobile,0.9999987
1222,automobile,automobile,1.0
1223,automobile,automobile,0.9988294
1224,automobile,automobile,1.0
1225,automobile,automobile,0.99998045
1226,automobile,automobile,0.9999999
1227,automobile,automobile,1.0
1228,automobile,automobile,0.999998
1229,automobile,automobile,0.96550614
1230,automobile,automobile,0.9999989
1231,automobile,automobile,1.0
1232,automobile,automobile,0.9999869
1233,automobile,automobile,1.0
1234,automobile,automobile,0.9999964
1235,automobile,automobile,0.99993396
1236,automobile,automobile,0.99999785
1237,automobile,automobile,0.99999917
1238,automobile,automobile,1.0
1239,automobile,automobile,0.99999475
1240,automobile,automobile,1.0
1241,automobile,automobile,0.99997926
1242,automobile,automobile,1.0
1243,automobile,automobile,0.99999166
1244,automobile,automobile,0.99999964
1245,automobile,automobile,1.0
1246,automobile,automobile,0.9999603
1247,automobile,automobile,1.0
1248,automobile,automobile,1.0
1249,automobile,automobile,1.0
1250,automobile,automobile,1.0
1251,automobile,automobile,0.9999956
1252,automobile,automobile,0.78396547
1253,automobile,automobile,1.0
1254,automobile,automobile,1.0
1255,automobile,automobile,1.0
1256,automobile,automobile,0.9999869
1257,automobile,automobile,0.9998374
1258,automobile,automobile,1.0
1259,automobile,automobile,0.9997297
1260,automobile,automobile,0.99999976
1261,automobile,automobile,0.9999999
1262,automobile,automobile,1.0
1263,automobile,automobile,0.9999999
1264,automobile,automobile,0.9999994
1265,automobile,automobile,1.0
1266,automobile,automobile,0.9999999
1267,automobile,automobile,0.9999881
1268,automobile,automobile,0.9999944
1269,automobile,automobile,0.99980384
1270,automobile,automobile,0.99999595
1271,automobile,automobile,1.0
1272,automobile,automobile,0.99986255
1273,automobile,automobile,0.9999862
1274,automobile,automobile,0.99999976
1275,automobile,automobile,0.9999559
1276,automobile,automobile,1.0
1277,automobile,automobile,1.0
1278,automobile,automobile,1.0
1279,automobile,automobile,1.0
1280,automobile,automobile,0.9999988
1281,automobile,automobile,1.0
1282,automobile,automobile,0.9999882
1283,automobile,automobile,1.0
1284,automobile,automobile,0.9999987
1285,automobile,automobile,1.0
1286,automobile,automobile,0.99880385
1287,automobile,automobile,1.0
1288,automobile,automobile,0.9999989
1289,automobile,automobile,0.9999999
1290,automobile,automobile,1.0
1291,automobile,automobile,1.0
1292,automobile,automobile,0.9999989
1293,automobile,automobile,0.9999999
1294,automobile,automobile,0.9999999
1295,automobile,automobile,0.9999999
1296,automobile,automobile,1.0
1297,automobile,automobile,0.9999994
1298,automobile,automobile,0.9999999
1299,automobile,automobile,1.0
1300,automobile,automobile,0.9999951
1301,automobile,automobile,0.998857
1302,automobile,automobile,0.9999975
1303,automobile,automobile,0.9999999
1304,automobile,automobile,0.99988544
1305,automobile,automobile,1.0
1306,automobile,truck,0.8973357
1307,automobile,automobile,1.0
1308,automobile,automobile,0.9999999
1309,automobile,automobile,0.9999542
1310,automobile,automobile,0.9994499
1311,automobile,automobile,0.9999995
1312,automobile,automobile,1.0
1313,automobile,automobile,0.99994874
1314,automobile,automobile,0.9986778
1315,automobile,automobile,0.99999905
1316,automobile,automobile,1.0
1317,automobile,automobile,0.9999999
1318,automobile,automobile,1.0
1319,automobile,automobile,0.99999976
1320,automobile,automobile,1.0
1321,automobile,automobile,0.99999964
1322,automobile,automobile,1.0
1323,automobile,automobile,1.0
1324,automobile,automobile,0.9999819
1325,automobile,automobile,1.0
1326,automobile,automobile,0.9999887
1327,automobile,automobile,1.0
1328,automobile,automobile,0.9999999
1329,automobile,automobile,1.0
1330,automobile,automobile,0.9999999
1331,automobile,automobile,0.9999968
1332,automobile,automobile,1.0
1333,automobile,automobile,0.9999999
1334,automobile,automobile,0.99999654
1335,automobile,automobile,0.99999475
1336,automobile,automobile,0.99999166
1337,automobile,automobile,1.0
1338,automobile,automobile,0.99999845
1339,automobile,automobile,0.9999999
1340,automobile,automobile,0.9999994
1341,automobile,automobile,0.99992526
1342,automobile,automobile,0.99911696
1343,automobile,automobile,0.9999962
1344,automobile,truck,0.9992835
1345,automobile,automobile,1.0
1346,automobile,automobile,1.0
1347,automobile,automobile,1.0
1348,automobile,automobile,0.999678
1349,automobile,automobile,0.9999987
1350,automobile,automobile,1.0
1351,automobile,automobile,0.9999937
1352,automobile,automobile,0.97016454
1353,automobile,automobile,1.0
1354,automobile,automobile,0.93697745
1355,automobile,automobile,0.9998903
1356,automobile,automobile,0.99999714
1357,automobile,automobile,1.0
1358,automobile,automobile,0.9999999
1359,automobile,automobile,1.0
1360,automobile,automobile,0.99999917
1361,automobile,automobile,0.9999994
1362,automobile,automobile,0.9999968
1363,automobile,automobile,1.0
1364,automobile,automobile,0.9999975
1365,automobile,automobile,1.0
1366,automobile,automobile,0.7672607
1367,automobile,automobile,0.9999995
1368,automobile,automobile,0.9999944
1369,automobile,automobile,0.9999311
1370,automobile,automobile,1.0
1371,automobile,automobile,1.0
1372,automobile,automobile,1.0
1373,automobile,automobile,0.9786726
1374,automobile,automobile,1.0
1375,automobile,automobile,0.9999999
1376,automobile,automobile,1.0
1377,automobile,automobile,0.9999988
1378,automobile,automobile,0.99999416
1379,automobile,automobile,0.99958855
1380,automobile,automobile,0.9999993
1381,automobile,automobile,0.99999964
1382,automobile,automobile,0.9999964
1383,automobile,automobile,0.99999976
1384,automobile,automobile,0.999998
1385,automobile,automobile,0.9999999
1386,automobile,automobile,0.9999894
1387,automobile,automobile,1.0
1388,automobile,automobile,0.9999969
1389,automobile,automobile,0.9999995
1390,automobile,automobile,1.0
1391,automobile,automobile,0.99997795
1392,automobile,automobile,0.83921015
1393,automobile,automobile,1.0
1394,automobile,automobile,0.99996316
1395,automobile,automobile,0.99997807
1396,automobile,automobile,0.9837997
1397,automobile,automobile,0.99998903
1398,automobile,automobile,1.0
1399,automobile,automobile,0.9999999
1400,automobile,automobile,0.9999999
1401,automobile,automobile,1.0
1402,automobile,automobile,1.0
1403,automobile,automobile,0.99999464
1404,automobile,automobile,0.9939851
1405,automobile,automobile,0.9997749
1406,automobile,automobile,0.9999999
1407,automobile,automobile,0.99999046
1408,automobile,automobile,0.99944824
1409,automobile,automobile,1.0
1410,automobile,automobile,1.0
1411,automobile,automobile,0.9999999
1412,automobile,automobile,1.0
1413,automobile,automobile,1.0
1414,automobile,automobile,0.9999753
1415,automobile,automobile,1.0
1416,automobile,automobile,0.9999975
1417,automobile,automobile,1.0
1418,automobile,automobile,0.99999917
1419,automobile,automobile,0.9998487
1420,automobile,automobile,0.99999917
1421,automobile,automobile,1.0
1422,automobile,automobile,0.99986446
1423,automobile,automobile,0.9999999
1424,automobile,automobile,1.0
1425,automobile,automobile,1.0
1426,automobile,automobile,0.9999999
1427,automobile,automobile,0.9995234
1428,automobile,automobile,1.0
1429,automobile,automobile,0.9999863
1430,automobile,automobile,0.9999999
1431,automobile,automobile,1.0
1432,automobile,automobile,1.0
1433,automobile,automobile,0.99992394
1434,automobile,automobile,1.0
1435,automobile,automobile,0.9999995
1436,automobile,automobile,1.0
1437,automobile,automobile,1.0
1438,automobile,automobile,0.9999999
1439,automobile,automobile,0.99998534
1440,automobile,automobile,0.99999845
1441,automobile,automobile,0.99999547
1442,automobile,automobile,0.9999969
1443,automobile,automobile,1.0
1444,automobile,automobile,0.99999905
1445,automobile,automobile,0.9999951
1446,automobile,automobile,1.0
1447,automobile,automobile,0.99999654
1448,automobile,automobile,1.0
1449,automobile,automobile,0.99997056
1450,automobile,automobile,1.0
1451,automobile,automobile,1.0
1452,automobile,automobile,1.0
1453,automobile,automobile,1.0
1454,automobile,automobile,0.99992216
1455,automobile,automobile,1.0
1456,automobile,automobile,0.9999981
1457,automobile,automobile,1.0
1458,automobile,automobile,1.0
1459,automobile,automobile,1.0
1460,automobile,automobile,0.9999987
1461,automobile,automobile,1.0
1462,automobile,automobile,1.0
1463,automobile,automobile,0.9999987
1464,automobile,automobile,1.0
1465,automobile,automobile,1.0
1466,automobile,automobile,0.96740013
1467,automobile,automobile,1.0
1468,automobile,automobile,0.9999999
1469,automobile,automobile,1.0
1470,automobile,automobile,0.99999976
1471,automobile,automobile,0.99999964
1472,automobile,automobile,1.0
1473,automobile,automobile,1.0
1474,automobile,automobile,0.9999651
1475,automobile,automobile,0.99934644
1476,automobile,automobile,0.99743915
1477,automobile,automobile,1.0
1478,automobile,automobile,0.9999999
1479,automobile,automobile,1.0
1480,automobile,automobile,1.0
1481,automobile,automobile,0.9982685
1482,automobile,automobile,1.0
1483,automobile,automobile,0.9999994
1484,automobile,automobile,0.99999595
1485,automobile,automobile,0.99999976
1486,automobile,automobile,1.0
1487,automobile,automobile,1.0
1488,automobile,automobile,0.9999852
1489,automobile,automobile,0.99996316
1490,automobile,automobile,0.99997294
1491,automobile,automobile,1.0
1492,automobile,automobile,1.0
1493,automobile,automobile,0.9998785
1494,automobile,automobile,0.9925938
1495,automobile,automobile,1.0
1496,automobile,automobile,1.0
1497,automobile,automobile,0.9999833
1498,automobile,automobile,1.0
1499,automobile,automobile,0.9999156
1500,automobile,automobile,1.0
1501,automobile,automobile,0.99999964
1502,automobile,automobile,0.99986815
1503,automobile,automobile,1.0
1504,automobile,automobile,0.9999713
1505,automobile,automobile,1.0
1506,automobile,automobile,1.0
1507,automobile,automobile,0.99999905
1508,automobile,automobile,0.9999999
1509,automobile,automobile,0.9349172
1510,automobile,automobile,0.9999999
1511,automobile,automobile,0.99999976
1512,automobile,automobile,0.99907035
1513,automobile,automobile,0.9999995
1514,automobile,automobile,0.99999976
1515,automobile,automobile,0.9999999
1516,automobile,automobile,1.0
1517,automobile,automobile,0.99999547
1518,automobile,automobile,0.9999794
1519,automobile,automobile,1.0
1520,automobile,automobile,1.0
1521,automobile,automobile,0.999995
1522,automobile,automobile,1.0
1523,automobile,automobile,0.99999845
1524,automobile,automobile,0.9999989
1525,automobile,automobile,1.0
1526,automobile,automobile,0.9969223
1527,automobile,automobile,0.9999802
1528,automobile,automobile,0.9986533
1529,automobile,automobile,1.0
1530,automobile,automobile,1.0
1531,automobile,automobile,0.99998784
1532,automobile,automobile,1.0
1533,automobile,automobile,0.99996734
1534,automobile,automobile,0.99993026
1535,automobile,automobile,0.99963593
1536,automobile,automobile,1.0
1537,automobile,automobile,1.0
1538,automobile,automobile,0.9999913
1539,automobile,automobile,0.99999976
1540,automobile,automobile,0.99999666
1541,automobile,automobile,0.98941576
1542,automobile,automobile,1.0
1543,automobile,automobile,0.9999945
1544,automobile,automobile,0.9993358
1545,automobile,automobile,0.99999964
1546,automobile,automobile,1.0
1547,automobile,automobile,1.0
1548,automobile,automobile,0.999998
1549,automobile,automobile,0.99995255
1550,automobile,automobile,1.0
1551,automobile,automobile,0.99996936
1552,automobile,automobile,0.9999993
1553,automobile,automobile,0.9999999
1554,automobile,automobile,0.9999964
1555,automobile,automobile,1.0
1556,automobile,automobile,0.99996114
1557,automobile,automobile,1.0
1558,automobile,automobile,1.0
1559,automobile,automobile,0.9999063
1560,automobile,automobile,0.99999917
1561,automobile,automobile,0.9994804
1562,automobile,automobile,0.99999297
1563,automobile,automobile,0.9999988
1564,automobile,automobile,0.99995923
1565,automobile,automobile,1.0
1566,automobile,automobile,1.0
1567,automobile,automobile,0.9999964
1568,automobile,automobile,0.9999999
1569,automobile,automobile,0.99768984
1570,automobile,automobile,1.0
1571,automobile,automobile,0.9999728
1572,automobile,automobile,0.9759812
1573,automobile,automobile,0.9999999
1574,automobile,automobile,0.999998
1575,automobile,automobile,0.9999907
1576,automobile,automobile,0.99998856
1577,automobile,automobile,0.99297357
1578,automobile,automobile,0.9999981
1579,automobile,automobile,0.99999774
1580,automobile,automobile,1.0
1581,automobile,automobile,0.9999981
1582,automobile,automobile,0.9999994
1583,automobile,automobile,0.99083835
1584,automobile,automobile,1.0
1585,automobile,automobile,0.99999964
1586,automobile,automobile,0.9998381
1587,automobile,automobile,0.9972692
1588,automobile,automobile,0.9999938
1589,automobile,automobile,1.0
1590,automobile,automobile,1.0
1591,automobile,automobile,1.0
1592,automobile,automobile,0.99999976
1593,automobile,automobile,0.9993623
1594,automobile,automobile,1.0
1595,automobile,automobile,0.9999999
1596,automobile,automobile,0.9999995
1597,automobile,automobile,1.0
1598,automobile,automobile,0.9999999
1599,automobile,automobile,0.99999666
1600,automobile,automobile,0.99999976
1601,automobile,automobile,1.0
1602,automobile,automobile,0.99995005
1603,automobile,automobile,1.0
1604,automobile,automobile,0.9999995
1605,automobile,automobile,0.9999982
1606,automobile,automobile,0.9999999
1607,automobile,automobile,1.0
1608,automobile,automobile,0.99997723
1609,automobile,automobile,1.0
1610,automobile,automobile,1.0
1611,automobile,automobile,0.99999833
1612,automobile,automobile,1.0
1613,automobile,automobile,0.999961
1614,automobile,automobile,1.0
1615,automobile,automobile,1.0
1616,automobile,automobile,0.99975413
1617,automobile,automobile,0.99996924
1618,automobile,automobile,1.0
1619,automobile,automobile,0.99999976
1620,automobile,automobile,0.9999999
1621,automobile,automobile,0.99999654
1622,automobile,automobile,0.99999404
1623,automobile,truck,0.86251324
1624,automobile,automobile,0.9999994
1625,automobile,automobile,0.9999999
1626,automobile,automobile,0.9997702
1627,automobile,automobile,1.0
1628,automobile,automobile,0.9999889
1629,automobile,automobile,0.9999815
1630,automobile,automobile,0.9999999
1631,automobile,automobile,1.0
1632,automobile,automobile,0.99999976
1633,automobile,automobile,0.9999999
1634,automobile,automobile,1.0
1635,automobile,truck,0.9064807
1636,automobile,automobile,0.99997735
1637,automobile,automobile,1.0
1638,automobile,automobile,0.9999999
1639,automobile,automobile,0.99995553
1640,automobile,automobile,0.99999726
1641,automobile,automobile,1.0
1642,automobile,automobile,1.0
1643,automobile,automobile,1.0
1644,automobile,automobile,0.99999905
1645,automobile,automobile,1.0
1646,automobile,automobile,0.9997625
1647,automobile,automobile,0.99996245
1648,automobile,automobile,0.99999964
1649,automobile,automobile,1.0
1650,automobile,automobile,1.0
1651,automobile,automobile,1.0
1652,automobile,automobile,1.0
1653,automobile,automobile,0.9996617
1654,automobile,automobile,0.9999981
1655,automobile,automobile,0.99976987
1656,automobile,automobile,0.9999893
1657,automobile,automobile,1.0
1658,automobile,automobile,0.9999957
1659,automobile,automobile,1.0
1660,automobile,automobile,1.0
1661,automobile,automobile,1.0
1662,automobile,automobile,0.79167134
1663,automobile,automobile,0.99999976
1664,automobile,automobile,0.9999976
1665,automobile,automobile,1.0
1666,automobile,automobile,1.0
1667,automobile,automobile,1.0
1668,automobile,automobile,0.9999876
1669,automobile,automobile,0.99986327
1670,automobile,automobile,1.0
1671,automobile,automobile,1.0
1672,automobile,automobile,1.0
1673,automobile,automobile,0.9999999
1674,automobile,automobile,1.0
1675,automobile,automobile,0.9999988
1676,automobile,automobile,0.9999993
1677,automobile,automobile,0.9999999
1678,automobile,automobile,0.9999999
1679,automobile,automobile,0.99814284
1680,automobile,automobile,1.0
1681,automobile,automobile,1.0
1682,automobile,automobile,1.0
1683,automobile,automobile,0.9999999
1684,automobile,automobile,1.0
1685,automobile,automobile,0.9999975
1686,automobile,automobile,1.0
1687,automobile,automobile,0.99999976
1688,automobile,automobile,0.9999933
1689,automobile,automobile,1.0
1690,automobile,automobile,0.6697778
1691,automobile,automobile,0.9999999
1692,automobile,automobile,1.0
1693,automobile,automobile,0.99998164
1694,automobile,automobile,0.99998415
1695,automobile,automobile,0.9999876
1696,automobile,automobile,1.0
1697,automobile,automobile,1.0
1698,automobile,automobile,0.9999999
1699,automobile,automobile,0.9999473
1700,automobile,automobile,1.0
1701,automobile,automobile,0.999995
1702,automobile,automobile,1.0
1703,automobile,automobile,0.9999994
1704,automobile,automobile,0.9999999
1705,automobile,automobile,0.9999999
1706,automobile,automobile,1.0
1707,automobile,automobile,0.9999999
1708,automobile,automobile,0.9999733
1709,automobile,automobile,0.9999999
1710,automobile,automobile,0.9999939
1711,automobile,automobile,1.0
1712,automobile,automobile,1.0
1713,automobile,automobile,1.0
1714,automobile,automobile,0.77115387
1715,automobile,automobile,0.99999666
1716,automobile,automobile,1.0
1717,automobile,automobile,1.0
1718,automobile,automobile,0.96714383
1719,automobile,automobile,1.0
1720,automobile,automobile,0.999617
1721,automobile,automobile,1.0
1722,automobile,automobile,0.9998042
1723,automobile,automobile,1.0
1724,automobile,truck,0.9435366
1725,automobile,automobile,0.99992275
1726,automobile,automobile,0.99999106
1727,automobile,automobile,1.0
1728,automobile,automobile,0.999984
1729,automobile,automobile,1.0
1730,automobile,automobile,0.99999976
1731,automobile,automobile,0.9999875
1732,automobile,automobile,0.9999994
1733,automobile,automobile,0.9999995
1734,automobile,automobile,0.6376058
1735,automobile,automobile,1.0
1736,automobile,truck,0.7310442
1737,automobile,automobile,1.0
1738,automobile,automobile,1.0
1739,automobile,automobile,1.0
1740,automobile,automobile,1.0
1741,automobile,automobile,1.0
1742,automobile,automobile,0.9999993
1743,automobile,automobile,1.0
1744,automobile,automobile,0.99999976
1745,automobile,automobile,0.9999968
1746,automobile,automobile,0.9999999
1747,automobile,automobile,0.9999994
1748,automobile,automobile,1.0
1749,automobile,automobile,1.0
1750,automobile,automobile,0.9999919
1751,automobile,automobile,0.99995005
1752,automobile,automobile,1.0
1753,automobile,automobile,0.9999788
1754,automobile,automobile,1.0
1755,automobile,automobile,1.0
1756,automobile,automobile,0.99999976
1757,automobile,automobile,0.99822813
1758,automobile,automobile,0.99996233
1759,automobile,automobile,1.0
1760,automobile,automobile,1.0
1761,automobile,automobile,0.9998354
1762,automobile,automobile,0.9999974
1763,automobile,automobile,0.99920493
1764,automobile,automobile,1.0
1765,automobile,automobile,1.0
1766,automobile,automobile,1.0
1767,automobile,automobile,1.0
1768,automobile,automobile,0.99995494
1769,automobile,automobile,0.9999999
1770,automobile,automobile,1.0
1771,automobile,automobile,0.99999964
1772,automobile,automobile,1.0
1773,automobile,automobile,0.9999999
1774,automobile,automobile,0.99999976
1775,automobile,automobile,0.9999999
1776,automobile,automobile,1.0
1777,automobile,automobile,1.0
1778,automobile,automobile,1.0
1779,automobile,truck,0.9806817
1780,automobile,automobile,0.99998784
1781,automobile,automobile,1.0
1782,automobile,automobile,0.9999999
1783,automobile,automobile,0.9999999
1784,automobile,automobile,0.99998593
1785,automobile,automobile,1.0
1786,automobile,automobile,0.73775625
1787,automobile,automobile,1.0
1788,automobile,automobile,1.0
1789,automobile,automobile,0.9999995
1790,automobile,automobile,0.9999999
1791,automobile,automobile,0.9999846
1792,automobile,automobile,0.9999995
1793,automobile,automobile,0.9999937
1794,automobile,automobile,1.0
1795,automobile,automobile,0.9999999
1796,automobile,automobile,1.0
1797,automobile,automobile,0.99999976
1798,automobile,automobile,0.9999999
1799,automobile,automobile,1.0
1800,automobile,automobile,1.0
1801,automobile,automobile,0.99999917
1802,automobile,automobile,0.99999714
1803,automobile,automobile,1.0
1804,automobile,automobile,1.0
1805,automobile,automobile,1.0
1806,automobile,automobile,1.0
1807,automobile,automobile,0.99998593
1808,automobile,automobile,1.0
1809,automobile,automobile,0.9999937
1810,automobile,automobile,0.99985886
1811,automobile,automobile,0.9999999
1812,automobile,automobile,1.0
1813,automobile,automobile,0.95462066
1814,automobile,automobile,0.9999995
1815,automobile,automobile,1.0
1816,automobile,automobile,1.0
1817,automobile,automobile,0.99996376
1818,automobile,automobile,1.0
1819,automobile,automobile,1.0
1820,automobile,automobile,1.0
1821,automobile,automobile,0.9997776
1822,automobile,automobile,0.9999981
1823,automobile,automobile,0.99988425
1824,automobile,automobile,0.99998915
1825,automobile,automobile,0.9999919
1826,automobile,automobile,0.9999949
1827,automobile,automobile,1.0
1828,automobile,automobile,0.5338644
1829,automobile,automobile,0.9999987
1830,automobile,automobile,0.99787474
1831,automobile,automobile,0.9998596
1832,automobile,automobile,0.9999999
1833,automobile,automobile,0.9997787
1834,automobile,automobile,0.9999999
1835,automobile,automobile,0.9999447
1836,automobile,automobile,0.9999691
1837,automobile,automobile,0.9999999
1838,automobile,automobile,0.9999999
1839,automobile,automobile,0.99998796
1840,automobile,automobile,0.9999999
1841,automobile,automobile,1.0
1842,automobile,automobile,0.99998975
1843,automobile,automobile,0.99999976
1844,automobile,automobile,0.9999999
1845,automobile,automobile,0.9891377
1846,automobile,automobile,1.0
1847,automobile,automobile,0.9999995
1848,automobile,automobile,0.9999989
1849,automobile,automobile,0.99999976
1850,automobile,automobile,0.999946
1851,automobile,automobile,1.0
1852,automobile,automobile,1.0
1853,automobile,automobile,1.0
1854,automobile,automobile,1.0
1855,automobile,automobile,0.998454
1856,automobile,automobile,0.9999821
1857,automobile,automobile,1.0
1858,automobile,automobile,1.0
1859,automobile,automobile,0.9999988
1860,automobile,automobile,0.9999912
1861,automobile,automobile,0.8791456
1862,automobile,automobile,0.99999905
1863,automobile,automobile,0.99176544
1864,automobile,automobile,0.9999949
1865,automobile,automobile,0.99999964
1866,automobile,automobile,0.99999976
1867,automobile,automobile,1.0
1868,automobile,automobile,0.99999857
1869,automobile,automobile,1.0
1870,automobile,automobile,0.99989355
1871,automobile,automobile,0.9999869
1872,automobile,automobile,0.9999999
1873,automobile,automobile,0.99999976
1874,automobile,automobile,0.9999999
1875,automobile,automobile,1.0
1876,automobile,automobile,1.0
1877,automobile,automobile,0.9999999
1878,automobile,automobile,1.0
1879,automobile,automobile,1.0
1880,automobile,automobile,0.9999999
1881,automobile,automobile,0.9999999
1882,automobile,automobile,1.0
1883,automobile,automobile,0.9998715
1884,automobile,automobile,0.99999964
1885,automobile,automobile,0.99999917
1886,automobile,automobile,0.99999547
1887,automobile,automobile,1.0
1888,automobile,automobile,0.998577
1889,automobile,automobile,0.9999989
1890,automobile,automobile,0.75202674
1891,automobile,automobile,0.99999976
1892,automobile,automobile,1.0
1893,automobile,automobile,0.99999964
1894,automobile,automobile,0.99591357
1895,automobile,automobile,1.0
1896,automobile,automobile,1.0
1897,automobile,automobile,1.0
1898,automobile,automobile,0.9999999
1899,automobile,automobile,0.9999938
1900,automobile,automobile,1.0
1901,automobile,automobile,1.0
1902,automobile,automobile,0.9999994
1903,automobile,automobile,1.0
1904,automobile,automobile,0.9999999
1905,automobile,automobile,0.99999976
1906,automobile,automobile,0.99999905
1907,automobile,automobile,0.9999869
1908,automobile,automobile,1.0
1909,automobile,automobile,1.0
1910,automobile,automobile,0.9999999
1911,automobile,automobile,1.0
1912,automobile,automobile,1.0
1913,automobile,automobile,0.99997497
1914,automobile,automobile,0.99948174
1915,automobile,automobile,0.9999958
1916,automobile,automobile,0.99980384
1917,automobile,automobile,0.99999964
1918,automobile,automobile,1.0
1919,automobile,automobile,0.9996598
1920,automobile,automobile,0.99999976
1921,automobile,automobile,1.0
1922,automobile,automobile,0.99975234
1923,automobile,truck,0.99987817
1924,automobile,automobile,0.99987423
1925,automobile,automobile,0.9999429
1926,automobile,automobile,0.99999976
1927,automobile,automobile,1.0
1928,automobile,automobile,1.0
1929,automobile,automobile,1.0
1930,automobile,automobile,0.9999957
1931,automobile,automobile,1.0
1932,automobile,automobile,0.99992526
1933,automobile,automobile,0.9829547
1934,automobile,ship,0.9038536
1935,automobile,automobile,1.0
1936,automobile,automobile,1.0
1937,automobile,automobile,1.0
1938,automobile,automobile,0.97558105
1939,automobile,automobile,1.0
1940,automobile,automobile,0.99999976
1941,automobile,automobile,0.99999475
1942,automobile,automobile,1.0
1943,automobile,automobile,0.9998785
1944,automobile,automobile,1.0
1945,automobile,automobile,1.0
1946,automobile,automobile,0.99999523
1947,automobile,automobile,1.0
1948,automobile,automobile,0.9031622
1949,automobile,automobile,0.9556805
1950,automobile,automobile,0.9999018
1951,automobile,automobile,0.9995962
1952,automobile,automobile,1.0
1953,automobile,automobile,1.0
1954,automobile,automobile,1.0
1955,automobile,automobile,1.0
1956,automobile,automobile,0.99998856
1957,automobile,automobile,0.9999827
1958,automobile,automobile,0.99901783
1959,automobile,automobile,1.0
1960,automobile,automobile,0.99906105
1961,automobile,automobile,0.9999999
1962,automobile,automobile,0.9999993
1963,automobile,automobile,1.0
1964,automobile,automobile,0.9999994
1965,automobile,automobile,1.0
1966,automobile,automobile,1.0
1967,automobile,automobile,0.9999994
1968,automobile,automobile,0.9989491
1969,automobile,automobile,1.0
1970,automobile,automobile,0.9999925
1971,automobile,automobile,1.0
1972,automobile,automobile,0.93721074
1973,automobile,automobile,0.99999976
1974,automobile,automobile,1.0
1975,automobile,automobile,0.9997222
1976,automobile,automobile,1.0
1977,automobile,automobile,1.0
1978,automobile,automobile,1.0
1979,automobile,automobile,1.0
1980,automobile,automobile,0.9999995
1981,automobile,automobile,1.0
1982,automobile,automobile,1.0
1983,automobile,automobile,0.9999999
1984,automobile,automobile,0.99887437
1985,automobile,automobile,0.9999962
1986,automobile,automobile,1.0
1987,automobile,automobile,1.0
1988,automobile,automobile,0.9999883
1989,automobile,automobile,0.9997849
1990,automobile,automobile,0.99993134
1991,automobile,automobile,0.9999908
1992,automobile,automobile,1.0
1993,automobile,automobile,1.0
1994,automobile,automobile,1.0
1995,automobile,automobile,0.99999785
1996,automobile,automobile,1.0
1997,automobile,automobile,0.999998
1998,automobile,automobile,0.99999976
1999,automobile,automobile,1.0
2000,bird,bird,0.93706626
2001,bird,bird,0.9898851
2002,bird,bird,1.0
2003,bird,bird,1.0
2004,bird,bird,0.9999995
2005,bird,bird,1.0
2006,bird,bird,0.9999989
2007,bird,bird,0.99334174
2008,bird,bird,0.99999964
2009,bird,bird,0.78573257
2010,bird,bird,1.0
2011,bird,bird,0.99814165
2012,bird,bird,1.0
2013,bird,bird,1.0
2014,bird,frog,0.74428546
2015,bird,bird,0.9999994
2016,bird,bird,0.9330544
2017,bird,bird,0.9996853
2018,bird,bird,1.0
2019,bird,bird,0.99661404
2020,bird,bird,0.99999857
2021,bird,bird,0.9999999
2022,bird,bird,0.99998736
2023,bird,bird,0.99999523
2024,bird,bird,0.99999976
2025,bird,bird,1.0
2026,bird,bird,1.0
2027,bird,bird,1.0
2028,bird,bird,0.9999901
2029,bird,bird,1.0
2030,bird,bird,0.99999976
2031,bird,bird,0.99755496
2032,bird,bird,1.0
2033,bird,bird,1.0
2034,bird,bird,1.0
2035,bird,bird,0.9999999
2036,bird,dog,0.99966705
2037,bird,bird,0.99999654
2038,bird,bird,0.9998846
2039,bird,bird,0.99999976
2040,bird,bird,1.0
2041,bird,bird,0.999731
2042,bird,bird,0.99488163
2043,bird,bird,0.99999905
2044,bird,bird,1.0
2045,bird,bird,0.9999958
2046,bird,bird,1.0
2047,bird,bird,0.9592922
2048,bird,bird,0.9999994
2049,bird,bird,0.99984944
2050,bird,bird,1.0
2051,bird,bird,0.9998425
2052,bird,bird,1.0
2053,bird,bird,1.0
2054,bird,bird,0.9999416
2055,bird,bird,0.9999999
2056,bird,bird,0.9999999
2057,bird,bird,1.0
2058,bird,bird,0.99999976
2059,bird,bird,0.99998486
2060,bird,bird,0.99999857
2061,bird,bird,0.9999993
2062,bird,bird,0.99968195
2063,bird,bird,0.9999896
2064,bird,bird,1.0
2065,bird,bird,0.9999809
2066,bird,bird,0.9999994
2067,bird,bird,0.9999999
2068,bird,bird,1.0
2069,bird,bird,0.95686746
2070,bird,bird,0.9899969
2071,bird,bird,0.99997795
2072,bird,bird,1.0
2073,bird,bird,0.6057843
2074,bird,bird,1.0
2075,bird,bird,1.0
2076,bird,bird,1.0
2077,bird,bird,1.0
2078,bird,bird,0.99388486
2079,bird,dog,0.9164001
2080,bird,bird,0.99995613
2081,bird,bird,1.0
2082,bird,bird,1.0
2083,bird,bird,1.0
2084,bird,bird,1.0
2085,bird,bird,0.9999572
2086,bird,bird,1.0
2087,bird,bird,0.9999982
2088,bird,bird,0.9999999
2089,bird,bird,1.0
2090,bird,bird,1.0
2091,bird,bird,0.9959455
2092,bird,bird,0.99996245
2093,bird,bird,0.9999862
2094,bird,bird,0.9983631
2095,bird,bird,0.99999976
2096,bird,bird,1.0
2097,bird,bird,0.9967168
2098,bird,bird,1.0
2099,bird,bird,0.9999995
2100,bird,bird,0.9999988
2101,bird,bird,0.99999344
2102,bird,bird,0.9999763
2103,bird,bird,0.9999999
2104,bird,bird,0.9821463
2105,bird,bird,1.0
2106,bird,bird,0.48809996
2107,bird,bird,1.0
2108,bird,bird,1.0
2109,bird,bird,1.0
2110,bird,bird,0.9997272
2111,bird,bird,1.0
2112,bird,bird,1.0
2113,bird,bird,1.0
2114,bird,bird,0.61838806
2115,bird,bird,0.9999993
2116,bird,bird,0.99988866
2117,bird,bird,1.0
2118,bird,bird,0.9999974
2119,bird,bird,0.9999988
2120,bird,bird,0.9740253
2121,bird,bird,0.9973748
2122,bird,bird,0.9999999
2123,bird,bird,1.0
2124,bird,bird,0.9987362
2125,bird,bird,1.0
2126,bird,bird,0.9999993
2127,bird,bird,0.9971584
2128,bird,bird,0.294683
2129,bird,deer,0.5381739
2130,bird,bird,0.9999553
2131,bird,bird,1.0
2132,bird,bird,0.9999999
2133,bird,bird,0.9999819
2134,bird,bird,1.0
2135,bird,bird,0.99999225
2136,bird,bird,0.9999907
2137,bird,bird,1.0
2138,bird,bird,0.9995647
2139,bird,bird,0.9937854
2140,bird,bird,0.99998796
2141,bird,bird,0.9996904
2142,bird,bird,0.99189407
2143,bird,bird,0.99999964
2144,bird,airplane,0.57535625
2145,bird,bird,0.8052585
2146,bird,bird,0.9016474
2147,bird,bird,1.0
2148,bird,bird,0.99999917
2149,bird,bird,0.99999917
2150,bird,bird,1.0
2151,bird,bird,1.0
2152,bird,bird,1.0
2153,bird,bird,0.9996294
2154,bird,bird,0.9998822
2155,bird,bird,1.0
2156,bird,bird,0.9996706
2157,bird,bird,0.9919648
2158,bird,bird,0.7682823
2159,bird,bird,0.9998735
2160,bird,bird,0.49254832
2161,bird,bird,0.62297124
2162,bird,bird,0.99999774
2163,bird,bird,1.0
2164,bird,bird,0.70715326
2165,bird,bird,1.0
2166,bird,horse,0.5335479
2167,bird,deer,0.988437
2168,bird,bird,0.9999989
2169,bird,bird,0.999987
2170,bird,bird,1.0
2171,bird,bird,0.9999039
2172,bird,bird,0.999995
2173,bird,bird,0.9997775
2174,bird,bird,0.9999999
2175,bird,bird,0.9999976
2176,bird,bird,0.9999968
2177,bird,bird,1.0
2178,bird,bird,0.9999989
2179,bird,bird,0.99999785
2180,bird,bird,0.99999714
2181,bird,bird,0.99999464
2182,bird,bird,0.9999919
2183,bird,bird,1.0
2184,bird,bird,0.99999917
2185,bird,bird,0.9999999
2186,bird,bird,1.0
2187,bird,bird,0.99999857
2188,bird,bird,0.99999857
2189,bird,bird,0.9999995
2190,bird,bird,1.0
2191,bird,bird,0.99999654
2192,bird,bird,1.0
2193,bird,bird,1.0
2194,bird,bird,1.0
2195,bird,bird,0.9999777
2196,bird,bird,0.9980794
2197,bird,bird,0.92822653
2198,bird,bird,0.99982786
2199,bird,bird,0.8532908
2200,bird,bird,0.9999999
2201,bird,bird,1.0
2202,bird,bird,1.0
2203,bird,bird,0.9349375
2204,bird,bird,1.0
2205,bird,bird,0.9999819
2206,bird,bird,0.9999988
2207,bird,bird,0.9947096
2208,bird,bird,1.0
2209,bird,bird,1.0
2210,bird,bird,0.99981827
2211,bird,bird,1.0
2212,bird,bird,0.99897444
2213,bird,bird,0.999997
2214,bird,bird,0.9999881
2215,bird,bird,1.0
2216,bird,airplane,0.44364157
2217,bird,bird,1.0
2218,bird,bird,0.9999931
2219,bird,bird,1.0
2220,bird,bird,0.9999999
2221,bird,bird,0.99961555
2222,bird,bird,0.9999889
2223,bird,bird,0.9999999
2224,bird,bird,0.9970091
2225,bird,bird,1.0
2226,bird,bird,0.99998474
2227,bird,bird,1.0
2228,bird,bird,0.9999654
2229,bird,bird,0.96005464
2230,bird,bird,0.9985128
2231,bird,bird,1.0
2232,bird,bird,0.99997103
2233,bird,bird,1.0
2234,bird,bird,0.99989843
2235,bird,bird,0.99999976
2236,bird,bird,1.0
2237,bird,bird,0.99998426
2238,bird,bird,0.99996364
2239,bird,bird,1.0
2240,bird,bird,0.99994373
2241,bird,bird,1.0
2242,bird,bird,1.0
2243,bird,bird,0.99975246
2244,bird,bird,0.9999794
2245,bird,bird,0.99985147
2246,bird,bird,0.99999964
2247,bird,bird,0.99993837
2248,bird,bird,0.99993074
2249,bird,bird,0.9999987
2250,bird,bird,0.9999939
2251,bird,bird,1.0
2252,bird,bird,0.67893
2253,bird,bird,0.9722758
2254,bird,bird,0.99930334
2255,bird,bird,0.9999844
2256,bird,bird,0.999198
2257,bird,bird,1.0
2258,bird,bird,1.0
2259,bird,bird,0.9999807
2260,bird,bird,0.99998105
2261,bird,bird,0.99999917
2262,bird,bird,0.9996605
2263,bird,bird,0.99999964
2264,bird,bird,1.0
2265,bird,bird,0.9999995
2266,bird,bird,1.0
2267,bird,bird,1.0
2268,bird,bird,0.9999999
2269,bird,bird,1.0
2270,bird,bird,0.9999082
2271,bird,bird,0.6961605
2272,bird,cat,0.98216784
2273,bird,bird,0.9999999
2274,bird,bird,0.99999714
2275,bird,bird,0.9786269
2276,bird,bird,0.99999213
2277,bird,bird,0.9999515
2278,bird,bird,1.0
2279,bird,bird,0.9426849
2280,bird,bird,0.9999913
2281,bird,bird,0.9999758
2282,bird,bird,1.0
2283,bird,bird,0.9999988
2284,bird,bird,0.99999475
2285,bird,bird,0.9999995
2286,bird,bird,1.0
2287,bird,bird,0.9999982
2288,bird,bird,1.0
2289,bird,bird,0.99999857
2290,bird,bird,0.99999905
2291,bird,bird,1.0
2292,bird,bird,0.99938345
2293,bird,bird,0.9999976
2294,bird,bird,0.999972
2295,bird,bird,0.99999857
2296,bird,bird,0.9999281
2297,bird,bird,0.9989473
2298,bird,bird,0.99965334
2299,bird,bird,0.99998486
2300,bird,bird,1.0
2301,bird,bird,0.9999975
2302,bird,bird,1.0
2303,bird,bird,1.0
2304,bird,bird,1.0
2305,bird,bird,1.0
2306,bird,bird,0.99388134
2307,bird,deer,0.85956573
2308,bird,bird,0.9999981
2309,bird,bird,1.0
2310,bird,bird,0.9998723
2311,bird,bird,0.9999975
2312,bird,bird,0.9999999
2313,bird,bird,1.0
2314,bird,bird,0.9979796
2315,bird,bird,1.0
2316,bird,bird,0.999509
2317,bird,bird,0.7044518
2318,bird,bird,1.0
2319,bird,bird,0.9994791
2320,bird,bird,0.9995896
2321,bird,bird,0.99996936
2322,bird,bird,0.9983595
2323,bird,bird,0.99993217
2324,bird,bird,0.99962044
2325,bird,airplane,0.7977952
2326,bird,bird,0.9995944
2327,bird,bird,0.99999774
2328,bird,bird,0.99999285
2329,bird,bird,0.9999999
2330,bird,bird,0.9999999
2331,bird,bird,0.9999993
2332,bird,bird,1.0
2333,bird,bird,0.9999994
2334,bird,bird,1.0
2335,bird,bird,0.99999857
2336,bird,bird,0.99838555
2337,bird,bird,0.9999865
2338,bird,bird,0.99999976
2339,bird,bird,0.99999666
2340,bird,bird,1.0
2341,bird,bird,0.99990535
2342,bird,bird,0.9997218
2343,bird,bird,1.0
2344,bird,bird,0.9999994
2345,bird,bird,1.0
2346,bird,bird,0.99994016
2347,bird,bird,0.99999976
2348,bird,bird,1.0
2349,bird,bird,0.99999964
2350,bird,bird,1.0
2351,bird,bird,0.9997491
2352,bird,bird,0.99973685
2353,bird,bird,0.99988735
2354,bird,bird,0.8579178
2355,bird,bird,0.99999845
2356,bird,bird,1.0
2357,bird,bird,1.0
2358,bird,bird,1.0
2359,bird,bird,0.9999976
2360,bird,bird,0.9999962
2361,bird,bird,1.0
2362,bird,bird,0.98310065
2363,bird,bird,0.9999999
2364,bird,bird,0.9999914
2365,bird,bird,1.0
2366,bird,deer,0.7599108
2367,bird,bird,0.9999126
2368,bird,bird,0.999998
2369,bird,bird,1.0
2370,bird,bird,0.99999845
2371,bird,bird,0.9999995
2372,bird,bird,1.0
2373,bird,bird,1.0
2374,bird,bird,0.9999994
2375,bird,bird,0.9999999
2376,bird,deer,0.573576
2377,bird,bird,1.0
2378,bird,bird,1.0
2379,bird,bird,0.9999585
2380,bird,bird,0.99999833
2381,bird,bird,0.9996866
2382,bird,bird,1.0
2383,bird,bird,0.9999436
2384,bird,bird,1.0
2385,bird,bird,1.0
2386,bird,bird,1.0
2387,bird,bird,0.9827225
2388,bird,bird,1.0
2389,bird,bird,1.0
2390,bird,bird,0.9999956
2391,bird,bird,1.0
2392,bird,bird,0.9999995
2393,bird,bird,1.0
2394,bird,cat,0.8707335
2395,bird,bird,0.9999999
2396,bird,bird,1.0
2397,bird,bird,1.0
2398,bird,bird,0.9991115
2399,bird,bird,0.99937433
2400,bird,bird,0.9999813
2401,bird,bird,0.9978872
2402,bird,bird,0.9999473
2403,bird,bird,0.9999999
2404,bird,airplane,0.70653355
2405,bird,bird,0.98776114
2406,bird,bird,0.99999666
2407,bird,bird,0.99999917
2408,bird,bird,0.9999974
2409,bird,bird,1.0
2410,bird,bird,0.9999981
2411,bird,bird,0.9999993
2412,bird,bird,0.98377347
2413,bird,bird,0.9999999
2414,bird,bird,0.9999993
2415,bird,bird,1.0
2416,bird,bird,0.99853456
2417,bird,bird,1.0
2418,bird,bird,0.99999976
2419,bird,bird,1.0
2420,bird,bird,1.0
2421,bird,bird,0.99893993
2422,bird,bird,0.9999913
2423,bird,bird,1.0
2424,bird,bird,0.99999845
2425,bird,bird,0.9999999
2426,bird,bird,0.9713255
2427,bird,bird,0.8380366
2428,bird,bird,1.0
2429,bird,bird,1.0
2430,bird,bird,1.0
2431,bird,bird,0.99941254
2432,bird,bird,1.0
2433,bird,bird,0.9845024
2434,bird,bird,1.0
2435,bird,bird,1.0
2436,bird,bird,1.0
2437,bird,bird,0.99998176
2438,bird,bird,0.9999999
2439,bird,bird,0.99999976
2440,bird,bird,1.0
2441,bird,bird,0.9999999
2442,bird,bird,1.0
2443,bird,bird,1.0
2444,bird,bird,0.9999876
2445,bird,bird,0.99998236
2446,bird,bird,0.9999982
2447,bird,bird,1.0
2448,bird,bird,1.0
2449,bird,bird,0.7412342
2450,bird,bird,1.0
2451,bird,bird,0.9855385
2452,bird,bird,0.99979323
2453,bird,bird,0.9997944
2454,bird,dog,0.8261412
2455,bird,bird,1.0
2456,bird,bird,0.99998903
2457,bird,bird,1.0
2458,bird,frog,0.6406085
2459,bird,bird,0.9999937
2460,bird,bird,1.0
2461,bird,bird,0.99998176
2462,bird,bird,0.99999964
2463,bird,bird,1.0
2464,bird,bird,0.9999994
2465,bird,bird,0.9999999
2466,bird,bird,1.0
2467,bird,bird,0.9999999
2468,bird,bird,1.0
2469,bird,bird,0.9934011
2470,bird,bird,0.9999819
2471,bird,bird,0.999997
2472,bird,bird,0.99969804
2473,bird,bird,1.0
2474,bird,bird,1.0
2475,bird,bird,1.0
2476,bird,bird,0.99991226
2477,bird,bird,0.8900282
2478,bird,ship,0.7295925
2479,bird,bird,0.9987692
2480,bird,bird,1.0
2481,bird,bird,1.0
2482,bird,bird,1.0
2483,bird,bird,0.9996681
2484,bird,bird,1.0
2485,bird,bird,0.50195307
2486,bird,cat,0.9592374
2487,bird,bird,1.0
2488,bird,bird,1.0
2489,bird,bird,0.99999905
2490,bird,bird,1.0
2491,bird,bird,0.99068415
2492,bird,bird,0.9999995
2493,bird,bird,0.99908864
2494,bird,bird,0.8738696
2495,bird,bird,0.99999774
2496,bird,cat,0.6438357
2497,bird,bird,1.0
2498,bird,bird,1.0
2499,bird,bird,0.99999964
2500,bird,bird,0.99999964
2501,bird,bird,0.99999774
2502,bird,bird,0.99999976
2503,bird,bird,0.9999999
2504,bird,bird,0.99999976
2505,bird,bird,0.99945813
2506,bird,bird,0.9999919
2507,bird,frog,0.9152047
2508,bird,bird,0.9999993
2509,bird,bird,0.99999046
2510,bird,bird,0.87009835
2511,bird,bird,0.999361
2512,bird,bird,1.0
2513,bird,bird,1.0
2514,bird,deer,0.41883215
2515,bird,bird,1.0
2516,bird,bird,0.99999976
2517,bird,bird,1.0
2518,bird,bird,0.999984
2519,bird,bird,0.9999995
2520,bird,bird,1.0
2521,bird,bird,0.98430943
2522,bird,bird,1.0
2523,bird,bird,0.99990225
2524,bird,bird,0.99999917
2525,bird,bird,0.9999994
2526,bird,bird,1.0
2527,bird,bird,1.0
2528,bird,bird,0.9999974
2529,bird,bird,1.0
2530,bird,bird,0.99999785
2531,bird,bird,0.9976404
2532,bird,bird,0.9999951
2533,bird,bird,0.9999993
2534,bird,bird,0.9999622
2535,bird,bird,1.0
2536,bird,bird,0.99996793
2537,bird,bird,0.99999917
2538,bird,deer,0.66763604
2539,bird,bird,1.0
2540,bird,bird,0.9999975
2541,bird,bird,1.0
2542,bird,bird,1.0
2543,bird,bird,0.9714632
2544,bird,bird,0.9999778
2545,bird,bird,0.9999863
2546,bird,bird,0.9998981
2547,bird,bird,0.99895656
2548,bird,bird,1.0
2549,bird,bird,1.0
2550,bird,bird,0.99999964
2551,bird,bird,0.9999976
2552,bird,bird,0.9999995
2553,bird,bird,1.0
2554,bird,bird,1.0
2555,bird,bird,1.0
2556,bird,bird,0.9994837
2557,bird,bird,0.9997998
2558,bird,bird,0.9999982
2559,bird,bird,0.99999976
2560,bird,bird,1.0
2561,bird,bird,1.0
2562,bird,bird,0.83168685
2563,bird,bird,1.0
2564,bird,bird,0.9499801
2565,bird,bird,0.9808023
2566,bird,bird,0.99999857
2567,bird,bird,0.9999713
2568,bird,bird,1.0
2569,bird,bird,1.0
2570,bird,bird,0.971377
2571,bird,bird,0.93250716
2572,bird,bird,1.0
2573,bird,bird,0.99967325
2574,bird,bird,0.9412112
2575,bird,bird,1.0
2576,bird,bird,1.0
2577,bird,bird,1.0
2578,bird,bird,1.0
2579,bird,bird,0.9999974
2580,bird,bird,0.9999951
2581,bird,bird,1.0
2582,bird,bird,1.0
2583,bird,bird,0.9999999
2584,bird,bird,1.0
2585,bird,bird,0.99951386
2586,bird,bird,0.99999714
2587,bird,bird,0.9998585
2588,bird,bird,0.86441153
2589,bird,bird,0.9999801
2590,bird,bird,0.54322
2591,bird,bird,0.9999443
2592,bird,bird,0.9999362
2593,bird,bird,1.0
2594,bird,bird,0.99937916
2595,bird,bird,0.9999987
2596,bird,bird,1.0
2597,bird,bird,0.9974324
2598,bird,bird,1.0
2599,bird,bird,0.9991491
2600,bird,bird,1.0
2601,bird,bird,0.9999999
2602,bird,bird,0.9999999
2603,bird,bird,1.0
2604,bird,bird,1.0
2605,bird,bird,0.9999876
2606,bird,bird,1.0
2607,bird,bird,1.0
2608,bird,bird,0.97936696
2609,bird,bird,1.0
2610,bird,bird,0.9999988
2611,bird,bird,1.0
2612,bird,bird,1.0
2613,bird,bird,1.0
2614,bird,bird,0.99997973
2615,bird,bird,0.999928
2616,bird,bird,0.99999964
2617,bird,bird,0.999951
2618,bird,bird,0.9999838
2619,bird,bird,0.9999994
2620,bird,bird,1.0
2621,bird,bird,1.0
2622,bird,bird,0.9999995
2623,bird,bird,1.0
2624,bird,bird,0.9999999
2625,bird,bird,0.999998
2626,bird,bird,0.99995637
2627,bird,bird,0.99997103
2628,bird,bird,0.9999987
2629,bird,bird,0.99999976
2630,bird,bird,0.9999993
2631,bird,bird,1.0
2632,bird,bird,1.0
2633,bird,bird,0.9999999
2634,bird,bird,1.0
2635,bird,bird,1.0
2636,bird,bird,0.97236776
2637,bird,bird,0.7410025
2638,bird,bird,1.0
2639,bird,bird,0.99999964
2640,bird,bird,1.0
2641,bird,bird,0.99999857
2642,bird,bird,1.0
2643,bird,bird,1.0
2644,bird,bird,0.9999999
2645,bird,bird,0.99998367
2646,bird,bird,0.99999976
2647,bird,bird,0.99941516
2648,bird,bird,0.99995613
2649,bird,bird,1.0
2650,bird,bird,0.9992218
2651,bird,bird,1.0
2652,bird,bird,0.9999788
2653,bird,bird,1.0
2654,bird,bird,0.9998574
2655,bird,bird,1.0
2656,bird,bird,0.99231553
2657,bird,bird,0.99984765
2658,bird,bird,0.9999999
2659,bird,bird,0.9999999
2660,bird,bird,0.99998975
2661,bird,bird,0.99994016
2662,bird,bird,1.0
2663,bird,bird,1.0
2664,bird,bird,0.9999994
2665,bird,bird,0.9999727
2666,bird,bird,0.9999056
2667,bird,bird,1.0
2668,bird,bird,0.99999964
2669,bird,bird,0.9730436
2670,bird,bird,1.0
2671,bird,bird,0.99998045
2672,bird,bird,1.0
2673,bird,bird,1.0
2674,bird,bird,1.0
2675,bird,bird,0.9999876
2676,bird,bird,0.9999993
2677,bird,bird,0.99999106
2678,bird,bird,1.0
2679,bird,bird,1.0
2680,bird,bird,0.9999113
2681,bird,bird,0.9999988
2682,bird,bird,1.0
2683,bird,bird,1.0
2684,bird,bird,0.9999782
2685,bird,bird,1.0
2686,bird,bird,0.9995701
2687,bird,bird,0.9999999
2688,bird,bird,1.0
2689,bird,bird,0.9999994
2690,bird,bird,1.0
2691,bird,bird,0.9999989
2692,bird,bird,0.93494624
2693,bird,bird,0.9999999
2694,bird,bird,0.9999969
2695,bird,bird,0.9999999
2696,bird,bird,1.0
2697,bird,bird,0.99998724
2698,bird,bird,1.0
2699,bird,bird,0.9999982
2700,bird,bird,1.0
2701,bird,ship,0.99456006
2702,bird,bird,0.99998915
2703,bird,bird,0.9999927
2704,bird,bird,0.99999976
2705,bird,bird,0.99982566
2706,bird,bird,1.0
2707,bird,bird,0.99612254
2708,bird,bird,0.9999726
2709,bird,bird,1.0
2710,bird,bird,0.9999025
2711,bird,bird,0.9999989
2712,bird,bird,0.64770675
2713,bird,bird,0.99998116
2714,bird,bird,1.0
2715,bird,bird,0.99999857
2716,bird,frog,0.95896614
2717,bird,bird,1.0
2718,bird,bird,0.99641657
2719,bird,bird,0.9999273
2720,bird,bird,0.98922265
2721,bird,bird,0.9997814
2722,bird,bird,1.0
2723,bird,bird,0.9999943
2724,bird,bird,1.0
2725,bird,bird,0.99999654
2726,bird,bird,1.0
2727,bird,bird,0.9999869
2728,bird,bird,1.0
2729,bird,bird,0.99999166
2730,bird,bird,1.0
2731,bird,bird,0.99999976
2732,bird,bird,1.0
2733,bird,bird,0.99999654
2734,bird,bird,1.0
2735,bird,bird,0.99999857
2736,bird,bird,1.0
2737,bird,bird,0.99989045
2738,bird,bird,0.9999999
2739,bird,bird,0.99999905
2740,bird,bird,0.99992216
2741,bird,bird,0.99997485
2742,bird,bird,0.99999833
2743,bird,bird,1.0
2744,bird,bird,0.9999856
2745,bird,bird,0.99973184
2746,bird,bird,0.99967206
2747,bird,bird,0.99999297
2748,bird,bird,0.9999721
2749,bird,bird,1.0
2750,bird,bird,1.0
2751,bird,bird,0.99933404
2752,bird,bird,0.99999905
2753,bird,bird,0.99999845
2754,bird,bird,1.0
2755,bird,bird,1.0
2756,bird,bird,0.96692586
2757,bird,bird,0.99998665
2758,bird,bird,0.51721287
2759,bird,bird,0.99250996
2760,bird,bird,0.9999995
2761,bird,bird,0.99999213
2762,bird,deer,0.5679345
2763,bird,bird,1.0
2764,bird,bird,0.99991
2765,bird,airplane,0.9845191
2766,bird,bird,0.99991
2767,bird,bird,1.0
2768,bird,bird,1.0
2769,bird,bird,0.9999968
2770,bird,dog,0.9341808
2771,bird,bird,1.0
2772,bird,bird,0.99999905
2773,bird,bird,0.9999999
2774,bird,bird,0.9999999
2775,bird,bird,0.99971217
2776,bird,bird,1.0
2777,bird,bird,0.9989114
2778,bird,bird,0.9999975
2779,bird,bird,1.0
2780,bird,bird,0.99999964
2781,bird,bird,0.9999994
2782,bird,bird,0.99994266
2783,bird,cat,0.96771944
2784,bird,bird,1.0
2785,bird,bird,1.0
2786,bird,bird,0.9999771
2787,bird,bird,0.99962604
2788,bird,bird,0.99414414
2789,bird,bird,0.9997974
2790,bird,bird,1.0
2791,bird,bird,0.99990916
2792,bird,bird,0.9998821
2793,bird,bird,1.0
2794,bird,bird,0.999944
2795,bird,bird,0.99999726
2796,bird,bird,0.99999976
2797,bird,bird,0.97587705
2798,bird,bird,1.0
2799,bird,bird,1.0
2800,bird,bird,0.99348104
2801,bird,bird,1.0
2802,bird,bird,1.0
2803,bird,bird,0.99999607
2804,bird,bird,1.0
2805,bird,bird,1.0
2806,bird,bird,0.99999595
2807,bird,bird,0.9999987
2808,bird,bird,0.99999964
2809,bird,bird,1.0
2810,bird,bird,1.0
2811,bird,bird,0.9999621
2812,bird,bird,0.999998
2813,bird,bird,1.0
2814,bird,cat,0.9295246
2815,bird,cat,0.8962529
2816,bird,bird,0.9998418
2817,bird,bird,1.0
2818,bird,bird,0.99999976
2819,bird,bird,0.9999993
2820,bird,bird,0.9999994
2821,bird,bird,0.99975556
2822,bird,bird,0.9999999
2823,bird,bird,0.99958736
2824,bird,bird,1.0
2825,bird,frog,0.8748909
2826,bird,bird,0.99999964
2827,bird,bird,0.99880266
2828,bird,bird,1.0
2829,bird,bird,0.9999882
2830,bird,bird,1.0
2831,bird,bird,1.0
2832,bird,bird,0.99999976
2833,bird,bird,0.99999976
2834,bird,bird,0.95460635
2835,bird,bird,0.9999995
2836,bird,bird,0.47252512
2837,bird,bird,1.0
2838,bird,bird,0.99999666
2839,bird,bird,0.972303
2840,bird,bird,0.9999919
2841,bird,bird,0.9999578
2842,bird,bird,1.0
2843,bird,bird,1.0
2844,bird,bird,0.99999034
2845,bird,bird,0.99999917
2846,bird,bird,0.99998236
2847,bird,deer,0.99784684
2848,bird,bird,1.0
2849,bird,bird,1.0
2850,bird,bird,0.9880612
2851,bird,bird,0.9987835
2852,bird,bird,0.9999782
2853,bird,bird,1.0
2854,bird,bird,0.99998474
2855,bird,bird,0.99996257
2856,bird,bird,0.99999475
2857,bird,cat,0.38317668
2858,bird,dog,0.8425788
2859,bird,bird,0.99999976
2860,bird,bird,0.9999969
2861,bird,bird,0.9999939
2862,bird,bird,1.0
2863,bird,bird,0.41484898
2864,bird,bird,0.9999896
2865,bird,bird,0.9999739
2866,bird,bird,0.9999697
2867,bird,bird,0.9999343
2868,bird,bird,0.99999666
2869,bird,bird,1.0
2870,bird,bird,1.0
2871,bird,bird,0.9999994
2872,bird,bird,1.0
2873,bird,bird,0.99949455
2874,bird,bird,1.0
2875,bird,bird,0.9999944
2876,bird,bird,1.0
2877,bird,bird,1.0
2878,bird,bird,0.99999905
2879,bird,bird,1.0
2880,bird,bird,0.99999917
2881,bird,bird,1.0
2882,bird,bird,1.0
2883,bird,bird,0.93990564
2884,bird,bird,0.73405814
2885,bird,bird,0.99934953
2886,bird,bird,1.0
2887,bird,bird,0.9999993
2888,bird,bird,1.0
2889,bird,bird,1.0
2890,bird,bird,1.0
2891,bird,bird,0.9999999
2892,bird,bird,0.9999919
2893,bird,bird,0.9999995
2894,bird,bird,1.0
2895,bird,bird,0.99999845
2896,bird,bird,1.0
2897,bird,bird,0.9829525
2898,bird,bird,0.99999976
2899,bird,bird,1.0
2900,bird,bird,1.0
2901,bird,bird,0.9999963
2902,bird,bird,1.0
2903,bird,bird,0.9999994
2904,bird,bird,0.99999976
2905,bird,deer,0.93949217
2906,bird,bird,0.9999999
2907,bird,bird,0.990542
2908,bird,bird,0.9999291
2909,bird,bird,1.0
2910,bird,bird,1.0
2911,bird,bird,0.99999595
2912,bird,bird,1.0
2913,bird,bird,0.78273875
2914,bird,bird,0.99999964
2915,bird,bird,0.9999851
2916,bird,bird,1.0
2917,bird,bird,1.0
2918,bird,bird,0.99999976
2919,bird,bird,0.9918711
2920,bird,bird,1.0
2921,bird,bird,0.9993753
2922,bird,bird,0.9999999
2923,bird,bird,0.9999999
2924,bird,bird,1.0
2925,bird,bird,0.9999981
2926,bird,bird,0.9999964
2927,bird,horse,0.731355
2928,bird,bird,0.9999999
2929,bird,bird,0.9999999
2930,bird,bird,1.0
2931,bird,bird,1.0
2932,bird,bird,0.9999999
2933,bird,bird,0.99999785
2934,bird,bird,0.99999857
2935,bird,bird,0.9999999
2936,bird,bird,1.0
2937,bird,bird,0.99999845
2938,bird,bird,1.0
2939,bird,bird,0.9999999
2940,bird,bird,0.99998367
2941,bird,bird,0.99999976
2942,bird,bird,1.0
2943,bird,bird,0.99999917
2944,bird,bird,0.9996433
2945,bird,bird,0.9999987
2946,bird,bird,0.9999881
2947,bird,bird,0.77072513
2948,bird,bird,1.0
2949,bird,bird,0.99999976
2950,bird,bird,0.9999957
2951,bird,bird,0.97256076
2952,bird,bird,1.0
2953,bird,bird,1.0
2954,bird,bird,1.0
2955,bird,bird,1.0
2956,bird,bird,0.98519325
2957,bird,bird,1.0
2958,bird,bird,0.9994097
2959,bird,bird,0.9999982
2960,bird,bird,0.9891802
2961,bird,bird,1.0
2962,bird,bird,1.0
2963,bird,bird,0.99999976
2964,bird,bird,1.0
2965,bird,bird,0.9999685
2966,bird,bird,0.9999964
2967,bird,bird,1.0
2968,bird,cat,0.97572494
2969,bird,bird,0.9999846
2970,bird,bird,1.0
2971,bird,bird,0.99903405
2972,bird,bird,0.99998486
2973,bird,bird,0.99999547
2974,bird,bird,0.9999995
2975,bird,cat,0.74138576
2976,bird,bird,0.9998869
2977,bird,bird,1.0
2978,bird,bird,1.0
2979,bird,bird,0.99944764
2980,bird,bird,0.9944418
2981,bird,bird,0.98152083
2982,bird,bird,0.9999994
2983,bird,bird,0.99206513
2984,bird,bird,1.0
2985,bird,bird,1.0
2986,bird,bird,1.0
2987,bird,bird,0.9999999
2988,bird,bird,0.99999976
2989,bird,bird,0.998173
2990,bird,bird,1.0
2991,bird,bird,1.0
2992,bird,bird,1.0
2993,bird,bird,0.9027984
2994,bird,bird,0.9154099
2995,bird,bird,0.9999647
2996,bird,bird,0.99996233
2997,bird,bird,0.9999988
2998,bird,bird,0.9999348
2999,bird,bird,0.9848756
3000,cat,cat,0.99999905
3001,cat,cat,0.99999046
3002,cat,cat,0.99911946
3003,cat,cat,0.9999366
3004,cat,dog,0.90957934
3005,cat,cat,0.9998474
3006,cat,cat,0.9844785
3007,cat,cat,0.9999999
3008,cat,cat,0.9804279
3009,cat,cat,1.0
3010,cat,cat,0.9999999
3011,cat,cat,0.9999763
3012,cat,cat,0.9998273
3013,cat,cat,0.9999521
3014,cat,cat,0.9942517
3015,cat,cat,0.9999758
3016,cat,cat,0.9999999
3017,cat,cat,0.99816316
3018,cat,cat,0.99999964
3019,cat,cat,0.99999857
3020,cat,cat,0.90436035
3021,cat,cat,0.9999974
3022,cat,cat,0.99997187
3023,cat,cat,1.0
3024,cat,cat,0.80317175
3025,cat,cat,0.99942315
3026,cat,cat,0.9355532
3027,cat,cat,0.9999995
3028,cat,cat,1.0
3029,cat,cat,0.9999924
3030,cat,cat,1.0
3031,cat,cat,0.99999416
3032,cat,cat,0.9972421
3033,cat,cat,1.0
3034,cat,cat,0.9167349
3035,cat,cat,0.9999627
3036,cat,cat,1.0
3037,cat,cat,0.99999976
3038,cat,cat,0.99991155
3039,cat,cat,0.9539636
3040,cat,dog,0.99527943
3041,cat,cat,0.99932814
3042,cat,cat,0.99975055
3043,cat,cat,1.0
3044,cat,cat,0.9998696
3045,cat,deer,0.99782735
3046,cat,cat,0.9996867
3047,cat,cat,0.9999994
3048,cat,dog,0.5134419
3049,cat,cat,0.9999999
3050,cat,cat,0.9999976
3051,cat,cat,0.9999927
3052,cat,cat,0.9999994
3053,cat,cat,0.9999999
3054,cat,cat,0.9986939
3055,cat,cat,1.0
3056,cat,cat,0.9974891
3057,cat,cat,1.0
3058,cat,cat,0.9999627
3059,cat,cat,0.9999119
3060,cat,cat,0.998958
3061,cat,cat,1.0
3062,cat,cat,0.99999964
3063,cat,cat,0.99999666
3064,cat,cat,0.9997708
3065,cat,cat,1.0
3066,cat,cat,1.0
3067,cat,cat,0.9999975
3068,cat,cat,0.99999714
3069,cat,cat,1.0
3070,cat,cat,0.99981004
3071,cat,cat,1.0
3072,cat,cat,0.828583
3073,cat,dog,0.84174395
3074,cat,dog,0.9596095
3075,cat,cat,0.99999917
3076,cat,cat,0.9973105
3077,cat,cat,0.8246915
3078,cat,cat,0.9992731
3079,cat,cat,0.9999988
3080,cat,cat,0.9999982
3081,cat,cat,0.9999995
3082,cat,cat,0.99966764
3083,cat,cat,0.97856987
3084,cat,cat,0.9996332
3085,cat,cat,0.99998426
3086,cat,cat,0.9998909
3087,cat,cat,0.9999465
3088,cat,cat,1.0
3089,cat,cat,0.585946
3090,cat,cat,0.9961612
3091,cat,cat,1.0
3092,cat,cat,0.99963844
3093,cat,cat,1.0
3094,cat,cat,0.8734338
3095,cat,cat,0.9999114
3096,cat,cat,0.99996936
3097,cat,cat,0.99383366
3098,cat,cat,1.0
3099,cat,cat,0.99999905
3100,cat,cat,1.0
3101,cat,cat,0.9999968
3102,cat,cat,1.0
3103,cat,cat,0.99999857
3104,cat,cat,0.99999475
3105,cat,cat,1.0
3106,cat,cat,0.9999509
3107,cat,cat,0.9999987
3108,cat,horse,0.82174873
3109,cat,cat,0.999998
3110,cat,cat,0.96339047
3111,cat,cat,0.99998426
3112,cat,cat,0.9999987
3113,cat,frog,0.9392691
3114,cat,cat,0.99943954
3115,cat,cat,1.0
3116,cat,cat,0.9999989
3117,cat,cat,0.9999999
3118,cat,cat,0.9999919
3119,cat,cat,0.9991472
3120,cat,dog,0.5126064
3121,cat,cat,0.9988763
3122,cat,cat,1.0
3123,cat,cat,0.9998367
3124,cat,cat,0.97691447
3125,cat,cat,0.9981177
3126,cat,bird,0.9492654
3127,cat,cat,0.99999523
3128,cat,cat,0.9999987
3129,cat,dog,0.9815244
3130,cat,cat,0.999393
3131,cat,cat,0.999997
3132,cat,cat,0.9999994
3133,cat,cat,1.0
3134,cat,cat,0.9999902
3135,cat,cat,0.98102194
3136,cat,cat,0.9858619
3137,cat,cat,0.9976761
3138,cat,cat,0.9861936
3139,cat,cat,0.9991215
3140,cat,cat,0.99994886
3141,cat,cat,1.0
3142,cat,cat,1.0
3143,cat,cat,0.99998343
3144,cat,cat,1.0
3145,cat,cat,0.9999527
3146,cat,dog,0.9985922
3147,cat,cat,0.99998
3148,cat,cat,0.99008006
3149,cat,cat,0.9999931
3150,cat,cat,0.99043286
3151,cat,cat,0.9981237
3152,cat,cat,1.0
3153,cat,cat,0.9999795
3154,cat,cat,0.8391049
3155,cat,cat,0.9980872
3156,cat,cat,0.9969163
3157,cat,cat,0.9998185
3158,cat,cat,0.99914587
3159,cat,cat,0.9965544
3160,cat,cat,0.9999993
3161,cat,cat,0.99998343
3162,cat,cat,0.98863727
3163,cat,cat,0.99838233
3164,cat,cat,0.99913543
3165,cat,cat,0.9999999
3166,cat,cat,0.9999838
3167,cat,cat,0.99999917
3168,cat,cat,0.9999999
3169,cat,cat,0.99992967
3170,cat,cat,0.99889463
3171,cat,cat,0.9995859
3172,cat,cat,0.9999993
3173,cat,cat,1.0
3174,cat,dog,0.987467
3175,cat,cat,0.9999939
3176,cat,cat,0.999995
3177,cat,cat,0.99915373
3178,cat,cat,0.998357
3179,cat,dog,0.54670966
3180,cat,dog,0.8610544
3181,cat,cat,0.99999964
3182,cat,cat,0.9999993
3183,cat,cat,0.98159546
3184,cat,cat,1.0
3185,cat,cat,0.9743618
3186,cat,cat,0.9998497
3187,cat,cat,1.0
3188,cat,cat,0.9861855
3189,cat,cat,0.6046991
3190,cat,cat,0.9999385
3191,cat,cat,0.9998795
3192,cat,cat,0.9291422
3193,cat,cat,0.9976794
3194,cat,cat,0.9999981
3195,cat,cat,0.99992037
3196,cat,cat,0.9999989
3197,cat,cat,0.9999517
3198,cat,cat,0.99992526
3199,cat,bird,0.7679278
3200,cat,cat,0.99999034
3201,cat,cat,0.9992538
3202,cat,cat,0.9999845
3203,cat,dog,0.56697565
3204,cat,cat,0.99999964
3205,cat,cat,0.99999595
3206,cat,cat,0.99999726
3207,cat,cat,0.9999994
3208,cat,cat,0.99999917
3209,cat,cat,1.0
3210,cat,cat,0.9999993
3211,cat,cat,1.0
3212,cat,cat,0.99644864
3213,cat,cat,0.99978393
3214,cat,cat,0.99198794
3215,cat,cat,0.9999945
3216,cat,cat,0.99953985
3217,cat,cat,0.9999819
3218,cat,cat,1.0
3219,cat,cat,0.99999607
3220,cat,cat,0.8652904
3221,cat,cat,0.9996061
3222,cat,cat,1.0
3223,cat,cat,0.9963128
3224,cat,cat,1.0
3225,cat,cat,1.0
3226,cat,cat,0.99999857
3227,cat,cat,0.9988619
3228,cat,cat,0.99999654
3229,cat,cat,0.991137
3230,cat,cat,1.0
3231,cat,cat,0.999962
3232,cat,airplane,0.6818245
3233,cat,cat,0.8897088
3234,cat,cat,0.99999905
3235,cat,frog,0.9999999
3236,cat,cat,1.0
3237,cat,cat,0.99997234
3238,cat,cat,0.8848328
3239,cat,cat,0.9999057
3240,cat,cat,0.9999901
3241,cat,cat,1.0
3242,cat,cat,0.99998534
3243,cat,cat,0.966475
3244,cat,cat,0.9937006
3245,cat,cat,0.9999169
3246,cat,cat,0.99972945
3247,cat,cat,0.9999974
3248,cat,cat,0.9999995
3249,cat,cat,0.9999993
3250,cat,cat,0.9999527
3251,cat,cat,0.98817575
3252,cat,cat,0.99999666
3253,cat,cat,0.999961
3254,cat,cat,0.99955755
3255,cat,cat,0.9652371
3256,cat,cat,0.9999993
3257,cat,cat,0.9999685
3258,cat,cat,0.9999901
3259,cat,cat,0.9970402
3260,cat,cat,1.0
3261,cat,cat,1.0
3262,cat,cat,1.0
3263,cat,cat,1.0
3264,cat,cat,0.99980277
3265,cat,cat,0.99999774
3266,cat,cat,1.0
3267,cat,cat,0.99999785
3268,cat,cat,0.97679657
3269,cat,cat,1.0
3270,cat,cat,0.9924493
3271,cat,cat,0.9778831
3272,cat,dog,0.7736678
3273,cat,cat,0.9999516
3274,cat,cat,0.9997497
3275,cat,cat,0.99999976
3276,cat,cat,0.9999963
3277,cat,cat,0.9355594
3278,cat,dog,0.9059874
3279,cat,cat,0.9999242
3280,cat,cat,0.88235873
3281,cat,cat,0.99933165
3282,cat,cat,0.99999905
3283,cat,cat,0.9999958
3284,cat,cat,0.9999999
3285,cat,cat,0.99973935
3286,cat,cat,1.0
3287,cat,cat,0.5389832
3288,cat,cat,0.9999987
3289,cat,cat,0.9273535
3290,cat,cat,0.99996257
3291,cat,cat,0.9999422
3292,cat,cat,0.98719656
3293,cat,cat,1.0
3294,cat,cat,0.9999951
3295,cat,cat,0.999995
3296,cat,dog,0.65109825
3297,cat,cat,0.99999654
3298,cat,cat,1.0
3299,cat,cat,0.99976665
3300,cat,cat,0.76626515
3301,cat,cat,0.98794645
3302,cat,cat,0.9999726
3303,cat,cat,0.9999944
3304,cat,cat,0.99406296
3305,cat,cat,0.7398158
3306,cat,cat,0.95511883
3307,cat,cat,1.0
3308,cat,cat,0.9999994
3309,cat,cat,0.9995617
3310,cat,cat,1.0
3311,cat,cat,0.9083642
3312,cat,cat,0.9953296
3313,cat,cat,0.99963474
3314,cat,cat,0.70180464
3315,cat,cat,0.626028
3316,cat,cat,0.93301874
3317,cat,cat,1.0
3318,cat,horse,0.87712675
3319,cat,cat,0.99999964
3320,cat,cat,1.0
3321,cat,cat,1.0
3322,cat,cat,0.99999833
3323,cat,cat,0.9999517
3324,cat,cat,0.999933
3325,cat,cat,0.9999999
3326,cat,cat,0.99930334
3327,cat,cat,0.9997507
3328,cat,cat,0.9999888
3329,cat,cat,0.99984705
3330,cat,cat,0.9755731
3331,cat,cat,0.99999046
3332,cat,dog,0.7200621
3333,cat,cat,0.9999999
3334,cat,cat,0.99808085
3335,cat,cat,0.9921881
3336,cat,cat,0.9996031
3337,cat,cat,0.9999678
3338,cat,cat,1.0
3339,cat,cat,0.8321562
3340,cat,cat,0.9992926
3341,cat,cat,0.9996718
3342,cat,cat,0.9987054
3343,cat,cat,0.9999709
3344,cat,cat,0.99960774
3345,cat,cat,0.99997675
3346,cat,cat,0.99985707
3347,cat,cat,0.9999863
3348,cat,cat,0.9999845
3349,cat,cat,0.99999964
3350,cat,cat,1.0
3351,cat,cat,0.9941164
3352,cat,cat,0.9999559
3353,cat,cat,0.99999976
3354,cat,bird,0.8233401
3355,cat,cat,0.99965465
3356,cat,cat,1.0
3357,cat,cat,0.9999976
3358,cat,cat,1.0
3359,cat,cat,0.99989176
3360,cat,cat,0.9999143
3361,cat,cat,1.0
3362,cat,cat,0.9998952
3363,cat,cat,0.9999995
3364,cat,cat,0.87636596
3365,cat,cat,0.9999999
3366,cat,cat,0.99999547
3367,cat,cat,0.9039418
3368,cat,cat,1.0
3369,cat,cat,0.99982953
3370,cat,cat,0.9990226
3371,cat,cat,0.9984106
3372,cat,cat,0.97716755
3373,cat,horse,0.9726651
3374,cat,cat,1.0
3375,cat,dog,0.7561717
3376,cat,cat,0.9077104
3377,cat,cat,1.0
3378,cat,cat,0.999998
3379,cat,cat,0.98900235
3380,cat,cat,0.98687476
3381,cat,cat,0.9999945
3382,cat,cat,0.996566
3383,cat,cat,0.9908743
3384,cat,cat,0.9982382
3385,cat,cat,0.9990355
3386,cat,cat,1.0
3387,cat,cat,0.98180574
3388,cat,frog,0.9097464
3389,cat,cat,0.58145463
3390,cat,cat,0.9999229
3391,cat,cat,0.9999974
3392,cat,cat,0.999859
3393,cat,cat,0.9173816
3394,cat,dog,0.92630357
3395,cat,cat,0.9997291
3396,cat,cat,0.97828776
3397,cat,cat,0.9999957
3398,cat,cat,0.9999738
3399,cat,cat,0.99999833
3400,cat,cat,0.9999027
3401,cat,cat,1.0
3402,cat,cat,1.0
3403,cat,cat,0.9993299
3404,cat,cat,0.9702389
3405,cat,cat,0.99649626
3406,cat,cat,0.9999987
3407,cat,cat,0.6112787
3408,cat,cat,0.99999666
3409,cat,cat,0.9997445
3410,cat,cat,0.99962807
3411,cat,cat,0.99578387
3412,cat,cat,0.99876785
3413,cat,cat,0.99999857
3414,cat,cat,0.9974408
3415,cat,cat,0.9999666
3416,cat,dog,0.57566047
3417,cat,cat,1.0
3418,cat,cat,0.99999845
3419,cat,cat,0.9917619
3420,cat,cat,0.99902904
3421,cat,cat,0.9999975
3422,cat,cat,0.99332374
3423,cat,cat,0.9970989
3424,cat,cat,0.84786224
3425,cat,cat,1.0
3426,cat,cat,1.0
3427,cat,cat,0.99999976
3428,cat,cat,0.99758697
3429,cat,cat,0.81534755
3430,cat,cat,0.99999917
3431,cat,cat,1.0
3432,cat,cat,0.9999995
3433,cat,cat,0.9698958
3434,cat,cat,0.99745506
3435,cat,cat,0.8321147
3436,cat,cat,0.99999976
3437,cat,cat,0.99999976
3438,cat,cat,0.9994512
3439,cat,cat,0.9989598
3440,cat,cat,0.9994418
3441,cat,cat,1.0
3442,cat,cat,0.9999993
3443,cat,deer,0.9307325
3444,cat,cat,0.5237607
3445,cat,cat,0.9999951
3446,cat,cat,0.99993956
3447,cat,cat,0.99999857
3448,cat,cat,0.99944633
3449,cat,cat,0.99990094
3450,cat,cat,0.9751472
3451,cat,cat,0.99076134
3452,cat,dog,0.9642558
3453,cat,cat,0.9999988
3454,cat,cat,0.9999758
3455,cat,cat,0.99999404
3456,cat,cat,0.5576767
3457,cat,cat,0.9999833
3458,cat,cat,0.9999974
3459,cat,cat,0.9999851
3460,cat,dog,0.7255723
3461,cat,cat,0.99912125
3462,cat,deer,0.992397
3463,cat,cat,1.0
3464,cat,horse,0.5390557
3465,cat,dog,0.9846865
3466,cat,deer,0.6793516
3467,cat,cat,0.983373
3468,cat,cat,0.9999883
3469,cat,cat,0.99132264
3470,cat,cat,1.0
3471,cat,cat,0.99998367
3472,cat,cat,0.99992216
3473,cat,cat,0.98861957
3474,cat,cat,0.9999999
3475,cat,cat,0.99998677
3476,cat,cat,0.9999951
3477,cat,cat,0.9985821
3478,cat,cat,1.0
3479,cat,cat,0.99912983
3480,cat,cat,0.9996057
3481,cat,cat,1.0
3482,cat,cat,1.0
3483,cat,cat,1.0
3484,cat,cat,1.0
3485,cat,cat,1.0
3486,cat,cat,0.9940586
3487,cat,cat,0.99999523
3488,cat,cat,0.9901366
3489,cat,cat,0.9984388
3490,cat,cat,0.99991965
3491,cat,deer,0.9966671
3492,cat,cat,1.0
3493,cat,cat,0.99997604
3494,cat,cat,0.9999478
3495,cat,cat,0.99599934
3496,cat,cat,0.9999999
3497,cat,cat,0.99997985
3498,cat,cat,0.9748389
3499,cat,cat,0.9999994
3500,cat,cat,1.0
3501,cat,cat,0.99999154
3502,cat,cat,0.99999034
3503,cat,cat,0.99977976
3504,cat,cat,0.99999964
3505,cat,cat,1.0
3506,cat,cat,0.9994066
3507,cat,cat,1.0
3508,cat,cat,0.99998903
3509,cat,cat,0.994776
3510,cat,cat,0.9999999
3511,cat,cat,0.99987006
3512,cat,cat,0.99996877
3513,cat,cat,0.9919117
3514,cat,cat,0.95943874
3515,cat,dog,0.8355649
3516,cat,cat,1.0
3517,cat,cat,0.9964586
3518,cat,cat,0.8630544
3519,cat,frog,0.790604
3520,cat,cat,0.9999988
3521,cat,cat,0.99915934
3522,cat,cat,1.0
3523,cat,cat,0.99999344
3524,cat,cat,0.9999974
3525,cat,cat,0.65155804
3526,cat,cat,1.0
3527,cat,cat,0.97423583
3528,cat,cat,1.0
3529,cat,cat,1.0
3530,cat,cat,0.985827
3531,cat,cat,1.0
3532,cat,cat,0.9999975
3533,cat,cat,0.9999993
3534,cat,cat,1.0
3535,cat,cat,0.9999999
3536,cat,cat,0.9999275
3537,cat,cat,0.92001766
3538,cat,cat,0.9998023
3539,cat,cat,0.99974734
3540,cat,cat,0.99990547
3541,cat,frog,0.88349515
3542,cat,cat,1.0
3543,cat,cat,1.0
3544,cat,cat,0.99999976
3545,cat,cat,0.99620205
3546,cat,cat,0.9999733
3547,cat,cat,0.88654476
3548,cat,frog,0.9999931
3549,cat,cat,0.62634194
3550,cat,cat,0.9999994
3551,cat,cat,0.9999969
3552,cat,cat,0.97994965
3553,cat,cat,1.0
3554,cat,cat,1.0
3555,cat,cat,0.9993994
3556,cat,cat,0.99419457
3557,cat,cat,0.99421567
3558,cat,cat,0.9999838
3559,cat,cat,0.99995255
3560,cat,cat,0.9998568
3561,cat,cat,1.0
3562,cat,cat,0.8409187
3563,cat,cat,0.9997873
3564,cat,cat,0.9963361
3565,cat,cat,0.99999964
3566,cat,cat,0.6951309
3567,cat,cat,0.99934834
3568,cat,cat,0.99993944
3569,cat,cat,0.9999976
3570,cat,cat,0.9998989
3571,cat,cat,0.99999976
3572,cat,cat,1.0
3573,cat,cat,0.9979563
3574,cat,cat,1.0
3575,cat,cat,0.9932013
3576,cat,cat,0.99991167
3577,cat,cat,0.99999964
3578,cat,cat,0.99904495
3579,cat,cat,1.0
3580,cat,cat,1.0
3581,cat,cat,0.9981046
3582,cat,cat,0.9975587
3583,cat,cat,0.99907124
3584,cat,cat,0.99999976
3585,cat,cat,0.9999999
3586,cat,cat,0.99840766
3587,cat,cat,0.9987691
3588,cat,cat,0.9999975
3589,cat,cat,0.99424076
3590,cat,cat,0.9999924
3591,cat,dog,0.9997323
3592,cat,truck,0.85653025
3593,cat,cat,0.9837135
3594,cat,cat,0.9999254
3595,cat,cat,0.9998178
3596,cat,cat,0.99999976
3597,cat,cat,0.9997956
3598,cat,cat,0.99656373
3599,cat,cat,0.99300367
3600,cat,cat,0.78043073
3601,cat,cat,0.9992611
3602,cat,cat,0.99995995
3603,cat,cat,0.6842492
3604,cat,cat,0.9998784
3605,cat,cat,1.0
3606,cat,cat,0.9993917
3607,cat,cat,0.999824
3608,cat,cat,0.9459309
3609,cat,cat,1.0
3610,cat,cat,0.99997604
3611,cat,cat,0.99631727
3612,cat,cat,0.729816
3613,cat,cat,0.999998
3614,cat,cat,0.99995685
3615,cat,cat,0.94411755
3616,cat,cat,0.9956957
3617,cat,cat,0.99999976
3618,cat,cat,0.9291059
3619,cat,cat,0.999869
3620,cat,cat,0.99773467
3621,cat,cat,0.9999808
3622,cat,cat,1.0
3623,cat,cat,0.9999994
3624,cat,cat,1.0
3625,cat,cat,0.5477737
3626,cat,cat,1.0
3627,cat,cat,0.9999993
3628,cat,cat,1.0
3629,cat,cat,0.999866
3630,cat,cat,0.9993432
3631,cat,cat,0.99999774
3632,cat,cat,0.99365366
3633,cat,cat,0.99998724
3634,cat,cat,0.9999604
3635,cat,cat,1.0
3636,cat,cat,0.99994457
3637,cat,cat,0.99989235
3638,cat,cat,0.9937689
3639,cat,cat,0.9993813
3640,cat,cat,0.9999347
3641,cat,cat,0.9989851
3642,cat,cat,0.99996495
3643,cat,cat,0.9858072
3644,cat,cat,0.99991846
3645,cat,cat,0.99997187
3646,cat,cat,0.9999945
3647,cat,cat,0.9999962
3648,cat,cat,0.9999969
3649,cat,cat,0.99999976
3650,cat,cat,0.99996555
3651,cat,cat,0.99998665
3652,cat,cat,0.99961853
3653,cat,cat,0.9999994
3654,cat,cat,0.99999917
3655,cat,cat,0.9996
3656,cat,cat,1.0
3657,cat,cat,0.99989367
3658,cat,bird,0.7662848
3659,cat,cat,0.9400998
3660,cat,cat,0.99992895
3661,cat,cat,0.99996173
3662,cat,cat,0.99999785
3663,cat,cat,0.9999945
3664,cat,cat,0.9982211
3665,cat,cat,0.9941829
3666,cat,cat,0.9999945
3667,cat,cat,0.99999964
3668,cat,cat,0.999933
3669,cat,cat,0.9995017
3670,cat,cat,0.99936587
3671,cat,cat,0.9999999
3672,cat,cat,1.0
3673,cat,cat,0.6958909
3674,cat,cat,0.99968934
3675,cat,cat,0.5202815
3676,cat,cat,0.9998017
3677,cat,ship,0.83110213
3678,cat,cat,0.9993575
3679,cat,deer,0.9970765
3680,cat,cat,0.99998605
3681,cat,cat,0.9989151
3682,cat,cat,0.82258546
3683,cat,cat,0.99858296
3684,cat,cat,0.47575995
3685,cat,deer,0.91708905
3686,cat,cat,0.99995697
3687,cat,cat,1.0
3688,cat,cat,0.9999176
3689,cat,cat,0.9079668
3690,cat,cat,0.9064256
3691,cat,cat,0.99998605
3692,cat,cat,0.9999989
3693,cat,cat,0.94508785
3694,cat,cat,0.9990658
3695,cat,cat,0.9999981
3696,cat,cat,0.9999999
3697,cat,cat,0.91922396
3698,cat,dog,0.8567631
3699,cat,cat,0.992823
3700,cat,cat,0.9995034
3701,cat,cat,0.99999046
3702,cat,cat,0.93413013
3703,cat,cat,0.99999404
3704,cat,cat,0.99982846
3705,cat,cat,1.0
3706,cat,cat,1.0
3707,cat,cat,0.99999976
3708,cat,dog,0.7306664
3709,cat,cat,0.9999995
3710,cat,cat,0.93061703
3711,cat,cat,0.9999269
3712,cat,cat,0.96801376
3713,cat,cat,0.9999727
3714,cat,dog,0.85482466
3715,cat,cat,1.0
3716,cat,cat,1.0
3717,cat,cat,0.9999999
3718,cat,cat,0.99999917
3719,cat,cat,0.97433543
3720,cat,cat,1.0
3721,cat,cat,1.0
3722,cat,cat,0.98314524
3723,cat,cat,0.99996626
3724,cat,cat,1.0
3725,cat,cat,0.99999964
3726,cat,cat,0.99997663
3727,cat,cat,1.0
3728,cat,cat,0.9989146
3729,cat,cat,0.9998832
3730,cat,cat,0.99999535
3731,cat,cat,0.99986255
3732,cat,cat,0.9999789
3733,cat,cat,1.0
3734,cat,cat,0.95290625
3735,cat,cat,0.9998301
3736,cat,cat,0.9935347
3737,cat,cat,0.9999802
3738,cat,cat,0.9999995
3739,cat,cat,0.98704565
3740,cat,cat,0.9993781
3741,cat,cat,0.999998
3742,cat,cat,0.9705018
3743,cat,cat,0.9999188
3744,cat,cat,0.9999926
3745,cat,cat,0.9999995
3746,cat,cat,0.99931157
3747,cat,cat,0.9139827
3748,cat,cat,0.99999475
3749,cat,cat,0.9999517
3750,cat,cat,0.9999962
3751,cat,bird,0.9702444
3752,cat,cat,0.9970681
3753,cat,dog,0.81782466
3754,cat,cat,0.99999976
3755,cat,ship,0.9866889
3756,cat,cat,0.7745834
3757,cat,cat,0.9898335
3758,cat,cat,0.9999999
3759,cat,cat,1.0
3760,cat,cat,0.9999727
3761,cat,cat,0.9999994
3762,cat,cat,0.99999654
3763,cat,cat,0.9999995
3764,cat,cat,0.53589475
3765,cat,dog,0.8273816
3766,cat,cat,0.9787281
3767,cat,cat,0.99993277
3768,cat,cat,0.9997323
3769,cat,cat,0.99999607
3770,cat,cat,0.99726933
3771,cat,cat,0.9999776
3772,cat,cat,0.9983365
3773,cat,cat,0.99908876
3774,cat,cat,0.9999999
3775,cat,cat,0.9998317
3776,cat,cat,0.9999993
3777,cat,cat,0.99999857
3778,cat,cat,0.99391115
3779,cat,cat,1.0
3780,cat,cat,0.9896338
3781,cat,cat,1.0
3782,cat,cat,0.9834705
3783,cat,cat,0.4971928
3784,cat,dog,0.9445384
3785,cat,cat,0.9999999
3786,cat,cat,1.0
3787,cat,cat,1.0
3788,cat,cat,0.9973537
3789,cat,cat,0.99999714
3790,cat,cat,0.99999905
3791,cat,cat,1.0
3792,cat,cat,0.999998
3793,cat,cat,0.9998294
3794,cat,cat,0.99998474
3795,cat,cat,0.67369986
3796,cat,cat,0.9999945
3797,cat,cat,0.9999981
3798,cat,cat,0.9839091
3799,cat,cat,0.9999845
3800,cat,cat,0.999974
3801,cat,cat,1.0
3802,cat,cat,1.0
3803,cat,cat,0.99999917
3804,cat,cat,0.9265012
3805,cat,cat,0.9999999
3806,cat,cat,0.9999944
3807,cat,cat,0.9999989
3808,cat,cat,1.0
3809,cat,cat,1.0
3810,cat,cat,0.9729487
3811,cat,cat,0.9314707
3812,cat,cat,0.99999094
3813,cat,cat,0.99933857
3814,cat,cat,0.99999976
3815,cat,cat,0.99999666
3816,cat,cat,0.9999999
3817,cat,cat,0.99883157
3818,cat,cat,0.99999774
3819,cat,cat,0.9999976
3820,cat,cat,0.96801925
3821,cat,cat,0.9988894
3822,cat,cat,0.99937916
3823,cat,cat,0.9991504
3824,cat,cat,0.9999999
3825,cat,cat,1.0
3826,cat,cat,1.0
3827,cat,cat,1.0
3828,cat,cat,0.99999654
3829,cat,cat,0.9999982
3830,cat,cat,0.9999975
3831,cat,cat,0.9999981
3832,cat,cat,0.9999845
3833,cat,cat,0.9999999
3834,cat,cat,0.9999925
3835,cat,cat,0.99992657
3836,cat,cat,1.0
3837,cat,cat,0.7214571
3838,cat,cat,0.9996196
3839,cat,dog,0.99760324
3840,cat,cat,0.98174024
3841,cat,cat,0.98711014
3842,cat,cat,1.0
3843,cat,cat,1.0
3844,cat,cat,0.99999595
3845,cat,cat,0.9887987
3846,cat,cat,0.9998259
3847,cat,cat,0.99999785
3848,cat,cat,1.0
3849,cat,cat,0.99938285
3850,cat,cat,0.9999354
3851,cat,cat,1.0
3852,cat,dog,0.6281123
3853,cat,cat,0.9999589
3854,cat,cat,0.99821436
3855,cat,dog,0.95775354
3856,cat,cat,0.9997502
3857,cat,cat,0.9388292
3858,cat,cat,0.99998784
3859,cat,cat,0.9999937
3860,cat,cat,0.99970657
3861,cat,cat,1.0
3862,cat,cat,0.8052838
3863,cat,deer,0.9996824
3864,cat,dog,0.67504025
3865,cat,cat,0.9976108
3866,cat,cat,0.999907
3867,cat,cat,0.999961
3868,cat,cat,0.9999982
3869,cat,cat,0.97230613
3870,cat,cat,0.7199379
3871,cat,cat,0.9999999
3872,cat,frog,0.9834916
3873,cat,cat,0.9996928
3874,cat,cat,1.0
3875,cat,bird,0.99999297
3876,cat,cat,0.9999995
3877,cat,cat,0.9999964
3878,cat,cat,0.99999416
3879,cat,cat,0.9190211
3880,cat,cat,0.97446907
3881,cat,cat,0.9999653
3882,cat,cat,0.99018127
3883,cat,cat,0.9974439
3884,cat,cat,0.99758244
3885,cat,cat,0.99998856
3886,cat,cat,1.0
3887,cat,cat,1.0
3888,cat,cat,0.9959997
3889,cat,cat,0.9999999
3890,cat,cat,1.0
3891,cat,cat,0.9999913
3892,cat,cat,1.0
3893,cat,cat,1.0
3894,cat,cat,0.99822444
3895,cat,cat,1.0
3896,cat,deer,0.72020936
3897,cat,airplane,0.9897154
3898,cat,cat,0.9999957
3899,cat,dog,0.9630078
3900,cat,cat,0.9982784
3901,cat,cat,0.9999639
3902,cat,cat,0.9998061
3903,cat,cat,0.9996902
3904,cat,cat,0.999757
3905,cat,cat,0.99999964
3906,cat,cat,0.99999857
3907,cat,cat,0.99979717
3908,cat,cat,0.9996866
3909,cat,cat,0.997943
3910,cat,cat,0.72845346
3911,cat,cat,0.99803025
3912,cat,cat,1.0
3913,cat,cat,1.0
3914,cat,cat,0.99999964
3915,cat,cat,0.99999654
3916,cat,cat,0.99748296
3917,cat,cat,1.0
3918,cat,cat,1.0
3919,cat,cat,0.99935216
3920,cat,cat,0.9999999
3921,cat,cat,0.9999738
3922,cat,cat,1.0
3923,cat,cat,0.9999751
3924,cat,cat,1.0
3925,cat,cat,0.99980086
3926,cat,dog,0.958835
3927,cat,cat,0.9999975
3928,cat,cat,0.99885046
3929,cat,cat,0.9992398
3930,cat,cat,0.9950176
3931,cat,cat,0.9999924
3932,cat,cat,0.49658796
3933,cat,cat,0.9999896
3934,cat,cat,0.99999976
3935,cat,cat,1.0
3936,cat,bird,0.94544196
3937,cat,cat,0.99999976
3938,cat,cat,0.9953615
3939,cat,cat,0.9320776
3940,cat,cat,0.99999833
3941,cat,cat,0.91279054
3942,cat,cat,0.99999976
3943,cat,cat,0.9963509
3944,cat,cat,0.99999976
3945,cat,cat,1.0
3946,cat,cat,0.99948174
3947,cat,cat,0.9774418
3948,cat,cat,0.936259
3949,cat,cat,0.9998047
3950,cat,deer,0.86141
3951,cat,cat,1.0
3952,cat,cat,0.99999976
3953,cat,cat,0.9984723
3954,cat,cat,0.6834186
3955,cat,cat,0.9999869
3956,cat,cat,0.9999832
3957,cat,cat,0.99992275
3958,cat,cat,0.99999905
3959,cat,cat,1.0
3960,cat,cat,1.0
3961,cat,bird,0.49853173
3962,cat,cat,0.9999988
3963,cat,cat,0.9988858
3964,cat,cat,0.99652857
3965,cat,cat,0.9881307
3966,cat,cat,0.99820364
3967,cat,cat,1.0
3968,cat,cat,1.0
3969,cat,cat,1.0
3970,cat,cat,0.99994874
3971,cat,cat,0.9999881
3972,cat,cat,0.99896705
3973,cat,cat,0.9999213
3974,cat,cat,0.99847037
3975,cat,cat,0.9999821
3976,cat,cat,0.97502804
3977,cat,cat,1.0
3978,cat,cat,0.9999944
3979,cat,cat,0.993523
3980,cat,cat,0.99336725
3981,cat,cat,0.9999999
3982,cat,cat,1.0
3983,cat,cat,0.9999088
3984,cat,ship,0.90554297
3985,cat,cat,0.90495795
3986,cat,cat,0.999977
3987,cat,cat,0.9899212
3988,cat,cat,0.9992482
3989,cat,cat,0.90113723
3990,cat,cat,0.99998045
3991,cat,dog,0.7701397
3992,cat,cat,0.9999832
3993,cat,cat,0.98662347
3994,cat,cat,0.99866974
3995,cat,cat,0.96765536
3996,cat,cat,1.0
3997,cat,cat,0.999998
3998,cat,cat,0.9999999
3999,cat,cat,0.9969464
4000,deer,deer,0.99999905
4001,deer,deer,0.99998546
4002,deer,deer,0.9998957
4003,deer,deer,0.9998821
4004,deer,deer,1.0
4005,deer,deer,0.86609715
4006,deer,deer,0.9999999
4007,deer,deer,0.99999857
4008,deer,deer,0.99999976
4009,deer,deer,0.9999645
4010,deer,deer,0.999998
4011,deer,deer,1.0
4012,deer,bird,0.9467412
4013,deer,deer,0.9999838
4014,deer,deer,0.9959792
4015,deer,deer,0.999716
4016,deer,deer,0.99625564
4017,deer,deer,1.0
4018,deer,deer,1.0
4019,deer,deer,0.9999919
4020,deer,deer,1.0
4021,deer,deer,0.9999999
4022,deer,deer,0.9870227
4023,deer,deer,0.9999901
4024,deer,deer,0.9999838
4025,deer,deer,0.99999976
4026,deer,deer,0.99755657
4027,deer,deer,0.9999982
4028,deer,deer,0.999446
4029,deer,deer,0.99997175
4030,deer,deer,0.9994267
4031,deer,deer,0.9999994
4032,deer,deer,1.0
4033,deer,deer,0.99942267
4034,deer,deer,0.9999957
4035,deer,deer,0.9920065
4036,deer,deer,0.99998343
4037,deer,deer,1.0
4038,deer,deer,0.9999963
4039,deer,deer,0.9999902
4040,deer,deer,1.0
4041,deer,deer,0.99999976
4042,deer,deer,1.0
4043,deer,deer,1.0
4044,deer,deer,0.9999999
4045,deer,deer,0.9999995
4046,deer,deer,1.0
4047,deer,deer,1.0
4048,deer,deer,1.0
4049,deer,deer,0.99999833
4050,deer,deer,1.0
4051,deer,deer,0.999998
4052,deer,deer,0.9999999
4053,deer,deer,1.0
4054,deer,deer,0.99999917
4055,deer,deer,1.0
4056,deer,deer,1.0
4057,deer,deer,0.99972326
4058,deer,deer,0.95637304
4059,deer,deer,0.9999995
4060,deer,deer,0.99999774
4061,deer,deer,0.9999895
4062,deer,deer,0.9999919
4063,deer,deer,0.99999845
4064,deer,deer,0.9999981
4065,deer,deer,0.9985464
4066,deer,deer,0.9999999
4067,deer,deer,1.0
4068,deer,deer,0.9999784
4069,deer,deer,0.99998593
4070,deer,deer,0.99983096
4071,deer,deer,0.9999858
4072,deer,deer,1.0
4073,deer,deer,0.9968953
4074,deer,deer,0.99999905
4075,deer,deer,0.96738786
4076,deer,deer,0.9999988
4077,deer,deer,0.99859506
4078,deer,deer,0.9999877
4079,deer,deer,1.0
4080,deer,deer,0.999998
4081,deer,deer,1.0
4082,deer,deer,0.99999845
4083,deer,deer,1.0
4084,deer,deer,1.0
4085,deer,deer,0.9979963
4086,deer,deer,0.999997
4087,deer,deer,0.9999989
4088,deer,deer,1.0
4089,deer,deer,0.5155641
4090,deer,deer,0.99980515
4091,deer,deer,1.0
4092,deer,deer,0.99884796
4093,deer,deer,1.0
4094,deer,deer,0.9998447
4095,deer,deer,0.9999999
4096,deer,deer,0.95819366
4097,deer,horse,0.9852594
4098,deer,deer,0.99994814
4099,deer,deer,0.9999839
4100,deer,deer,0.9999981
4101,deer,deer,0.9971681
4102,deer,deer,0.9999999
4103,deer,deer,1.0
4104,deer,deer,0.9999999
4105,deer,deer,0.9999242
4106,deer,deer,1.0
4107,deer,deer,0.99999964
4108,deer,deer,1.0
4109,deer,deer,1.0
4110,deer,deer,0.99562705
4111,deer,deer,0.9995509
4112,deer,deer,0.99615675
4113,deer,deer,0.9999943
4114,deer,deer,0.99999845
4115,deer,deer,0.99534625
4116,deer,deer,0.9999999
4117,deer,deer,1.0
4118,deer,deer,1.0
4119,deer,deer,1.0
4120,deer,deer,0.99999976
4121,deer,deer,1.0
4122,deer,deer,0.99955255
4123,deer,deer,0.99999976
4124,deer,deer,1.0
4125,deer,deer,0.99984324
4126,deer,deer,0.99999917
4127,deer,deer,1.0
4128,deer,deer,0.99999976
4129,deer,deer,1.0
4130,deer,deer,0.9999931
4131,deer,deer,0.9999999
4132,deer,deer,1.0
4133,deer,deer,0.9999988
4134,deer,deer,0.9999987
4135,deer,deer,1.0
4136,deer,deer,0.99998796
4137,deer,deer,0.9937842
4138,deer,deer,1.0
4139,deer,deer,0.9999988
4140,deer,deer,1.0
4141,deer,deer,0.99999917
4142,deer,deer,0.999961
4143,deer,deer,0.99981314
4144,deer,deer,1.0
4145,deer,deer,0.9999999
4146,deer,deer,0.99999976
4147,deer,deer,0.9999999
4148,deer,deer,0.99999976
4149,deer,deer,0.9999981
4150,deer,deer,0.99999976
4151,deer,deer,0.99999976
4152,deer,deer,0.9999981
4153,deer,deer,1.0
4154,deer,deer,0.9999341
4155,deer,deer,0.9999982
4156,deer,deer,0.9999976
4157,deer,deer,0.9978275
4158,deer,deer,0.9999999
4159,deer,deer,0.9999999
4160,deer,deer,0.9999999
4161,deer,deer,0.9999999
4162,deer,deer,0.9995871
4163,deer,deer,0.99999976
4164,deer,deer,0.99999785
4165,deer,deer,0.9999999
4166,deer,deer,0.9999962
4167,deer,deer,0.9999988
4168,deer,deer,1.0
4169,deer,deer,0.9999876
4170,deer,deer,0.9999999
4171,deer,deer,1.0
4172,deer,deer,0.9999802
4173,deer,deer,0.9999999
4174,deer,deer,1.0
4175,deer,deer,0.99999917
4176,deer,deer,0.9999993
4177,deer,deer,0.9999746
4178,deer,deer,1.0
4179,deer,deer,0.9999999
4180,deer,deer,0.93699825
4181,deer,deer,0.9999999
4182,deer,deer,1.0
4183,deer,deer,0.9999995
4184,deer,deer,1.0
4185,deer,deer,1.0
4186,deer,deer,0.99381083
4187,deer,deer,0.9999989
4188,deer,deer,1.0
4189,deer,deer,1.0
4190,deer,deer,0.99999976
4191,deer,deer,0.99986684
4192,deer,deer,0.98994714
4193,deer,deer,1.0
4194,deer,deer,0.9999974
4195,deer,deer,0.9999269
4196,deer,deer,0.99999785
4197,deer,deer,0.9999981
4198,deer,deer,0.9999938
4199,deer,deer,1.0
4200,deer,deer,1.0
4201,deer,deer,0.9999999
4202,deer,deer,0.9999926
4203,deer,deer,0.9999975
4204,deer,deer,0.9998497
4205,deer,deer,0.99976546
4206,deer,deer,0.99999964
4207,deer,frog,0.9893854
4208,deer,deer,0.9999995
4209,deer,deer,0.9960168
4210,deer,deer,1.0
4211,deer,deer,1.0
4212,deer,deer,0.9999894
4213,deer,deer,1.0
4214,deer,deer,1.0
4215,deer,deer,1.0
4216,deer,deer,0.999796
4217,deer,deer,0.93410784
4218,deer,deer,1.0
4219,deer,deer,0.9999889
4220,deer,deer,0.9999815
4221,deer,deer,0.9999981
4222,deer,deer,1.0
4223,deer,deer,0.999992
4224,deer,deer,0.999746
4225,deer,deer,0.9999888
4226,deer,deer,1.0
4227,deer,deer,1.0
4228,deer,deer,1.0
4229,deer,deer,0.99999857
4230,deer,deer,0.97160846
4231,deer,deer,1.0
4232,deer,deer,0.9999994
4233,deer,deer,0.9999999
4234,deer,deer,0.9999138
4235,deer,deer,0.9999999
4236,deer,deer,0.99999857
4237,deer,deer,0.9999646
4238,deer,deer,0.9741277
4239,deer,deer,0.9999875
4240,deer,deer,0.99995697
4241,deer,deer,0.999974
4242,deer,deer,0.99999976
4243,deer,deer,0.99999905
4244,deer,deer,0.99999845
4245,deer,deer,1.0
4246,deer,deer,0.99998903
4247,deer,deer,0.99976915
4248,deer,deer,1.0
4249,deer,deer,0.99996305
4250,deer,deer,0.99380714
4251,deer,deer,0.9999999
4252,deer,deer,0.9996886
4253,deer,deer,0.999933
4254,deer,deer,1.0
4255,deer,deer,0.9014185
4256,deer,deer,1.0
4257,deer,deer,0.9999976
4258,deer,deer,0.99944586
4259,deer,deer,0.9999999
4260,deer,deer,0.99994504
4261,deer,deer,0.9999999
4262,deer,deer,0.99920493
4263,deer,deer,0.99999976
4264,deer,deer,0.9999943
4265,deer,deer,0.9999958
4266,deer,deer,0.9999912
4267,deer,deer,0.9999999
4268,deer,deer,0.99999976
4269,deer,deer,0.9995559
4270,deer,deer,1.0
4271,deer,deer,0.99995255
4272,deer,deer,0.99802256
4273,deer,deer,1.0
4274,deer,deer,0.9999999
4275,deer,deer,0.9999778
4276,deer,deer,1.0
4277,deer,deer,1.0
4278,deer,deer,1.0
4279,deer,deer,1.0
4280,deer,deer,0.99999905
4281,deer,deer,0.9999387
4282,deer,deer,0.999961
4283,deer,deer,0.96965784
4284,deer,deer,1.0
4285,deer,deer,0.9999994
4286,deer,deer,0.9999974
4287,deer,deer,1.0
4288,deer,deer,0.9999963
4289,deer,deer,1.0
4290,deer,deer,0.99892956
4291,deer,deer,0.99999833
4292,deer,deer,0.99724054
4293,deer,deer,0.9999999
4294,deer,deer,0.999959
4295,deer,deer,1.0
4296,deer,deer,0.999997
4297,deer,deer,0.99999666
4298,deer,deer,0.9976672
4299,deer,deer,1.0
4300,deer,deer,1.0
4301,deer,deer,0.9999862
4302,deer,deer,1.0
4303,deer,deer,1.0
4304,deer,deer,1.0
4305,deer,deer,0.99942577
4306,deer,deer,1.0
4307,deer,deer,1.0
4308,deer,deer,0.9999993
4309,deer,deer,1.0
4310,deer,deer,0.9999994
4311,deer,deer,0.9999981
4312,deer,deer,1.0
4313,deer,deer,0.99999857
4314,deer,deer,0.9999844
4315,deer,deer,1.0
4316,deer,deer,0.9999944
4317,deer,deer,0.9999596
4318,deer,deer,0.9999007
4319,deer,deer,1.0
4320,deer,deer,0.99999964
4321,deer,deer,0.9999999
4322,deer,deer,0.999998
4323,deer,deer,0.99999857
4324,deer,deer,0.9996942
4325,deer,deer,1.0
4326,deer,dog,0.77002674
4327,deer,deer,0.9999268
4328,deer,deer,0.66992
4329,deer,deer,1.0
4330,deer,deer,0.9999721
4331,deer,deer,0.9999987
4332,deer,deer,0.9999981
4333,deer,deer,0.9999989
4334,deer,deer,0.99999976
4335,deer,deer,0.9999807
4336,deer,deer,0.9996333
4337,deer,deer,1.0
4338,deer,deer,0.9999832
4339,deer,deer,1.0
4340,deer,deer,1.0
4341,deer,deer,0.9999999
4342,deer,deer,0.99999344
4343,deer,deer,0.8375329
4344,deer,deer,0.9787148
4345,deer,deer,0.99999976
4346,deer,deer,1.0
4347,deer,deer,0.9999999
4348,deer,deer,1.0
4349,deer,deer,1.0
4350,deer,deer,0.9999689
4351,deer,deer,0.9999995
4352,deer,deer,1.0
4353,deer,deer,0.9999999
4354,deer,deer,0.9999392
4355,deer,deer,0.99999297
4356,deer,deer,1.0
4357,deer,deer,1.0
4358,deer,deer,0.9999999
4359,deer,deer,1.0
4360,deer,deer,0.9999106
4361,deer,deer,1.0
4362,deer,dog,0.8115937
4363,deer,deer,0.99999976
4364,deer,deer,0.9999789
4365,deer,deer,0.9999857
4366,deer,deer,0.68412817
4367,deer,deer,0.9892797
4368,deer,deer,0.9994399
4369,deer,deer,1.0
4370,deer,deer,1.0
4371,deer,deer,0.9999993
4372,deer,deer,1.0
4373,deer,dog,0.37643957
4374,deer,deer,0.9999989
4375,deer,deer,0.9997336
4376,deer,cat,0.5021025
4377,deer,deer,0.99999785
4378,deer,horse,0.8591584
4379,deer,cat,0.9994886
4380,deer,deer,0.9999994
4381,deer,deer,0.9999956
4382,deer,deer,0.9998419
4383,deer,deer,0.9999975
4384,deer,deer,1.0
4385,deer,deer,0.9999813
4386,deer,deer,0.9999796
4387,deer,deer,1.0
4388,deer,deer,0.97571135
4389,deer,deer,0.999508
4390,deer,deer,0.9999999
4391,deer,deer,0.9999919
4392,deer,deer,0.9999931
4393,deer,deer,1.0
4394,deer,deer,1.0
4395,deer,deer,0.99998856
4396,deer,deer,0.9965694
4397,deer,deer,1.0
4398,deer,deer,0.9999999
4399,deer,deer,1.0
4400,deer,deer,0.9997271
4401,deer,deer,1.0
4402,deer,deer,0.99999964
4403,deer,deer,1.0
4404,deer,deer,1.0
4405,deer,deer,0.99997985
4406,deer,deer,0.9999999
4407,deer,deer,0.9999881
4408,deer,deer,0.9999981
4409,deer,deer,0.99998915
4410,deer,deer,0.9999939
4411,deer,deer,1.0
4412,deer,deer,0.9999907
4413,deer,dog,0.9230957
4414,deer,deer,0.9999999
4415,deer,deer,1.0
4416,deer,deer,1.0
4417,deer,deer,1.0
4418,deer,deer,0.9999801
4419,deer,deer,0.9999999
4420,deer,deer,1.0
4421,deer,deer,1.0
4422,deer,deer,1.0
4423,deer,deer,1.0
4424,deer,deer,1.0
4425,deer,deer,0.9999976
4426,deer,deer,0.9999999
4427,deer,deer,1.0
4428,deer,deer,1.0
4429,deer,deer,0.9998559
4430,deer,deer,0.9999988
4431,deer,deer,0.99999976
4432,deer,deer,0.99998987
4433,deer,deer,0.9999993
4434,deer,deer,0.9999502
4435,deer,deer,0.9999957
4436,deer,deer,1.0
4437,deer,deer,1.0
4438,deer,deer,1.0
4439,deer,deer,0.99999964
4440,deer,deer,0.9999938
4441,deer,deer,0.48881596
4442,deer,deer,1.0
4443,deer,deer,1.0
4444,deer,deer,0.98750556
4445,deer,deer,1.0
4446,deer,deer,0.99999726
4447,deer,deer,1.0
4448,deer,deer,0.9999348
4449,deer,deer,0.9999931
4450,deer,deer,0.99999964
4451,deer,deer,0.99999976
4452,deer,deer,1.0
4453,deer,deer,0.9999993
4454,deer,deer,1.0
4455,deer,deer,1.0
4456,deer,deer,0.9999999
4457,deer,deer,0.9998282
4458,deer,deer,1.0
4459,deer,deer,0.9999994
4460,deer,deer,0.99587125
4461,deer,deer,0.9999999
4462,deer,deer,0.9998915
4463,deer,deer,1.0
4464,deer,deer,0.9999039
4465,deer,deer,1.0
4466,deer,deer,1.0
4467,deer,deer,0.99999917
4468,deer,deer,1.0
4469,deer,deer,1.0
4470,deer,deer,1.0
4471,deer,deer,0.9999999
4472,deer,deer,1.0
4473,deer,deer,0.9998248
4474,deer,deer,1.0
4475,deer,deer,0.9999994
4476,deer,deer,1.0
4477,deer,deer,0.9999802
4478,deer,deer,0.7614476
4479,deer,deer,1.0
4480,deer,deer,0.99999976
4481,deer,deer,0.9999976
4482,deer,deer,0.99999976
4483,deer,deer,0.99999917
4484,deer,deer,1.0
4485,deer,deer,0.9999988
4486,deer,deer,0.99999976
4487,deer,deer,0.9986039
4488,deer,deer,1.0
4489,deer,deer,1.0
4490,deer,deer,0.9999939
4491,deer,deer,0.9999893
4492,deer,deer,0.98592573
4493,deer,deer,0.99994874
4494,deer,deer,0.99997294
4495,deer,deer,0.9999999
4496,deer,deer,0.9991399
4497,deer,deer,0.9999994
4498,deer,deer,0.99999976
4499,deer,deer,0.99999964
4500,deer,deer,1.0
4501,deer,deer,0.9999645
4502,deer,deer,0.99991095
4503,deer,deer,0.9999993
4504,deer,deer,0.9999995
4505,deer,deer,1.0
4506,deer,deer,0.9943737
4507,deer,deer,0.9999962
4508,deer,deer,1.0
4509,deer,deer,0.99999
4510,deer,deer,0.9999676
4511,deer,deer,0.99990654
4512,deer,deer,0.90296364
4513,deer,deer,0.99997973
4514,deer,deer,1.0
4515,deer,deer,0.9999999
4516,deer,deer,0.9999652
4517,deer,dog,0.5973909
4518,deer,deer,0.99992394
4519,deer,deer,1.0
4520,deer,deer,0.9978672
4521,deer,deer,0.9995598
4522,deer,cat,0.63358617
4523,deer,deer,0.94507205
4524,deer,deer,0.999887
4525,deer,deer,0.99999166
4526,deer,cat,0.92230546
4527,deer,deer,0.99999917
4528,deer,deer,0.9997187
4529,deer,bird,0.58591485
4530,deer,deer,0.99999917
4531,deer,deer,1.0
4532,deer,deer,0.9999901
4533,deer,deer,0.99999654
4534,deer,deer,0.99751663
4535,deer,deer,1.0
4536,deer,deer,0.99993956
4537,deer,deer,1.0
4538,deer,deer,0.9101642
4539,deer,deer,1.0
4540,deer,deer,0.99999416
4541,deer,deer,0.9999919
4542,deer,deer,1.0
4543,deer,deer,1.0
4544,deer,deer,0.9999951
4545,deer,deer,0.9999981
4546,deer,deer,1.0
4547,deer,deer,0.9999999
4548,deer,deer,0.9936279
4549,deer,deer,1.0
4550,deer,deer,0.9998186
4551,deer,deer,0.9999956
4552,deer,deer,0.9999957
4553,deer,deer,0.9999895
4554,deer,deer,0.99999964
4555,deer,deer,0.999982
4556,deer,deer,0.99993587
4557,deer,deer,0.99991345
4558,deer,deer,0.9999999
4559,deer,deer,0.99909234
4560,deer,deer,0.9999999
4561,deer,deer,1.0
4562,deer,deer,0.99999976
4563,deer,deer,1.0
4564,deer,deer,0.9999989
4565,deer,deer,1.0
4566,deer,deer,1.0
4567,deer,deer,0.9999678
4568,deer,deer,0.9971596
4569,deer,deer,1.0
4570,deer,deer,0.99999857
4571,deer,deer,1.0
4572,deer,deer,0.9999621
4573,deer,deer,0.9999999
4574,deer,deer,0.9999467
4575,deer,deer,0.9999999
4576,deer,deer,0.9999927
4577,deer,deer,1.0
4578,deer,deer,0.9999902
4579,deer,deer,0.9956448
4580,deer,deer,1.0
4581,deer,deer,0.99999976
4582,deer,deer,1.0
4583,deer,deer,0.9999999
4584,deer,deer,0.99999857
4585,deer,deer,1.0
4586,deer,deer,0.9997836
4587,deer,deer,0.9999201
4588,deer,deer,1.0
4589,deer,deer,0.9999999
4590,deer,deer,0.99912983
4591,deer,deer,0.9999999
4592,deer,deer,1.0
4593,deer,deer,0.9999964
4594,deer,deer,0.9999993
4595,deer,deer,0.9999639
4596,deer,deer,0.9999995
4597,deer,deer,1.0
4598,deer,deer,0.9999999
4599,deer,deer,0.99999964
4600,deer,deer,0.97302836
4601,deer,deer,1.0
4602,deer,deer,1.0
4603,deer,deer,0.998444
4604,deer,deer,1.0
4605,deer,deer,0.97336257
4606,deer,deer,0.99996483
4607,deer,deer,1.0
4608,deer,deer,0.9999881
4609,deer,deer,0.9999995
4610,deer,deer,0.9999565
4611,deer,deer,0.99999976
4612,deer,deer,0.9999871
4613,deer,deer,0.999998
4614,deer,deer,0.99996865
4615,deer,deer,0.9999999
4616,deer,deer,0.9997632
4617,deer,deer,1.0
4618,deer,bird,0.49565747
4619,deer,deer,1.0
4620,deer,deer,0.9999993
4621,deer,deer,0.9998574
4622,deer,deer,0.9866247
4623,deer,deer,0.9999937
4624,deer,deer,1.0
4625,deer,deer,0.99999976
4626,deer,deer,0.9859913
4627,deer,deer,1.0
4628,deer,deer,0.9999999
4629,deer,deer,0.99321246
4630,deer,deer,0.9999994
4631,deer,deer,0.999979
4632,deer,deer,0.9999621
4633,deer,deer,0.99999964
4634,deer,deer,0.9999999
4635,deer,deer,0.99984634
4636,deer,deer,0.999998
4637,deer,deer,0.9996878
4638,deer,deer,0.9999615
4639,deer,deer,0.9996985
4640,deer,deer,1.0
4641,deer,deer,0.9937733
4642,deer,deer,0.81253153
4643,deer,deer,0.94572955
4644,deer,deer,0.9980153
4645,deer,deer,0.999915
4646,deer,deer,0.99997866
4647,deer,deer,0.9905195
4648,deer,deer,1.0
4649,deer,deer,0.9999999
4650,deer,deer,0.9999932
4651,deer,deer,0.9999995
4652,deer,deer,1.0
4653,deer,deer,0.9999248
4654,deer,deer,0.99995613
4655,deer,deer,0.9999999
4656,deer,deer,0.99999356
4657,deer,deer,1.0
4658,deer,deer,0.99998486
4659,deer,deer,0.9999944
4660,deer,deer,0.99995065
4661,deer,deer,0.71174484
4662,deer,deer,1.0
4663,deer,deer,0.9994474
4664,deer,deer,0.992201
4665,deer,deer,0.9999664
4666,deer,deer,1.0
4667,deer,deer,0.9999881
4668,deer,deer,0.9999988
4669,deer,deer,1.0
4670,deer,deer,1.0
4671,deer,deer,1.0
4672,deer,cat,0.527701
4673,deer,deer,0.99999344
4674,deer,deer,0.99999166
4675,deer,deer,0.99255073
4676,deer,deer,0.9999956
4677,deer,deer,0.99999857
4678,deer,deer,0.9997981
4679,deer,deer,0.99998546
4680,deer,deer,0.9999924
4681,deer,deer,1.0
4682,deer,deer,1.0
4683,deer,deer,1.0
4684,deer,deer,0.9999974
4685,deer,deer,0.99999976
4686,deer,deer,0.999995
4687,deer,deer,1.0
4688,deer,deer,0.9999136
4689,deer,deer,0.99997735
4690,deer,deer,0.9999975
4691,deer,deer,0.9999999
4692,deer,deer,0.9999933
4693,deer,deer,0.9999999
4694,deer,deer,0.99999905
4695,deer,deer,0.9999999
4696,deer,deer,0.9999974
4697,deer,deer,0.9999598
4698,deer,deer,0.99999964
4699,deer,cat,0.6166264
4700,deer,deer,0.46823865
4701,deer,deer,1.0
4702,deer,deer,0.99998105
4703,deer,deer,0.99999607
4704,deer,deer,1.0
4705,deer,deer,0.9999975
4706,deer,deer,0.99999475
4707,deer,deer,1.0
4708,deer,deer,0.9998561
4709,deer,deer,0.9999646
4710,deer,deer,1.0
4711,deer,deer,0.9978467
4712,deer,deer,1.0
4713,deer,deer,0.9999808
4714,deer,deer,0.9991142
4715,deer,deer,1.0
4716,deer,deer,0.9999939
4717,deer,deer,0.99999976
4718,deer,deer,1.0
4719,deer,deer,1.0
4720,deer,deer,0.9997086
4721,deer,deer,0.99999964
4722,deer,deer,1.0
4723,deer,deer,0.9999938
4724,deer,deer,1.0
4725,deer,deer,0.99941254
4726,deer,deer,1.0
4727,deer,deer,0.9998964
4728,deer,deer,0.9993807
4729,deer,deer,0.98647213
4730,deer,deer,0.9999981
4731,deer,deer,1.0
4732,deer,deer,1.0
4733,deer,deer,0.99999917
4734,deer,deer,1.0
4735,deer,deer,1.0
4736,deer,deer,0.99994695
4737,deer,deer,0.9999969
4738,deer,deer,0.99999976
4739,deer,deer,0.99865305
4740,deer,deer,0.9999945
4741,deer,deer,0.9999999
4742,deer,deer,1.0
4743,deer,deer,0.9999995
4744,deer,deer,0.99999976
4745,deer,deer,1.0
4746,deer,deer,1.0
4747,deer,deer,1.0
4748,deer,deer,0.99999976
4749,deer,deer,0.9999919
4750,deer,deer,1.0
4751,deer,deer,1.0
4752,deer,deer,0.99999833
4753,deer,deer,1.0
4754,deer,deer,1.0
4755,deer,deer,1.0
4756,deer,deer,0.9999691
4757,deer,deer,0.9999926
4758,deer,deer,1.0
4759,deer,deer,1.0
4760,deer,deer,1.0
4761,deer,deer,0.99997747
4762,deer,deer,1.0
4763,deer,deer,0.9999956
4764,deer,deer,1.0
4765,deer,deer,1.0
4766,deer,deer,0.99992955
4767,deer,deer,0.9989353
4768,deer,deer,0.9999974
4769,deer,deer,1.0
4770,deer,deer,0.9999982
4771,deer,deer,0.99999976
4772,deer,deer,1.0
4773,deer,deer,1.0
4774,deer,cat,0.97815585
4775,deer,deer,0.99995494
4776,deer,deer,0.99997795
4777,deer,deer,0.9999989
4778,deer,deer,0.99999833
4779,deer,deer,0.9998305
4780,deer,deer,1.0
4781,deer,deer,1.0
4782,deer,deer,0.999913
4783,deer,deer,0.9999629
4784,deer,deer,0.99997795
4785,deer,deer,0.99999404
4786,deer,deer,1.0
4787,deer,deer,0.97127974
4788,deer,deer,0.9999945
4789,deer,deer,0.9999907
4790,deer,deer,0.99996424
4791,deer,deer,1.0
4792,deer,deer,0.99999976
4793,deer,deer,1.0
4794,deer,deer,1.0
4795,deer,deer,0.82420695
4796,deer,deer,0.99935466
4797,deer,deer,1.0
4798,deer,deer,0.8912122
4799,deer,deer,0.9999639
4800,deer,deer,1.0
4801,deer,deer,0.9999993
4802,deer,deer,0.9999999
4803,deer,deer,0.9962125
4804,deer,deer,1.0
4805,deer,deer,0.99999905
4806,deer,deer,0.9999974
4807,deer,deer,0.999998
4808,deer,deer,1.0
4809,deer,deer,0.96532595
4810,deer,deer,0.9996549
4811,deer,deer,0.99347055
4812,deer,deer,0.9865763
4813,deer,deer,0.9932052
4814,deer,deer,1.0
4815,deer,deer,0.9999956
4816,deer,deer,0.99999917
4817,deer,deer,0.9999993
4818,deer,deer,0.9999914
4819,deer,deer,0.99963284
4820,deer,deer,0.99999535
4821,deer,deer,0.99658656
4822,deer,deer,1.0
4823,deer,deer,0.99999404
4824,deer,deer,1.0
4825,deer,deer,0.98914003
4826,deer,deer,0.99999964
4827,deer,deer,0.9999999
4828,deer,deer,0.99905604
4829,deer,deer,1.0
4830,deer,deer,0.999938
4831,deer,deer,0.99976677
4832,deer,airplane,0.983566
4833,deer,deer,0.99998367
4834,deer,deer,0.9999913
4835,deer,deer,0.99999917
4836,deer,deer,0.99954575
4837,deer,deer,1.0
4838,deer,deer,0.9999995
4839,deer,deer,0.9999999
4840,deer,deer,1.0
4841,deer,deer,1.0
4842,deer,deer,1.0
4843,deer,deer,0.9999999
4844,deer,deer,1.0
4845,deer,deer,0.9371612
4846,deer,deer,1.0
4847,deer,deer,0.99999976
4848,deer,deer,0.9999999
4849,deer,deer,0.9999999
4850,deer,deer,0.9999957
4851,deer,deer,0.9999994
4852,deer,deer,0.99999654
4853,deer,deer,0.9999807
4854,deer,deer,1.0
4855,deer,deer,0.9998714
4856,deer,deer,1.0
4857,deer,deer,0.9999975
4858,deer,deer,0.9999999
4859,deer,deer,0.9999846
4860,deer,deer,0.9999987
4861,deer,deer,0.9999999
4862,deer,deer,0.9999999
4863,deer,deer,0.9999995
4864,deer,deer,0.9998379
4865,deer,deer,0.9996381
4866,deer,deer,0.9999956
4867,deer,deer,1.0
4868,deer,deer,1.0
4869,deer,deer,0.9996612
4870,deer,deer,0.99972767
4871,deer,deer,0.9998423
4872,deer,deer,0.99999976
4873,deer,deer,0.9979699
4874,deer,deer,0.99999523
4875,deer,deer,0.9997211
4876,deer,deer,1.0
4877,deer,deer,0.90391064
4878,deer,deer,0.9999993
4879,deer,deer,1.0
4880,deer,deer,1.0
4881,deer,deer,0.9999999
4882,deer,deer,0.99999106
4883,deer,deer,0.999508
4884,deer,deer,1.0
4885,deer,deer,0.93243265
4886,deer,deer,0.9999975
4887,deer,deer,0.99999046
4888,deer,deer,0.99999416
4889,deer,deer,0.99999976
4890,deer,deer,0.9999844
4891,deer,deer,0.99994206
4892,deer,deer,0.9880796
4893,deer,deer,0.9999995
4894,deer,deer,0.99999964
4895,deer,deer,0.9720362
4896,deer,deer,0.99268264
4897,deer,deer,0.9992955
4898,deer,deer,0.999997
4899,deer,deer,0.99996173
4900,deer,deer,0.99999666
4901,deer,deer,0.9999492
4902,deer,deer,1.0
4903,deer,deer,1.0
4904,deer,deer,0.9999695
4905,deer,deer,0.99999917
4906,deer,deer,0.99787843
4907,deer,deer,0.99999845
4908,deer,deer,1.0
4909,deer,deer,0.9998926
4910,deer,deer,0.99999714
4911,deer,deer,0.96746397
4912,deer,deer,1.0
4913,deer,deer,0.99940205
4914,deer,deer,0.9997236
4915,deer,deer,0.9999862
4916,deer,deer,0.99999154
4917,deer,deer,1.0
4918,deer,deer,1.0
4919,deer,deer,0.999931
4920,deer,deer,0.9999995
4921,deer,deer,1.0
4922,deer,deer,0.99999976
4923,deer,deer,0.9999976
4924,deer,deer,0.9999919
4925,deer,deer,1.0
4926,deer,deer,1.0
4927,deer,deer,1.0
4928,deer,deer,1.0
4929,deer,deer,0.99999547
4930,deer,deer,0.99999917
4931,deer,deer,0.99999404
4932,deer,deer,1.0
4933,deer,deer,0.999998
4934,deer,deer,0.99999964
4935,deer,deer,0.99999976
4936,deer,deer,0.9999999
4937,deer,deer,0.9999999
4938,deer,deer,0.9999949
4939,deer,deer,0.9999975
4940,deer,deer,0.99999976
4941,deer,deer,0.99999964
4942,deer,deer,0.99999976
4943,deer,deer,0.9999995
4944,deer,deer,0.9999999
4945,deer,deer,0.99999976
4946,deer,deer,0.9999987
4947,deer,deer,1.0
4948,deer,deer,1.0
4949,deer,deer,0.9999194
4950,deer,deer,1.0
4951,deer,deer,0.99600667
4952,deer,deer,1.0
4953,deer,deer,0.99999976
4954,deer,deer,0.9999932
4955,deer,deer,1.0
4956,deer,deer,0.999998
4957,deer,deer,0.99971193
4958,deer,deer,1.0
4959,deer,deer,1.0
4960,deer,deer,1.0
4961,deer,deer,1.0
4962,deer,deer,1.0
4963,deer,deer,0.9999771
4964,deer,deer,1.0
4965,deer,deer,0.9998987
4966,deer,deer,1.0
4967,deer,deer,0.99999976
4968,deer,deer,0.99683386
4969,deer,deer,0.99999654
4970,deer,deer,0.9999995
4971,deer,deer,1.0
4972,deer,deer,1.0
4973,deer,deer,0.9999995
4974,deer,deer,0.9999058
4975,deer,deer,0.99376196
4976,deer,deer,0.9999976
4977,deer,deer,0.99999976
4978,deer,deer,1.0
4979,deer,deer,0.9958834
4980,deer,deer,0.9993567
4981,deer,deer,1.0
4982,deer,deer,1.0
4983,deer,deer,0.99990785
4984,deer,deer,0.94825995
4985,deer,deer,0.99999964
4986,deer,deer,1.0
4987,deer,deer,1.0
4988,deer,deer,1.0
4989,deer,deer,0.81640154
4990,deer,deer,0.99999964
4991,deer,deer,0.99998546
4992,deer,deer,0.99999034
4993,deer,deer,1.0
4994,deer,deer,0.999998
4995,deer,deer,1.0
4996,deer,deer,0.99999905
4997,deer,deer,0.9999999
4998,deer,deer,1.0
4999,deer,deer,0.7466137
5000,dog,dog,0.9999821
5001,dog,dog,0.9999999
5002,dog,dog,0.9999999
5003,dog,dog,0.99999964
5004,dog,dog,0.75798625
5005,dog,dog,0.99999774
5006,dog,dog,0.99997234
5007,dog,dog,0.999114
5008,dog,dog,0.99996555
5009,dog,dog,0.8330331
5010,dog,dog,0.9999933
5011,dog,dog,0.99999034
5012,dog,dog,0.999997
5013,dog,dog,0.9996923
5014,dog,dog,0.9999994
5015,dog,cat,0.5839898
5016,dog,dog,0.99999607
5017,dog,dog,0.99998665
5018,dog,dog,0.99991155
5019,dog,dog,0.9999975
5020,dog,dog,1.0
5021,dog,dog,0.99998164
5022,dog,dog,0.9083685
5023,dog,dog,0.9999927
5024,dog,dog,0.9999802
5025,dog,dog,0.9999999
5026,dog,dog,0.99999297
5027,dog,dog,0.9123856
5028,dog,dog,0.99998677
5029,dog,dog,0.9999989
5030,dog,dog,0.9999956
5031,dog,dog,0.99999535
5032,dog,dog,0.9999627
5033,dog,dog,0.9998029
5034,dog,dog,0.9999671
5035,dog,dog,0.999992
5036,dog,dog,0.99994874
5037,dog,dog,0.9999181
5038,dog,dog,0.999987
5039,dog,dog,0.99990046
5040,dog,dog,0.99999213
5041,dog,dog,0.99948883
5042,dog,dog,0.9999912
5043,dog,dog,0.99769175
5044,dog,dog,0.9999311
5045,dog,dog,0.92739546
5046,dog,dog,0.9999999
5047,dog,dog,0.56213814
5048,dog,dog,0.99312806
5049,dog,dog,0.9999999
5050,dog,dog,0.99994326
5051,dog,dog,0.96305174
5052,dog,dog,0.9997012
5053,dog,dog,0.9999963
5054,dog,dog,1.0
5055,dog,dog,0.99999905
5056,dog,dog,0.9991998
5057,dog,dog,0.9999906
5058,dog,dog,0.91350734
5059,dog,dog,0.9999999
5060,dog,dog,0.99999475
5061,dog,cat,0.8442233
5062,dog,dog,0.9999963
5063,dog,dog,1.0
5064,dog,dog,0.9759034
5065,dog,dog,0.99391973
5066,dog,dog,0.5914908
5067,dog,dog,0.99999976
5068,dog,dog,0.99999833
5069,dog,dog,0.99999976
5070,dog,dog,1.0
5071,dog,dog,0.99999976
5072,dog,dog,0.99856585
5073,dog,dog,0.9995671
5074,dog,dog,0.9999491
5075,dog,dog,0.6985797
5076,dog,dog,0.99997723
5077,dog,dog,0.9998573
5078,dog,dog,0.9953181
5079,dog,dog,0.9999993
5080,dog,dog,0.9999912
5081,dog,deer,0.47461814
5082,dog,dog,0.9999769
5083,dog,dog,0.907627
5084,dog,dog,0.99999833
5085,dog,dog,0.99990046
5086,dog,dog,0.9977391
5087,dog,dog,0.9652864
5088,dog,dog,0.9999999
5089,dog,dog,1.0
5090,dog,cat,0.5672951
5091,dog,dog,0.99786854
5092,dog,dog,0.9999999
5093,dog,dog,0.9999937
5094,dog,dog,0.9997116
5095,dog,dog,0.99999976
5096,dog,dog,0.9999968
5097,dog,dog,0.9999348
5098,dog,dog,0.9998894
5099,dog,cat,0.5033815
5100,dog,dog,1.0
5101,dog,dog,0.99892944
5102,dog,dog,0.64512175
5103,dog,dog,0.9999957
5104,dog,dog,0.99505794
5105,dog,dog,0.9999629
5106,dog,dog,0.99714357
5107,dog,dog,0.99997056
5108,dog,dog,0.99999034
5109,dog,dog,0.9998797
5110,dog,dog,0.9999999
5111,dog,dog,1.0
5112,dog,dog,0.9999789
5113,dog,dog,0.9980927
5114,dog,dog,0.99068135
5115,dog,dog,0.99999845
5116,dog,dog,0.9986966
5117,dog,dog,0.9838447
5118,dog,dog,0.9999999
5119,dog,dog,0.999778
5120,dog,dog,1.0
5121,dog,dog,0.99999833
5122,dog,dog,0.99999976
5123,dog,dog,0.9999993
5124,dog,dog,0.9998393
5125,dog,dog,0.9901782
5126,dog,horse,0.78497547
5127,dog,dog,0.982251
5128,dog,dog,0.50071836
5129,dog,dog,0.9999125
5130,dog,dog,0.9999999
5131,dog,dog,0.9992312
5132,dog,dog,0.9986634
5133,dog,dog,0.999582
5134,dog,dog,0.99999
5135,dog,dog,0.8702076
5136,dog,dog,0.9999999
5137,dog,dog,0.99999976
5138,dog,dog,0.999998
5139,dog,dog,0.99999964
5140,dog,dog,0.9999825
5141,dog,dog,0.9999825
5142,dog,dog,0.999997
5143,dog,dog,0.9999739
5144,dog,dog,0.99997604
5145,dog,dog,1.0
5146,dog,dog,0.99999976
5147,dog,dog,0.99703133
5148,dog,dog,0.86413383
5149,dog,dog,0.99996567
5150,dog,dog,0.9999988
5151,dog,dog,0.99999964
5152,dog,dog,0.999845
5153,dog,dog,0.9985637
5154,dog,dog,0.99999845
5155,dog,dog,0.999637
5156,dog,dog,0.99999344
5157,dog,dog,0.999869
5158,dog,dog,0.72920495
5159,dog,dog,0.9916414
5160,dog,dog,1.0
5161,dog,dog,0.9998294
5162,dog,dog,0.9999994
5163,dog,dog,0.99991393
5164,dog,dog,0.9999994
5165,dog,dog,0.9941723
5166,dog,dog,0.99999845
5167,dog,dog,0.99999714
5168,dog,dog,0.9999784
5169,dog,dog,0.9983864
5170,dog,dog,0.9999999
5171,dog,dog,0.7830961
5172,dog,dog,0.99999917
5173,dog,dog,1.0
5174,dog,cat,0.9894683
5175,dog,dog,0.9999993
5176,dog,dog,0.9923907
5177,dog,dog,0.99999976
5178,dog,dog,0.9652973
5179,dog,dog,0.9999995
5180,dog,dog,0.9999815
5181,dog,dog,0.9990337
5182,dog,dog,0.9999857
5183,dog,dog,0.99998975
5184,dog,dog,0.9999994
5185,dog,dog,0.99906844
5186,dog,dog,1.0
5187,dog,dog,0.7279373
5188,dog,dog,0.9999975
5189,dog,dog,1.0
5190,dog,dog,0.9995049
5191,dog,dog,0.99990773
5192,dog,dog,0.99999964
5193,dog,dog,0.99986124
5194,dog,dog,0.9999913
5195,dog,dog,0.99993694
5196,dog,dog,0.999902
5197,dog,dog,1.0
5198,dog,dog,0.99999845
5199,dog,dog,0.9999999
5200,dog,dog,0.9999777
5201,dog,dog,0.685422
5202,dog,dog,1.0
5203,dog,dog,0.9962262
5204,dog,dog,0.99999964
5205,dog,dog,0.9721533
5206,dog,dog,0.9999496
5207,dog,dog,0.9856588
5208,dog,dog,0.99999726
5209,dog,dog,0.9999944
5210,dog,dog,0.99977297
5211,dog,dog,0.99714667
5212,dog,dog,0.99999833
5213,dog,dog,0.9849182
5214,dog,dog,0.9999995
5215,dog,dog,0.999966
5216,dog,dog,0.9999999
5217,dog,dog,0.99999976
5218,dog,dog,0.9999968
5219,dog,dog,0.9999999
5220,dog,dog,1.0
5221,dog,dog,0.9999993
5222,dog,dog,0.99999094
5223,dog,dog,0.9999627
5224,dog,dog,0.99998796
5225,dog,dog,0.99965906
5226,dog,dog,0.99726176
5227,dog,dog,0.99997985
5228,dog,dog,0.9999999
5229,dog,dog,0.9998086
5230,dog,cat,0.9994091
5231,dog,dog,0.9997514
5232,dog,dog,0.9999999
5233,dog,dog,0.99999666
5234,dog,dog,0.99997973
5235,dog,dog,0.9999633
5236,dog,dog,0.9999273
5237,dog,dog,0.99921453
5238,dog,dog,0.9997571
5239,dog,dog,0.9999932
5240,dog,dog,1.0
5241,dog,dog,0.848178
5242,dog,automobile,0.8465608
5243,dog,dog,0.999874
5244,dog,dog,0.9999058
5245,dog,dog,0.9999827
5246,dog,dog,0.99999976
5247,dog,dog,1.0
5248,dog,cat,0.9455812
5249,dog,dog,0.9999819
5250,dog,dog,0.99999654
5251,dog,bird,0.7573285
5252,dog,dog,0.9979365
5253,dog,dog,1.0
5254,dog,dog,0.99996686
5255,dog,dog,0.93879294
5256,dog,dog,0.99995077
5257,dog,dog,0.9999968
5258,dog,dog,0.99993443
5259,dog,dog,0.9999473
5260,dog,dog,0.9952526
5261,dog,dog,0.99998164
5262,dog,dog,0.92225873
5263,dog,dog,0.9991254
5264,dog,dog,0.9999989
5265,dog,dog,0.99990344
5266,dog,dog,0.99262565
5267,dog,dog,0.9999815
5268,dog,dog,0.9901065
5269,dog,dog,0.99999285
5270,dog,dog,1.0
5271,dog,dog,0.99998784
5272,dog,dog,0.99999964
5273,dog,dog,0.9986123
5274,dog,dog,0.99991786
5275,dog,dog,0.99998546
5276,dog,dog,0.99999106
5277,dog,dog,0.9999224
5278,dog,dog,1.0
5279,dog,dog,0.99999917
5280,dog,dog,0.9999999
5281,dog,dog,1.0
5282,dog,dog,0.9970898
5283,dog,dog,0.99863654
5284,dog,dog,0.9994804
5285,dog,dog,0.99999917
5286,dog,dog,0.99999976
5287,dog,dog,0.9998436
5288,dog,dog,0.9999466
5289,dog,dog,0.9999989
5290,dog,dog,1.0
5291,dog,dog,0.9999677
5292,dog,dog,0.9999994
5293,dog,dog,0.99999535
5294,dog,dog,0.9987612
5295,dog,dog,0.99920505
5296,dog,dog,1.0
5297,dog,cat,0.8772605
5298,dog,dog,0.98764694
5299,dog,dog,0.99999976
5300,dog,cat,0.94666076
5301,dog,dog,0.99956805
5302,dog,dog,0.9999981
5303,dog,dog,0.99999154
5304,dog,dog,1.0
5305,dog,dog,1.0
5306,dog,deer,0.9838484
5307,dog,dog,0.9999974
5308,dog,dog,0.9999993
5309,dog,cat,0.5033626
5310,dog,dog,0.9954144
5311,dog,dog,0.9999994
5312,dog,dog,0.99901056
5313,dog,dog,0.99991727
5314,dog,dog,0.9682063
5315,dog,dog,0.9999995
5316,dog,dog,0.99996555
5317,dog,dog,1.0
5318,dog,dog,1.0
5319,dog,dog,0.99975175
5320,dog,dog,0.9999281
5321,dog,dog,0.9999578
5322,dog,dog,1.0
5323,dog,dog,0.7502203
5324,dog,dog,0.99970204
5325,dog,dog,0.9999951
5326,dog,dog,0.9999043
5327,dog,dog,0.99999344
5328,dog,dog,0.9999924
5329,dog,dog,0.9999832
5330,dog,dog,0.9999788
5331,dog,dog,0.9981686
5332,dog,dog,0.9999994
5333,dog,dog,0.9994067
5334,dog,dog,0.99971145
5335,dog,dog,1.0
5336,dog,dog,0.9999914
5337,dog,dog,0.9999801
5338,dog,dog,0.9999349
5339,dog,dog,0.86158776
5340,dog,dog,0.99984753
5341,dog,dog,1.0
5342,dog,dog,0.99999654
5343,dog,dog,0.9999958
5344,dog,dog,0.9999999
5345,dog,dog,0.836657
5346,dog,dog,0.9999995
5347,dog,dog,0.99999976
5348,dog,dog,0.99999964
5349,dog,dog,0.9999976
5350,dog,dog,0.9984779
5351,dog,dog,0.99936
5352,dog,dog,0.99990904
5353,dog,dog,1.0
5354,dog,dog,0.9999044
5355,dog,dog,0.99998
5356,dog,dog,0.9999995
5357,dog,dog,0.99999964
5358,dog,deer,0.72048455
5359,dog,dog,0.99999905
5360,dog,dog,0.7913827
5361,dog,dog,0.99999905
5362,dog,dog,0.9999927
5363,dog,dog,0.9712359
5364,dog,dog,0.9777671
5365,dog,dog,0.999987
5366,dog,dog,0.88266563
5367,dog,dog,0.99999917
5368,dog,dog,1.0
5369,dog,dog,0.9999969
5370,dog,dog,1.0
5371,dog,dog,0.9998907
5372,dog,dog,0.9978278
5373,dog,dog,0.9999949
5374,dog,dog,0.9999268
5375,dog,dog,1.0
5376,dog,dog,0.99960166
5377,dog,dog,0.99999976
5378,dog,dog,0.99956363
5379,dog,dog,0.9999974
5380,dog,dog,0.9441079
5381,dog,dog,0.9861411
5382,dog,dog,0.9999999
5383,dog,dog,0.9997321
5384,dog,dog,0.9997185
5385,dog,dog,0.9999999
5386,dog,dog,0.9999924
5387,dog,dog,0.9997261
5388,dog,dog,0.997584
5389,dog,dog,0.9999993
5390,dog,dog,0.9999982
5391,dog,dog,0.8969737
5392,dog,dog,0.9997923
5393,dog,dog,0.9999987
5394,dog,dog,1.0
5395,dog,dog,0.99996793
5396,dog,dog,0.9999938
5397,dog,dog,1.0
5398,dog,dog,0.9999677
5399,dog,dog,0.99999785
5400,dog,dog,0.9994461
5401,dog,dog,0.9996885
5402,dog,dog,0.5347307
5403,dog,dog,0.99999833
5404,dog,cat,0.6453806
5405,dog,dog,0.9999945
5406,dog,dog,0.99965537
5407,dog,dog,0.9999982
5408,dog,dog,0.999998
5409,dog,dog,0.9999995
5410,dog,dog,0.99999964
5411,dog,dog,0.9995617
5412,dog,dog,1.0
5413,dog,dog,0.9999999
5414,dog,dog,0.99998176
5415,dog,dog,1.0
5416,dog,dog,0.9998406
5417,dog,cat,0.50358963
5418,dog,dog,0.9999995
5419,dog,dog,0.99741876
5420,dog,dog,0.99999845
5421,dog,dog,1.0
5422,dog,dog,0.9998971
5423,dog,dog,0.99998546
5424,dog,dog,0.9999956
5425,dog,dog,0.9998149
5426,dog,dog,0.9999949
5427,dog,dog,0.99999857
5428,dog,dog,0.9124123
5429,dog,dog,0.99999964
5430,dog,dog,1.0
5431,dog,dog,0.8877755
5432,dog,dog,0.9999994
5433,dog,dog,0.790051
5434,dog,dog,0.99985933
5435,dog,dog,0.9999752
5436,dog,dog,0.989888
5437,dog,dog,0.9999932
5438,dog,dog,0.99889237
5439,dog,dog,0.9999846
5440,dog,dog,0.8522687
5441,dog,dog,0.9999999
5442,dog,dog,0.99832076
5443,dog,dog,0.684324
5444,dog,dog,0.99983394
5445,dog,dog,0.99933773
5446,dog,dog,0.9999969
5447,dog,dog,0.99924314
5448,dog,dog,0.99999905
5449,dog,dog,0.71620286
5450,dog,dog,0.999998
5451,dog,dog,0.9377578
5452,dog,dog,0.9999999
5453,dog,dog,0.9998963
5454,dog,dog,0.99981564
5455,dog,dog,0.9999988
5456,dog,cat,0.99999666
5457,dog,dog,0.9989355
5458,dog,dog,0.99999905
5459,dog,dog,0.9999927
5460,dog,cat,0.9046476
5461,dog,dog,0.99999917
5462,dog,dog,0.99975795
5463,dog,dog,0.9999429
5464,dog,dog,0.99997854
5465,dog,dog,0.9999962
5466,dog,dog,0.99999833
5467,dog,dog,0.99998176
5468,dog,dog,0.99625057
5469,dog,dog,0.99999905
5470,dog,dog,1.0
5471,dog,dog,0.99999964
5472,dog,dog,0.54770494
5473,dog,dog,0.9999566
5474,dog,dog,0.9999995
5475,dog,dog,0.9999851
5476,dog,dog,0.99509865
5477,dog,dog,0.9999995
5478,dog,dog,1.0
5479,dog,cat,0.85073286
5480,dog,dog,0.93833184
5481,dog,dog,0.9997558
5482,dog,dog,0.9999014
5483,dog,deer,0.8823356
5484,dog,dog,0.99994063
5485,dog,dog,0.99970895
5486,dog,cat,0.79365814
5487,dog,dog,0.994024
5488,dog,dog,0.9999949
5489,dog,dog,0.9999975
5490,dog,dog,1.0
5491,dog,dog,1.0
5492,dog,dog,0.96144503
5493,dog,dog,0.9999995
5494,dog,dog,0.99996877
5495,dog,dog,0.99999225
5496,dog,dog,1.0
5497,dog,dog,0.9999995
5498,dog,dog,0.99950254
5499,dog,dog,0.99959785
5500,dog,cat,0.66114175
5501,dog,dog,0.9998988
5502,dog,dog,0.9999492
5503,dog,dog,0.9956027
5504,dog,dog,0.98526716
5505,dog,dog,0.74152905
5506,dog,dog,0.99405414
5507,dog,dog,0.9999409
5508,dog,dog,0.9999994
5509,dog,dog,0.99999964
5510,dog,dog,0.99943775
5511,dog,dog,0.99995565
5512,dog,dog,0.99966645
5513,dog,dog,1.0
5514,dog,cat,0.95473075
5515,dog,dog,0.99999714
5516,dog,dog,0.9999242
5517,dog,dog,0.9999981
5518,dog,dog,0.99999976
5519,dog,dog,0.9999994
5520,dog,dog,1.0
5521,dog,dog,0.9999981
5522,dog,dog,0.99961275
5523,dog,dog,0.9998356
5524,dog,dog,0.99943537
5525,dog,dog,0.98070496
5526,dog,cat,0.99646264
5527,dog,dog,0.99997044
5528,dog,dog,0.99999404
5529,dog,dog,0.9958884
5530,dog,dog,0.99997723
5531,dog,dog,0.9992944
5532,dog,dog,0.9503029
5533,dog,dog,0.79630905
5534,dog,dog,0.9991672
5535,dog,dog,0.9999988
5536,dog,dog,0.996398
5537,dog,dog,0.9996568
5538,dog,dog,0.9999989
5539,dog,dog,1.0
5540,dog,dog,0.8874476
5541,dog,dog,0.99999726
5542,dog,dog,0.99992883
5543,dog,dog,0.9999987
5544,dog,dog,0.9999862
5545,dog,dog,1.0
5546,dog,dog,0.97369766
5547,dog,dog,0.99984455
5548,dog,deer,0.85214573
5549,dog,dog,0.7865034
5550,dog,dog,0.99991906
5551,dog,dog,1.0
5552,dog,dog,0.99988985
5553,dog,dog,0.999913
5554,dog,dog,0.9999739
5555,dog,deer,0.9994815
5556,dog,dog,0.99995923
5557,dog,dog,0.99997807
5558,dog,dog,0.9999989
5559,dog,dog,0.9999398
5560,dog,dog,0.99999976
5561,dog,dog,0.99999416
5562,dog,dog,0.9716249
5563,dog,dog,1.0
5564,dog,dog,0.99891055
5565,dog,dog,0.99999857
5566,dog,dog,0.9999511
5567,dog,dog,0.9999993
5568,dog,cat,0.7064994
5569,dog,dog,0.99998915
5570,dog,dog,0.9996309
5571,dog,dog,0.99978894
5572,dog,dog,0.9999995
5573,dog,dog,0.9999888
5574,dog,dog,0.9999949
5575,dog,dog,0.9911265
5576,dog,dog,1.0
5577,dog,dog,0.95085424
5578,dog,dog,0.99847907
5579,dog,dog,0.9999844
5580,dog,dog,0.9999988
5581,dog,dog,0.9961372
5582,dog,dog,0.99999666
5583,dog,dog,0.9999999
5584,dog,dog,0.9999999
5585,dog,dog,0.9999974
5586,dog,dog,0.9999995
5587,dog,dog,0.99998
5588,dog,dog,0.9959985
5589,dog,dog,0.9999989
5590,dog,dog,0.9806473
5591,dog,dog,0.98830646
5592,dog,dog,0.99996746
5593,dog,dog,0.9999944
5594,dog,dog,0.99999905
5595,dog,dog,0.9999964
5596,dog,dog,0.99987113
5597,dog,dog,0.99962616
5598,dog,dog,0.9999999
5599,dog,cat,0.79806143
5600,dog,dog,0.99999976
5601,dog,dog,0.99997616
5602,dog,dog,0.9994056
5603,dog,dog,0.9999901
5604,dog,dog,0.99999726
5605,dog,dog,0.9986027
5606,dog,dog,0.99939394
5607,dog,dog,0.99873966
5608,dog,dog,0.7690604
5609,dog,dog,0.99999964
5610,dog,dog,0.99999356
5611,dog,dog,0.99500644
5612,dog,dog,0.99479043
5613,dog,dog,0.9984011
5614,dog,dog,0.9999863
5615,dog,dog,0.99999917
5616,dog,bird,0.987671
5617,dog,dog,0.9996762
5618,dog,dog,1.0
5619,dog,dog,0.9889608
5620,dog,dog,0.6535261
5621,dog,dog,0.999964
5622,dog,dog,0.9999882
5623,dog,dog,1.0
5624,dog,dog,0.9917537
5625,dog,dog,0.9880905
5626,dog,dog,0.9994307
5627,dog,dog,0.99996483
5628,dog,dog,0.9995735
5629,dog,dog,0.99998593
5630,dog,deer,0.6173347
5631,dog,cat,0.98436743
5632,dog,dog,0.99999976
5633,dog,dog,1.0
5634,dog,dog,0.9999999
5635,dog,dog,0.9998317
5636,dog,dog,0.99625504
5637,dog,dog,1.0
5638,dog,dog,0.99999964
5639,dog,dog,0.9999678
5640,dog,dog,0.98335165
5641,dog,dog,0.99987435
5642,dog,dog,0.99993277
5643,dog,dog,0.9989555
5644,dog,dog,0.99994564
5645,dog,dog,0.9868694
5646,dog,dog,0.965363
5647,dog,dog,0.9954501
5648,dog,dog,0.9999893
5649,dog,dog,0.97932714
5650,dog,dog,0.99999833
5651,dog,dog,0.9998154
5652,dog,dog,0.99935585
5653,dog,dog,0.9999931
5654,dog,dog,0.9999987
5655,dog,dog,1.0
5656,dog,dog,0.99199414
5657,dog,dog,0.99876827
5658,dog,dog,1.0
5659,dog,dog,0.9981964
5660,dog,dog,0.76716655
5661,dog,dog,0.9997801
5662,dog,dog,1.0
5663,dog,dog,0.99999964
5664,dog,dog,0.9999993
5665,dog,dog,0.9999999
5666,dog,cat,0.9951539
5667,dog,dog,0.99245197
5668,dog,cat,0.97719485
5669,dog,dog,0.9805079
5670,dog,dog,0.9954194
5671,dog,dog,1.0
5672,dog,dog,0.9999864
5673,dog,dog,0.99999297
5674,dog,dog,0.9999969
5675,dog,dog,0.99999475
5676,dog,dog,1.0
5677,dog,dog,0.9999999
5678,dog,dog,0.80396193
5679,dog,dog,0.9999906
5680,dog,dog,0.99999976
5681,dog,dog,0.99966383
5682,dog,dog,0.99999535
5683,dog,dog,0.9992029
5684,dog,dog,0.99979645
5685,dog,dog,0.99999976
5686,dog,dog,0.9999981
5687,dog,cat,0.6328075
5688,dog,dog,0.9846614
5689,dog,cat,0.5984397
5690,dog,dog,0.99999976
5691,dog,dog,0.9999994
5692,dog,dog,0.9999982
5693,dog,dog,0.99999785
5694,dog,dog,0.99998355
5695,dog,dog,0.9999715
5696,dog,dog,0.99998987
5697,dog,dog,0.999808
5698,dog,dog,0.9999999
5699,dog,dog,0.9999784
5700,dog,dog,0.99999046
5701,dog,dog,0.999423
5702,dog,dog,0.99999154
5703,dog,dog,0.999997
5704,dog,dog,0.9931559
5705,dog,dog,0.99958163
5706,dog,dog,0.9999937
5707,dog,dog,0.99999917
5708,dog,dog,0.99999785
5709,dog,dog,0.83082753
5710,dog,dog,0.9999995
5711,dog,dog,0.99943584
5712,dog,dog,0.99999917
5713,dog,dog,0.9911447
5714,dog,dog,0.9999306
5715,dog,dog,1.0
5716,dog,dog,0.9999329
5717,dog,dog,0.99999285
5718,dog,dog,0.9999989
5719,dog,dog,0.9937593
5720,dog,dog,0.99906856
5721,dog,dog,0.99946827
5722,dog,dog,0.9999999
5723,dog,dog,0.9997352
5724,dog,dog,0.999997
5725,dog,dog,0.99954116
5726,dog,dog,0.9999794
5727,dog,dog,0.99997556
5728,dog,dog,0.9999877
5729,dog,dog,0.99995446
5730,dog,dog,0.9999995
5731,dog,dog,0.99994004
5732,dog,dog,0.99999976
5733,dog,dog,0.99993193
5734,dog,dog,0.98880136
5735,dog,dog,1.0
5736,dog,dog,1.0
5737,dog,dog,0.9999925
5738,dog,dog,0.9999999
5739,dog,dog,0.99996734
5740,dog,dog,0.9999598
5741,dog,dog,0.99956447
5742,dog,dog,0.99996257
5743,dog,dog,0.9988212
5744,dog,dog,0.9999993
5745,dog,dog,0.9999999
5746,dog,dog,0.9999945
5747,dog,dog,1.0
5748,dog,dog,0.9999999
5749,dog,dog,0.99998975
5750,dog,dog,0.9999895
5751,dog,dog,1.0
5752,dog,dog,0.99991024
5753,dog,dog,0.9199326
5754,dog,dog,0.99955505
5755,dog,dog,0.9999554
5756,dog,cat,0.8413017
5757,dog,dog,0.9999995
5758,dog,dog,0.99850285
5759,dog,cat,0.579235
5760,dog,dog,0.985152
5761,dog,dog,0.9994848
5762,dog,dog,0.99998844
5763,dog,dog,0.99999976
5764,dog,dog,0.99929035
5765,dog,dog,1.0
5766,dog,dog,0.99999785
5767,dog,dog,0.9998605
5768,dog,dog,0.99977046
5769,dog,dog,0.99999964
5770,dog,dog,0.734113
5771,dog,dog,0.9988657
5772,dog,dog,0.9976718
5773,dog,dog,0.9999999
5774,dog,dog,0.99988925
5775,dog,dog,0.9972236
5776,dog,cat,0.9220483
5777,dog,dog,0.99999917
5778,dog,dog,0.9999999
5779,dog,dog,0.99991536
5780,dog,dog,0.9950641
5781,dog,dog,0.9970938
5782,dog,dog,0.99999964
5783,dog,dog,1.0
5784,dog,dog,0.99614185
5785,dog,dog,0.9999168
5786,dog,dog,0.9992811
5787,dog,dog,0.9931993
5788,dog,dog,0.9987551
5789,dog,dog,0.99994576
5790,dog,dog,0.99985266
5791,dog,dog,1.0
5792,dog,dog,0.99997056
5793,dog,dog,0.82046884
5794,dog,dog,0.999956
5795,dog,dog,0.9997867
5796,dog,dog,0.9999989
5797,dog,dog,0.99947387
5798,dog,dog,0.99999976
5799,dog,dog,0.9999963
5800,dog,dog,0.7559143
5801,dog,dog,0.87229717
5802,dog,dog,0.9999925
5803,dog,dog,0.99999654
5804,dog,deer,0.7763847
5805,dog,dog,0.9944167
5806,dog,dog,0.99983597
5807,dog,dog,0.9999969
5808,dog,dog,0.9990011
5809,dog,dog,1.0
5810,dog,dog,0.99998486
5811,dog,dog,0.99999917
5812,dog,dog,0.99999976
5813,dog,dog,0.9999827
5814,dog,dog,0.9999951
5815,dog,dog,0.9999944
5816,dog,dog,0.9999975
5817,dog,dog,0.99999726
5818,dog,dog,0.9999999
5819,dog,dog,0.99747807
5820,dog,dog,0.9966852
5821,dog,dog,0.5573507
5822,dog,dog,0.99582005
5823,dog,dog,0.99999964
5824,dog,dog,0.9860436
5825,dog,dog,1.0
5826,dog,cat,0.5833365
5827,dog,dog,0.99862945
5828,dog,dog,0.9999305
5829,dog,dog,0.9999975
5830,dog,dog,1.0
5831,dog,dog,0.9999999
5832,dog,cat,0.9787275
5833,dog,dog,0.87619
5834,dog,dog,0.9999198
5835,dog,dog,0.99999785
5836,dog,dog,0.99646276
5837,dog,dog,0.95240957
5838,dog,dog,1.0
5839,dog,dog,0.999877
5840,dog,dog,0.98011774
5841,dog,dog,0.9999938
5842,dog,dog,0.99999964
5843,dog,dog,0.36814895
5844,dog,dog,0.99490947
5845,dog,dog,0.9999554
5846,dog,dog,0.99999785
5847,dog,dog,0.99998474
5848,dog,dog,0.9999913
5849,dog,dog,1.0
5850,dog,dog,0.99998176
5851,dog,dog,0.97472477
5852,dog,dog,0.93403065
5853,dog,dog,0.87704384
5854,dog,dog,0.9999999
5855,dog,dog,0.977798
5856,dog,dog,0.9999864
5857,dog,cat,0.76475304
5858,dog,dog,0.9999968
5859,dog,dog,0.50683457
5860,dog,dog,1.0
5861,dog,dog,0.99995327
5862,dog,dog,0.99999666
5863,dog,dog,1.0
5864,dog,dog,0.5702466
5865,dog,dog,0.9999932
5866,dog,dog,0.959897
5867,dog,dog,0.99998987
5868,dog,dog,0.999979
5869,dog,dog,0.99999785
5870,dog,dog,0.9998969
5871,dog,dog,0.99999976
5872,dog,dog,0.9999999
5873,dog,dog,0.9998895
5874,dog,horse,0.972715
5875,dog,dog,0.9999721
5876,dog,dog,0.99998724
5877,dog,dog,0.99972194
5878,dog,dog,0.912479
5879,dog,dog,0.99996114
5880,dog,dog,0.99534553
5881,dog,dog,0.9990792
5882,dog,dog,0.99995065
5883,dog,dog,0.9999802
5884,dog,dog,0.9977393
5885,dog,dog,0.9999999
5886,dog,dog,0.91906244
5887,dog,dog,0.9999845
5888,dog,dog,0.8385896
5889,dog,dog,0.98262215
5890,dog,dog,0.99996626
5891,dog,dog,0.99999964
5892,dog,dog,0.99999726
5893,dog,dog,1.0
5894,dog,dog,0.9999943
5895,dog,dog,0.99999654
5896,dog,dog,0.9999956
5897,dog,dog,0.9998909
5898,dog,dog,0.9482374
5899,dog,dog,0.9978027
5900,dog,dog,0.99997973
5901,dog,dog,0.99949193
5902,dog,dog,0.99583936
5903,dog,dog,0.99919146
5904,dog,dog,0.9999012
5905,dog,dog,0.999772
5906,dog,dog,0.99971336
5907,dog,dog,0.99999654
5908,dog,deer,0.6033165
5909,dog,dog,0.99998987
5910,dog,dog,1.0
5911,dog,dog,1.0
5912,dog,dog,0.9999999
5913,dog,dog,0.99532735
5914,dog,dog,0.9999962
5915,dog,dog,0.99999964
5916,dog,dog,0.9999995
5917,dog,dog,0.9999999
5918,dog,dog,0.9918567
5919,dog,dog,0.9999546
5920,dog,cat,0.99977773
5921,dog,dog,1.0
5922,dog,dog,0.9999982
5923,dog,dog,0.9898996
5924,dog,cat,0.7446545
5925,dog,dog,0.6048612
5926,dog,dog,0.92389745
5927,dog,dog,0.99957055
5928,dog,dog,0.99999976
5929,dog,dog,0.9999981
5930,dog,dog,0.9999486
5931,dog,dog,0.99999845
5932,dog,dog,0.88861585
5933,dog,dog,0.9965238
5934,dog,dog,0.9967109
5935,dog,dog,0.99994004
5936,dog,dog,0.83645225
5937,dog,dog,0.97619945
5938,dog,cat,0.5379413
5939,dog,dog,0.99998665
5940,dog,dog,0.9999993
5941,dog,dog,0.99967873
5942,dog,dog,0.9999988
5943,dog,dog,0.7779735
5944,dog,dog,1.0
5945,dog,dog,0.9999751
5946,dog,dog,0.9999826
5947,dog,dog,0.9856976
5948,dog,dog,0.9999896
5949,dog,dog,0.99914443
5950,dog,dog,0.9998017
5951,dog,dog,1.0
5952,dog,dog,0.9923113
5953,dog,dog,0.9982805
5954,dog,dog,0.99999714
5955,dog,dog,0.99971646
5956,dog,dog,0.9999857
5957,dog,dog,0.9999976
5958,dog,dog,0.9999956
5959,dog,dog,0.9998024
5960,dog,dog,0.99418044
5961,dog,dog,0.97811663
5962,dog,dog,0.9999974
5963,dog,dog,0.9998246
5964,dog,dog,0.99996424
5965,dog,dog,0.9999883
5966,dog,dog,0.9999974
5967,dog,dog,0.9999093
5968,dog,dog,0.9999827
5969,dog,dog,0.99999976
5970,dog,dog,0.9999795
5971,dog,dog,0.9998553
5972,dog,dog,1.0
5973,dog,dog,0.99995136
5974,dog,dog,0.9999982
5975,dog,dog,0.9999962
5976,dog,dog,0.99999523
5977,dog,dog,0.9999964
5978,dog,dog,0.999998
5979,dog,dog,0.9999845
5980,dog,dog,0.9997135
5981,dog,dog,0.9999714
5982,dog,dog,0.99995375
5983,dog,dog,0.9999093
5984,dog,dog,0.99999595
5985,dog,frog,0.93951774
5986,dog,dog,1.0
5987,dog,dog,0.9999913
5988,dog,dog,0.9999962
5989,dog,dog,0.999803
5990,dog,dog,0.9994456
5991,dog,dog,1.0
5992,dog,dog,0.8789043
5993,dog,dog,0.9999943
5994,dog,dog,1.0
5995,dog,dog,0.9999633
5996,dog,cat,0.7444798
5997,dog,dog,0.9984981
5998,dog,dog,0.9997271
5999,dog,dog,0.9999999
6000,frog,frog,1.0
6001,frog,frog,1.0
6002,frog,frog,1.0
6003,frog,frog,1.0
6004,frog,frog,1.0
6005,frog,frog,0.999899
6006,frog,frog,1.0
6007,frog,frog,0.9999993
6008,frog,frog,0.99999523
6009,frog,cat,0.9473855
6010,frog,frog,0.9999256
6011,frog,frog,1.0
6012,frog,frog,1.0
6013,frog,frog,1.0
6014,frog,frog,0.9999794
6015,frog,frog,0.99999917
6016,frog,frog,1.0
6017,frog,frog,1.0
6018,frog,frog,0.9999976
6019,frog,frog,0.9999833
6020,frog,frog,1.0
6021,frog,frog,0.9999981
6022,frog,frog,1.0
6023,frog,frog,0.99990547
6024,frog,frog,0.9999999
6025,frog,frog,0.99999785
6026,frog,deer,0.90135014
6027,frog,frog,0.9513029
6028,frog,frog,0.99999774
6029,frog,frog,1.0
6030,frog,frog,1.0
6031,frog,frog,1.0
6032,frog,frog,1.0
6033,frog,frog,1.0
6034,frog,frog,1.0
6035,frog,frog,1.0
6036,frog,frog,0.99999976
6037,frog,frog,0.9890599
6038,frog,frog,0.9999999
6039,frog,frog,0.9999995
6040,frog,frog,1.0
6041,frog,frog,1.0
6042,frog,frog,0.9999962
6043,frog,frog,1.0
6044,frog,frog,0.9999999
6045,frog,frog,0.99999976
6046,frog,frog,1.0
6047,frog,frog,1.0
6048,frog,frog,1.0
6049,frog,frog,1.0
6050,frog,frog,0.9999716
6051,frog,frog,0.9999925
6052,frog,frog,1.0
6053,frog,frog,1.0
6054,frog,frog,0.9887966
6055,frog,frog,0.99997616
6056,frog,frog,1.0
6057,frog,frog,1.0
6058,frog,frog,0.9998086
6059,frog,frog,1.0
6060,frog,frog,1.0
6061,frog,frog,1.0
6062,frog,frog,0.9999633
6063,frog,frog,0.99999857
6064,frog,frog,0.99993515
6065,frog,frog,0.9999815
6066,frog,frog,0.9999701
6067,frog,frog,0.9999994
6068,frog,frog,1.0
6069,frog,frog,1.0
6070,frog,frog,1.0
6071,frog,frog,0.9999976
6072,frog,frog,1.0
6073,frog,frog,1.0
6074,frog,frog,0.9999951
6075,frog,frog,0.9999964
6076,frog,frog,0.9999999
6077,frog,frog,0.9999988
6078,frog,frog,1.0
6079,frog,deer,0.8231288
6080,frog,frog,1.0
6081,frog,frog,0.99881124
6082,frog,frog,0.99999774
6083,frog,frog,0.9999553
6084,frog,frog,0.99645305
6085,frog,frog,0.99984825
6086,frog,frog,1.0
6087,frog,frog,0.99999905
6088,frog,frog,0.99997485
6089,frog,frog,0.9999974
6090,frog,airplane,0.84717333
6091,frog,frog,0.99999976
6092,frog,frog,1.0
6093,frog,frog,1.0
6094,frog,frog,0.9999989
6095,frog,frog,0.99985015
6096,frog,frog,1.0
6097,frog,frog,0.99893874
6098,frog,frog,0.99999976
6099,frog,frog,0.9999951
6100,frog,frog,1.0
6101,frog,frog,1.0
6102,frog,frog,0.9982521
6103,frog,frog,0.99994266
6104,frog,frog,0.999711
6105,frog,frog,0.9999969
6106,frog,frog,1.0
6107,frog,frog,0.9999987
6108,frog,frog,0.99999905
6109,frog,frog,0.99548507
6110,frog,frog,1.0
6111,frog,frog,0.9998592
6112,frog,frog,0.9999994
6113,frog,frog,0.99998295
6114,frog,frog,0.9999988
6115,frog,frog,0.9999987
6116,frog,frog,1.0
6117,frog,frog,0.99948823
6118,frog,frog,0.9993193
6119,frog,frog,0.9999994
6120,frog,frog,0.9988426
6121,frog,frog,1.0
6122,frog,frog,1.0
6123,frog,frog,1.0
6124,frog,frog,1.0
6125,frog,frog,0.9999521
6126,frog,frog,1.0
6127,frog,frog,1.0
6128,frog,frog,0.9999857
6129,frog,frog,0.9999945
6130,frog,cat,0.94695824
6131,frog,frog,1.0
6132,frog,frog,0.9999238
6133,frog,frog,0.99998724
6134,frog,frog,1.0
6135,frog,frog,0.9991423
6136,frog,frog,0.99999845
6137,frog,frog,0.99997675
6138,frog,frog,1.0
6139,frog,frog,0.9999981
6140,frog,frog,1.0
6141,frog,frog,0.9999999
6142,frog,frog,0.9999641
6143,frog,frog,1.0
6144,frog,frog,0.9999993
6145,frog,frog,1.0
6146,frog,frog,1.0
6147,frog,frog,1.0
6148,frog,frog,0.99992037
6149,frog,frog,0.99978155
6150,frog,frog,0.99999976
6151,frog,frog,0.9999919
6152,frog,frog,1.0
6153,frog,frog,1.0
6154,frog,frog,0.9998951
6155,frog,frog,0.9999894
6156,frog,frog,0.92449695
6157,frog,frog,0.9821347
6158,frog,frog,1.0
6159,frog,frog,0.99999833
6160,frog,deer,0.7395501
6161,frog,frog,1.0
6162,frog,frog,1.0
6163,frog,frog,0.99997056
6164,frog,frog,1.0
6165,frog,frog,1.0
6166,frog,frog,1.0
6167,frog,frog,1.0
6168,frog,frog,0.99997485
6169,frog,frog,1.0
6170,frog,frog,0.9999999
6171,frog,frog,1.0
6172,frog,frog,0.99998856
6173,frog,frog,0.9999349
6174,frog,frog,0.99906784
6175,frog,frog,0.9999871
6176,frog,frog,0.98029596
6177,frog,frog,1.0
6178,frog,frog,0.9999981
6179,frog,frog,0.9997609
6180,frog,frog,1.0
6181,frog,frog,1.0
6182,frog,frog,0.9999062
6183,frog,frog,0.9999932
6184,frog,frog,1.0
6185,frog,frog,0.99911684
6186,frog,frog,1.0
6187,frog,frog,0.99999964
6188,frog,frog,1.0
6189,frog,frog,0.99999976
6190,frog,frog,0.9999999
6191,frog,frog,0.999979
6192,frog,frog,0.68573856
6193,frog,frog,0.93912286
6194,frog,frog,1.0
6195,frog,frog,0.9983342
6196,frog,frog,0.99766797
6197,frog,frog,0.99999964
6198,frog,frog,0.9994842
6199,frog,frog,0.99993336
6200,frog,frog,1.0
6201,frog,frog,0.9999999
6202,frog,frog,0.9983158
6203,frog,frog,1.0
6204,frog,bird,0.99401987
6205,frog,dog,0.6582073
6206,frog,frog,0.9996395
6207,frog,frog,1.0
6208,frog,frog,0.99999976
6209,frog,frog,1.0
6210,frog,frog,0.99941885
6211,frog,frog,1.0
6212,frog,frog,1.0
6213,frog,frog,0.9987797
6214,frog,frog,0.9999974
6215,frog,frog,1.0
6216,frog,frog,0.99998844
6217,frog,frog,0.9999999
6218,frog,frog,0.999985
6219,frog,frog,0.9999057
6220,frog,frog,1.0
6221,frog,frog,1.0
6222,frog,frog,0.9999999
6223,frog,frog,0.9999814
6224,frog,frog,1.0
6225,frog,frog,0.99993956
6226,frog,frog,0.9999999
6227,frog,frog,1.0
6228,frog,frog,1.0
6229,frog,frog,1.0
6230,frog,frog,1.0
6231,frog,frog,0.9999999
6232,frog,frog,0.999997
6233,frog,frog,0.99999285
6234,frog,frog,0.97307545
6235,frog,frog,1.0
6236,frog,frog,0.99938416
6237,frog,frog,1.0
6238,frog,frog,0.9952543
6239,frog,frog,1.0
6240,frog,frog,0.99291646
6241,frog,frog,0.99995124
6242,frog,frog,0.99998045
6243,frog,frog,1.0
6244,frog,frog,0.99999964
6245,frog,frog,0.99999905
6246,frog,frog,0.99995303
6247,frog,frog,0.9987062
6248,frog,frog,1.0
6249,frog,frog,0.9974596
6250,frog,frog,0.9999987
6251,frog,frog,0.99866724
6252,frog,frog,1.0
6253,frog,frog,0.99999976
6254,frog,frog,0.9999981
6255,frog,frog,0.9999987
6256,frog,frog,1.0
6257,frog,frog,0.88372886
6258,frog,frog,0.9568014
6259,frog,frog,1.0
6260,frog,frog,0.9999995
6261,frog,frog,0.9999976
6262,frog,frog,1.0
6263,frog,frog,1.0
6264,frog,frog,1.0
6265,frog,frog,0.9992964
6266,frog,frog,0.99893004
6267,frog,bird,0.998993
6268,frog,frog,0.96516156
6269,frog,frog,0.99999964
6270,frog,frog,1.0
6271,frog,frog,1.0
6272,frog,frog,0.999652
6273,frog,frog,1.0
6274,frog,frog,0.79090744
6275,frog,frog,1.0
6276,frog,frog,1.0
6277,frog,frog,0.99925846
6278,frog,frog,0.99999833
6279,frog,frog,0.9999993
6280,frog,frog,1.0
6281,frog,frog,0.9999994
6282,frog,frog,0.9999951
6283,frog,frog,0.9999989
6284,frog,frog,1.0
6285,frog,frog,0.9998785
6286,frog,frog,1.0
6287,frog,frog,0.9999999
6288,frog,frog,0.99999917
6289,frog,frog,1.0
6290,frog,frog,1.0
6291,frog,frog,0.99425185
6292,frog,frog,1.0
6293,frog,frog,1.0
6294,frog,frog,1.0
6295,frog,frog,0.99999964
6296,frog,frog,0.99973756
6297,frog,frog,0.99994123
6298,frog,frog,0.9999999
6299,frog,frog,1.0
6300,frog,frog,1.0
6301,frog,frog,0.8023061
6302,frog,frog,0.9999993
6303,frog,frog,1.0
6304,frog,frog,1.0
6305,frog,frog,0.9999999
6306,frog,frog,0.9997646
6307,frog,frog,1.0
6308,frog,frog,0.99999845
6309,frog,frog,0.9997087
6310,frog,frog,0.9999999
6311,frog,frog,0.999838
6312,frog,frog,0.99999845
6313,frog,frog,1.0
6314,frog,frog,0.9999975
6315,frog,frog,1.0
6316,frog,frog,0.9999982
6317,frog,frog,1.0
6318,frog,frog,1.0
6319,frog,frog,0.96715844
6320,frog,frog,0.9999999
6321,frog,frog,0.99999857
6322,frog,frog,1.0
6323,frog,frog,0.999997
6324,frog,frog,0.994942
6325,frog,frog,0.9999982
6326,frog,frog,0.9997602
6327,frog,frog,1.0
6328,frog,frog,0.9518101
6329,frog,frog,0.9999989
6330,frog,frog,0.9997141
6331,frog,frog,0.99999225
6332,frog,frog,0.9999999
6333,frog,frog,0.9992385
6334,frog,frog,0.9999944
6335,frog,frog,1.0
6336,frog,frog,1.0
6337,frog,frog,0.99646074
6338,frog,frog,0.9999999
6339,frog,frog,1.0
6340,frog,frog,0.99999964
6341,frog,frog,0.99995005
6342,frog,frog,0.9835719
6343,frog,frog,0.99996746
6344,frog,frog,1.0
6345,frog,frog,1.0
6346,frog,frog,1.0
6347,frog,frog,1.0
6348,frog,frog,1.0
6349,frog,frog,1.0
6350,frog,frog,0.9999019
6351,frog,frog,1.0
6352,frog,frog,0.9999999
6353,frog,frog,1.0
6354,frog,frog,1.0
6355,frog,frog,1.0
6356,frog,frog,0.99999714
6357,frog,frog,1.0
6358,frog,frog,0.99555403
6359,frog,frog,1.0
6360,frog,frog,1.0
6361,frog,frog,0.9996594
6362,frog,bird,0.9957445
6363,frog,frog,0.9999989
6364,frog,frog,1.0
6365,frog,frog,0.9999856
6366,frog,frog,1.0
6367,frog,frog,1.0
6368,frog,frog,0.9999999
6369,frog,frog,0.9997596
6370,frog,frog,0.9999443
6371,frog,frog,1.0
6372,frog,cat,0.8507912
6373,frog,frog,0.99999917
6374,frog,frog,0.9999999
6375,frog,frog,0.9999999
6376,frog,bird,0.35339025
6377,frog,frog,0.99991286
6378,frog,frog,1.0
6379,frog,frog,0.9838959
6380,frog,frog,0.9999914
6381,frog,frog,1.0
6382,frog,frog,1.0
6383,frog,frog,0.8971561
6384,frog,frog,1.0
6385,frog,frog,1.0
6386,frog,frog,0.7844684
6387,frog,frog,1.0
6388,frog,frog,0.99995387
6389,frog,frog,1.0
6390,frog,frog,0.99999976
6391,frog,frog,0.9999981
6392,frog,frog,0.99999976
6393,frog,frog,0.9999629
6394,frog,frog,1.0
6395,frog,frog,0.9999801
6396,frog,frog,0.9999976
6397,frog,frog,0.950221
6398,frog,frog,0.9998965
6399,frog,frog,1.0
6400,frog,frog,0.99463505
6401,frog,frog,0.9999652
6402,frog,frog,0.99719775
6403,frog,frog,0.99998283
6404,frog,frog,1.0
6405,frog,frog,0.9999987
6406,frog,frog,0.99996877
6407,frog,frog,0.99986494
6408,frog,frog,0.99998856
6409,frog,frog,1.0
6410,frog,frog,0.9999995
6411,frog,frog,1.0
6412,frog,frog,1.0
6413,frog,frog,1.0
6414,frog,frog,1.0
6415,frog,frog,0.998738
6416,frog,frog,1.0
6417,frog,frog,1.0
6418,frog,frog,1.0
6419,frog,frog,0.99995637
6420,frog,frog,0.99999857
6421,frog,frog,0.9999999
6422,frog,frog,1.0
6423,frog,frog,0.9999914
6424,frog,frog,0.999998
6425,frog,frog,0.94048846
6426,frog,frog,0.99999917
6427,frog,frog,1.0
6428,frog,frog,0.9997906
6429,frog,frog,0.9999995
6430,frog,frog,1.0
6431,frog,frog,0.9956405
6432,frog,frog,1.0
6433,frog,frog,0.9999951
6434,frog,frog,1.0
6435,frog,frog,0.99937075
6436,frog,frog,1.0
6437,frog,frog,0.99998784
6438,frog,frog,0.99999785
6439,frog,frog,0.99999833
6440,frog,frog,1.0
6441,frog,frog,0.9979038
6442,frog,frog,0.99999416
6443,frog,frog,0.9999639
6444,frog,frog,0.99999976
6445,frog,frog,0.9999838
6446,frog,frog,0.9999931
6447,frog,frog,0.99999976
6448,frog,frog,1.0
6449,frog,frog,0.99999785
6450,frog,frog,0.99734783
6451,frog,frog,0.99989045
6452,frog,frog,0.9993697
6453,frog,frog,0.9999999
6454,frog,frog,1.0
6455,frog,frog,0.99988234
6456,frog,frog,0.99972075
6457,frog,frog,0.9999994
6458,frog,frog,1.0
6459,frog,frog,1.0
6460,frog,frog,1.0
6461,frog,frog,0.9999993
6462,frog,frog,0.999997
6463,frog,frog,0.9999895
6464,frog,airplane,0.99836713
6465,frog,frog,1.0
6466,frog,frog,1.0
6467,frog,frog,0.9999999
6468,frog,frog,1.0
6469,frog,frog,0.9999974
6470,frog,frog,1.0
6471,frog,frog,1.0
6472,frog,frog,0.99999547
6473,frog,frog,1.0
6474,frog,frog,0.9999995
6475,frog,frog,0.99999976
6476,frog,frog,1.0
6477,frog,frog,0.9999995
6478,frog,frog,1.0
6479,frog,frog,0.99999714
6480,frog,frog,1.0
6481,frog,frog,1.0
6482,frog,frog,0.99972206
6483,frog,frog,1.0
6484,frog,frog,0.9999999
6485,frog,frog,1.0
6486,frog,frog,1.0
6487,frog,frog,0.99999976
6488,frog,cat,0.8546634
6489,frog,frog,0.9999993
6490,frog,frog,1.0
6491,frog,frog,0.99999785
6492,frog,frog,0.99998116
6493,frog,frog,0.9999995
6494,frog,frog,1.0
6495,frog,frog,1.0
6496,frog,frog,0.9999821
6497,frog,frog,0.99986136
6498,frog,frog,0.99999976
6499,frog,frog,0.9999641
6500,frog,frog,0.9999989
6501,frog,frog,0.99984944
6502,frog,frog,1.0
6503,frog,frog,0.9999981
6504,frog,frog,0.999997
6505,frog,frog,0.99983406
6506,frog,frog,0.9999981
6507,frog,frog,1.0
6508,frog,frog,0.99999666
6509,frog,cat,0.99096817
6510,frog,frog,1.0
6511,frog,frog,1.0
6512,frog,frog,1.0
6513,frog,frog,1.0
6514,frog,frog,0.9999999
6515,frog,frog,0.9999989
6516,frog,frog,0.9997751
6517,frog,frog,0.9999999
6518,frog,frog,1.0
6519,frog,frog,0.9999378
6520,frog,frog,1.0
6521,frog,frog,0.99975795
6522,frog,frog,0.9997967
6523,frog,frog,0.9999999
6524,frog,frog,1.0
6525,frog,frog,0.9999789
6526,frog,frog,0.99999964
6527,frog,frog,1.0
6528,frog,cat,0.6593441
6529,frog,frog,1.0
6530,frog,frog,1.0
6531,frog,frog,1.0
6532,frog,frog,0.9999757
6533,frog,frog,1.0
6534,frog,frog,1.0
6535,frog,frog,1.0
6536,frog,frog,1.0
6537,frog,frog,1.0
6538,frog,frog,0.99994624
6539,frog,frog,0.9995925
6540,frog,frog,1.0
6541,frog,frog,0.99999857
6542,frog,frog,1.0
6543,frog,frog,0.9950394
6544,frog,frog,0.9999547
6545,frog,frog,0.99999917
6546,frog,frog,1.0
6547,frog,frog,0.9986386
6548,frog,frog,0.99999857
6549,frog,frog,1.0
6550,frog,frog,1.0
6551,frog,frog,0.9997744
6552,frog,frog,1.0
6553,frog,frog,1.0
6554,frog,frog,0.99999976
6555,frog,frog,0.9999993
6556,frog,frog,1.0
6557,frog,frog,1.0
6558,frog,frog,1.0
6559,frog,frog,0.9999945
6560,frog,frog,0.9999188
6561,frog,airplane,0.99575007
6562,frog,frog,1.0
6563,frog,frog,0.9863478
6564,frog,frog,1.0
6565,frog,frog,1.0
6566,frog,frog,0.99952435
6567,frog,frog,0.9999999
6568,frog,frog,1.0
6569,frog,frog,0.9999999
6570,frog,frog,1.0
6571,frog,frog,1.0
6572,frog,frog,0.9999976
6573,frog,frog,0.9999933
6574,frog,frog,0.9998411
6575,frog,frog,0.9999999
6576,frog,bird,0.6365071
6577,frog,frog,0.9998925
6578,frog,frog,0.99973553
6579,frog,frog,1.0
6580,frog,frog,1.0
6581,frog,frog,1.0
6582,frog,frog,0.99999213
6583,frog,frog,1.0
6584,frog,frog,1.0
6585,frog,frog,0.999998
6586,frog,frog,0.9999989
6587,frog,frog,0.9999968
6588,frog,frog,1.0
6589,frog,frog,0.9993031
6590,frog,frog,0.99999285
6591,frog,frog,1.0
6592,frog,frog,0.9999819
6593,frog,frog,0.9999999
6594,frog,frog,1.0
6595,frog,frog,0.97018975
6596,frog,frog,1.0
6597,frog,frog,0.99999046
6598,frog,frog,1.0
6599,frog,frog,0.9999721
6600,frog,frog,0.9999945
6601,frog,frog,0.99998295
6602,frog,frog,0.98767716
6603,frog,frog,1.0
6604,frog,frog,0.99999917
6605,frog,frog,1.0
6606,frog,frog,0.9999999
6607,frog,frog,0.4974181
6608,frog,frog,0.99919444
6609,frog,frog,0.9721042
6610,frog,frog,0.99999964
6611,frog,frog,0.9999982
6612,frog,frog,1.0
6613,frog,frog,1.0
6614,frog,frog,1.0
6615,frog,frog,1.0
6616,frog,frog,0.9999604
6617,frog,frog,1.0
6618,frog,frog,0.99995697
6619,frog,frog,1.0
6620,frog,frog,0.9999994
6621,frog,frog,0.9944066
6622,frog,frog,0.9976519
6623,frog,frog,0.9999976
6624,frog,frog,0.9999994
6625,frog,frog,0.9999989
6626,frog,frog,0.9800403
6627,frog,frog,1.0
6628,frog,frog,1.0
6629,frog,frog,0.9999999
6630,frog,frog,1.0
6631,frog,frog,1.0
6632,frog,frog,0.99999774
6633,frog,frog,1.0
6634,frog,frog,0.9991702
6635,frog,frog,0.9999999
6636,frog,frog,1.0
6637,frog,frog,0.99999714
6638,frog,frog,0.99679714
6639,frog,frog,0.9999993
6640,frog,frog,1.0
6641,frog,frog,1.0
6642,frog,frog,1.0
6643,frog,frog,1.0
6644,frog,frog,0.8776179
6645,frog,frog,1.0
6646,frog,frog,1.0
6647,frog,frog,0.9999999
6648,frog,frog,0.99994504
6649,frog,frog,0.9999937
6650,frog,frog,0.9999981
6651,frog,frog,0.99999857
6652,frog,frog,0.9080722
6653,frog,frog,1.0
6654,frog,frog,0.9999751
6655,frog,frog,0.99999976
6656,frog,frog,0.99999976
6657,frog,frog,1.0
6658,frog,frog,1.0
6659,frog,frog,0.9992519
6660,frog,frog,0.9999994
6661,frog,frog,0.52268505
6662,frog,frog,0.9999999
6663,frog,frog,0.9999857
6664,frog,frog,0.99999964
6665,frog,frog,0.99999475
6666,frog,frog,1.0
6667,frog,frog,0.9999999
6668,frog,frog,0.99994063
6669,frog,frog,0.99997544
6670,frog,frog,1.0
6671,frog,frog,0.9999999
6672,frog,frog,0.9999999
6673,frog,frog,0.9998579
6674,frog,frog,1.0
6675,frog,frog,0.9999819
6676,frog,frog,0.99999964
6677,frog,frog,1.0
6678,frog,frog,0.9997055
6679,frog,frog,1.0
6680,frog,frog,0.9987984
6681,frog,frog,1.0
6682,frog,frog,0.9999993
6683,frog,frog,0.9999988
6684,frog,frog,1.0
6685,frog,frog,0.9992766
6686,frog,frog,0.9999995
6687,frog,frog,1.0
6688,frog,frog,0.9999993
6689,frog,frog,0.99999726
6690,frog,frog,0.99999976
6691,frog,frog,0.99993646
6692,frog,frog,0.9991314
6693,frog,frog,0.99981457
6694,frog,frog,0.99999976
6695,frog,frog,1.0
6696,frog,frog,0.9999721
6697,frog,frog,0.9990958
6698,frog,frog,1.0
6699,frog,frog,0.990639
6700,frog,frog,1.0
6701,frog,frog,0.99997234
6702,frog,frog,1.0
6703,frog,frog,0.99999607
6704,frog,frog,0.99999976
6705,frog,frog,1.0
6706,frog,frog,1.0
6707,frog,frog,0.9999466
6708,frog,frog,1.0
6709,frog,frog,1.0
6710,frog,frog,1.0
6711,frog,frog,0.99999964
6712,frog,frog,1.0
6713,frog,frog,0.9999392
6714,frog,frog,1.0
6715,frog,frog,0.999956
6716,frog,frog,0.999972
6717,frog,frog,0.999997
6718,frog,frog,1.0
6719,frog,frog,1.0
6720,frog,frog,1.0
6721,frog,frog,1.0
6722,frog,frog,1.0
6723,frog,frog,1.0
6724,frog,frog,0.99991083
6725,frog,frog,1.0
6726,frog,frog,1.0
6727,frog,frog,1.0
6728,frog,frog,0.99999654
6729,frog,frog,0.9999635
6730,frog,frog,1.0
6731,frog,frog,0.9999486
6732,frog,frog,0.99999964
6733,frog,frog,0.999902
6734,frog,frog,0.9999982
6735,frog,frog,1.0
6736,frog,frog,0.99998367
6737,frog,frog,0.99988997
6738,frog,frog,0.9997744
6739,frog,frog,0.9999999
6740,frog,frog,0.99999976
6741,frog,frog,1.0
6742,frog,frog,0.9999999
6743,frog,frog,0.99999964
6744,frog,frog,1.0
6745,frog,frog,1.0
6746,frog,frog,1.0
6747,frog,frog,1.0
6748,frog,frog,1.0
6749,frog,frog,0.99996924
6750,frog,frog,0.9999999
6751,frog,frog,0.99998426
6752,frog,frog,0.8711045
6753,frog,frog,1.0
6754,frog,frog,0.9994779
6755,frog,frog,1.0
6756,frog,frog,1.0
6757,frog,frog,1.0
6758,frog,frog,0.99995065
6759,frog,frog,1.0
6760,frog,frog,0.9999999
6761,frog,frog,1.0
6762,frog,frog,0.99980146
6763,frog,frog,1.0
6764,frog,frog,0.99999774
6765,frog,frog,1.0
6766,frog,frog,1.0
6767,frog,frog,1.0
6768,frog,frog,0.9996922
6769,frog,frog,1.0
6770,frog,frog,0.9999949
6771,frog,frog,0.99856323
6772,frog,cat,0.69421214
6773,frog,frog,1.0
6774,frog,frog,1.0
6775,frog,frog,0.9999651
6776,frog,frog,0.999992
6777,frog,frog,0.9999964
6778,frog,frog,1.0
6779,frog,frog,1.0
6780,frog,frog,1.0
6781,frog,frog,1.0
6782,frog,frog,0.9999943
6783,frog,frog,1.0
6784,frog,frog,0.9999969
6785,frog,frog,0.99999964
6786,frog,frog,0.9999862
6787,frog,frog,0.9999999
6788,frog,frog,0.995904
6789,frog,frog,0.9999893
6790,frog,frog,0.9999286
6791,frog,frog,0.9999988
6792,frog,frog,0.99999976
6793,frog,frog,1.0
6794,frog,frog,1.0
6795,frog,frog,0.99999404
6796,frog,frog,0.99991775
6797,frog,frog,0.9999871
6798,frog,frog,0.999969
6799,frog,frog,0.9999794
6800,frog,frog,1.0
6801,frog,frog,0.9999989
6802,frog,frog,1.0
6803,frog,frog,0.9999999
6804,frog,frog,1.0
6805,frog,frog,0.9999796
6806,frog,frog,0.9999807
6807,frog,frog,1.0
6808,frog,frog,0.99999726
6809,frog,frog,0.9997756
6810,frog,frog,0.9999896
6811,frog,frog,0.9997166
6812,frog,frog,1.0
6813,frog,frog,1.0
6814,frog,frog,0.99999976
6815,frog,frog,1.0
6816,frog,frog,0.999982
6817,frog,frog,1.0
6818,frog,frog,0.9999993
6819,frog,frog,0.9999999
6820,frog,frog,0.98356724
6821,frog,frog,0.9990146
6822,frog,frog,1.0
6823,frog,frog,0.9999981
6824,frog,frog,1.0
6825,frog,frog,0.99999976
6826,frog,frog,1.0
6827,frog,frog,0.9999994
6828,frog,frog,1.0
6829,frog,frog,1.0
6830,frog,frog,0.99999905
6831,frog,frog,0.9996315
6832,frog,frog,1.0
6833,frog,frog,0.99999833
6834,frog,frog,0.9999994
6835,frog,frog,0.99999094
6836,frog,frog,0.99999964
6837,frog,frog,0.99999976
6838,frog,frog,0.99995494
6839,frog,frog,0.9999994
6840,frog,frog,0.9999901
6841,frog,frog,0.9999988
6842,frog,frog,0.99987507
6843,frog,frog,0.9990596
6844,frog,frog,1.0
6845,frog,frog,0.9999999
6846,frog,frog,0.99955696
6847,frog,frog,0.9999988
6848,frog,frog,0.9999995
6849,frog,frog,0.99999726
6850,frog,frog,1.0
6851,frog,frog,0.99601966
6852,frog,frog,0.99998236
6853,frog,frog,0.99999964
6854,frog,frog,1.0
6855,frog,frog,1.0
6856,frog,frog,0.9998405
6857,frog,frog,1.0
6858,frog,frog,1.0
6859,frog,frog,0.99999976
6860,frog,frog,0.9989801
6861,frog,frog,0.999688
6862,frog,frog,0.9999995
6863,frog,frog,0.99754375
6864,frog,frog,1.0
6865,frog,frog,0.9999999
6866,frog,frog,0.9996107
6867,frog,frog,0.99999785
6868,frog,frog,0.9998691
6869,frog,frog,0.9992754
6870,frog,frog,1.0
6871,frog,frog,0.81436694
6872,frog,frog,1.0
6873,frog,frog,1.0
6874,frog,frog,1.0
6875,frog,frog,0.9999746
6876,frog,frog,0.99999714
6877,frog,frog,0.9945681
6878,frog,frog,0.999923
6879,frog,frog,1.0
6880,frog,frog,0.9999882
6881,frog,frog,0.99999845
6882,frog,frog,0.9999994
6883,frog,frog,0.9997373
6884,frog,frog,1.0
6885,frog,frog,0.99999774
6886,frog,frog,1.0
6887,frog,frog,1.0
6888,frog,frog,0.9999552
6889,frog,frog,1.0
6890,frog,frog,1.0
6891,frog,frog,0.9323893
6892,frog,frog,1.0
6893,frog,frog,1.0
6894,frog,frog,0.9999975
6895,frog,frog,0.99999905
6896,frog,frog,0.99999774
6897,frog,frog,0.9992198
6898,frog,frog,0.9999933
6899,frog,frog,1.0
6900,frog,frog,0.9999896
6901,frog,frog,0.99999976
6902,frog,frog,0.9999629
6903,frog,deer,0.93833196
6904,frog,frog,1.0
6905,frog,frog,0.9999999
6906,frog,frog,1.0
6907,frog,frog,0.9892831
6908,frog,frog,0.9999995
6909,frog,deer,0.8841763
6910,frog,frog,1.0
6911,frog,frog,0.9999999
6912,frog,frog,1.0
6913,frog,frog,0.9999691
6914,frog,frog,1.0
6915,frog,frog,0.9999964
6916,frog,frog,0.9999995
6917,frog,frog,1.0
6918,frog,frog,0.9999999
6919,frog,frog,0.9999999
6920,frog,frog,0.9999893
6921,frog,frog,0.9999089
6922,frog,frog,1.0
6923,frog,frog,1.0
6924,frog,frog,0.9989017
6925,frog,frog,0.9962782
6926,frog,frog,0.9999852
6927,frog,frog,1.0
6928,frog,frog,0.99999785
6929,frog,frog,0.99979156
6930,frog,frog,0.99833065
6931,frog,frog,0.9839559
6932,frog,frog,0.99999046
6933,frog,frog,0.9995214
6934,frog,frog,0.9999988
6935,frog,frog,1.0
6936,frog,frog,0.99999964
6937,frog,frog,1.0
6938,frog,frog,1.0
6939,frog,frog,0.9999794
6940,frog,frog,0.9999914
6941,frog,frog,0.9997603
6942,frog,frog,0.99999535
6943,frog,frog,1.0
6944,frog,frog,0.9991184
6945,frog,frog,0.99849725
6946,frog,frog,0.99999976
6947,frog,frog,1.0
6948,frog,frog,0.9921938
6949,frog,frog,1.0
6950,frog,frog,0.9999999
6951,frog,frog,0.9945192
6952,frog,frog,0.9999567
6953,frog,frog,1.0
6954,frog,frog,0.9999995
6955,frog,frog,0.99993074
6956,frog,frog,1.0
6957,frog,frog,1.0
6958,frog,frog,1.0
6959,frog,frog,1.0
6960,frog,frog,1.0
6961,frog,frog,1.0
6962,frog,frog,0.999982
6963,frog,frog,0.9907453
6964,frog,frog,0.9999999
6965,frog,frog,0.9999999
6966,frog,frog,1.0
6967,frog,frog,1.0
6968,frog,frog,1.0
6969,frog,frog,0.9999999
6970,frog,frog,1.0
6971,frog,cat,0.5295285
6972,frog,frog,0.9999994
6973,frog,frog,0.9999913
6974,frog,frog,0.9999734
6975,frog,frog,0.9999547
6976,frog,frog,0.99856794
6977,frog,frog,0.9999882
6978,frog,frog,0.9843485
6979,frog,frog,0.9999994
6980,frog,frog,1.0
6981,frog,frog,0.6057976
6982,frog,frog,0.9999999
6983,frog,frog,1.0
6984,frog,frog,1.0
6985,frog,frog,1.0
6986,frog,frog,0.99968076
6987,frog,frog,1.0
6988,frog,frog,0.87965924
6989,frog,deer,0.5476564
6990,frog,frog,1.0
6991,frog,frog,1.0
6992,frog,frog,1.0
6993,frog,frog,0.9999999
6994,frog,frog,0.99985874
6995,frog,frog,0.999736
6996,frog,frog,1.0
6997,frog,frog,1.0
6998,frog,frog,1.0
6999,frog,frog,0.9999753
7000,horse,horse,1.0
7001,horse,horse,0.9999999
7002,horse,horse,0.9998641
7003,horse,horse,1.0
7004,horse,horse,1.0
7005,horse,horse,0.9698832
7006,horse,horse,0.99999976
7007,horse,horse,0.99985003
7008,horse,horse,1.0
7009,horse,horse,0.9999875
7010,horse,horse,1.0
7011,horse,horse,1.0
7012,horse,horse,0.9999329
7013,horse,horse,0.9999995
7014,horse,horse,0.99999976
7015,horse,horse,1.0
7016,horse,horse,0.9999999
7017,horse,horse,0.9999862
7018,horse,horse,0.9999995
7019,horse,horse,1.0
7020,horse,horse,0.9999354
7021,horse,horse,1.0
7022,horse,horse,0.99996245
7023,horse,horse,0.9995652
7024,horse,horse,0.9999722
7025,horse,horse,1.0
7026,horse,horse,0.9999956
7027,horse,horse,0.99999523
7028,horse,horse,0.99995553
7029,horse,horse,1.0
7030,horse,horse,0.9999993
7031,horse,deer,0.9947719
7032,horse,horse,0.9999999
7033,horse,horse,1.0
7034,horse,horse,0.99999917
7035,horse,horse,0.9999993
7036,horse,horse,0.99999905
7037,horse,horse,1.0
7038,horse,horse,0.9999981
7039,horse,horse,1.0
7040,horse,airplane,0.98683596
7041,horse,horse,1.0
7042,horse,horse,1.0
7043,horse,horse,0.9999908
7044,horse,horse,0.7717643
7045,horse,horse,1.0
7046,horse,horse,0.9999999
7047,horse,horse,0.9999553
7048,horse,horse,1.0
7049,horse,horse,1.0
7050,horse,horse,0.9997813
7051,horse,horse,1.0
7052,horse,horse,0.99999964
7053,horse,horse,0.9995852
7054,horse,horse,1.0
7055,horse,horse,0.9999889
7056,horse,horse,1.0
7057,horse,horse,0.9999999
7058,horse,horse,0.99999297
7059,horse,horse,0.9999994
7060,horse,horse,0.9999989
7061,horse,horse,0.9999999
7062,horse,horse,1.0
7063,horse,horse,0.9999999
7064,horse,horse,0.99999094
7065,horse,horse,1.0
7066,horse,horse,1.0
7067,horse,horse,0.99995995
7068,horse,horse,1.0
7069,horse,horse,0.999998
7070,horse,horse,1.0
7071,horse,horse,1.0
7072,horse,horse,0.9999367
7073,horse,horse,1.0
7074,horse,horse,0.9999995
7075,horse,horse,0.9985594
7076,horse,horse,0.99553853
7077,horse,horse,0.9844291
7078,horse,horse,1.0
7079,horse,horse,1.0
7080,horse,horse,1.0
7081,horse,horse,1.0
7082,horse,horse,0.99999833
7083,horse,horse,1.0
7084,horse,horse,0.99999654
7085,horse,horse,1.0
7086,horse,horse,1.0
7087,horse,dog,0.9786694
7088,horse,horse,1.0
7089,horse,horse,0.99989736
7090,horse,horse,1.0
7091,horse,horse,0.9999999
7092,horse,horse,0.9999758
7093,horse,horse,0.9998994
7094,horse,horse,0.9999982
7095,horse,horse,0.99999964
7096,horse,horse,1.0
7097,horse,horse,0.9999999
7098,horse,horse,0.9999999
7099,horse,horse,1.0
7100,horse,horse,0.9998759
7101,horse,horse,1.0
7102,horse,horse,0.99999976
7103,horse,horse,0.99221534
7104,horse,horse,0.9999999
7105,horse,horse,1.0
7106,horse,horse,0.9999995
7107,horse,horse,0.9999814
7108,horse,horse,0.999995
7109,horse,horse,1.0
7110,horse,horse,0.9999908
7111,horse,horse,0.99865913
7112,horse,horse,0.99998224
7113,horse,horse,1.0
7114,horse,horse,1.0
7115,horse,horse,1.0
7116,horse,horse,0.9999981
7117,horse,horse,0.999995
7118,horse,horse,1.0
7119,horse,horse,1.0
7120,horse,horse,0.99999225
7121,horse,horse,0.9852149
7122,horse,horse,0.9999927
7123,horse,horse,0.9999976
7124,horse,horse,0.9999981
7125,horse,horse,0.9998896
7126,horse,horse,1.0
7127,horse,horse,0.99943024
7128,horse,horse,0.9999958
7129,horse,horse,0.99999785
7130,horse,horse,1.0
7131,horse,horse,1.0
7132,horse,horse,0.5114355
7133,horse,horse,0.9999082
7134,horse,horse,1.0
7135,horse,horse,0.99999917
7136,horse,horse,1.0
7137,horse,horse,1.0
7138,horse,horse,0.993309
7139,horse,horse,1.0
7140,horse,horse,0.9955018
7141,horse,horse,0.9962327
7142,horse,horse,0.99999833
7143,horse,horse,1.0
7144,horse,horse,1.0
7145,horse,horse,0.99904674
7146,horse,horse,0.9998247
7147,horse,horse,1.0
7148,horse,horse,0.99873227
7149,horse,horse,0.99999976
7150,horse,horse,0.9999697
7151,horse,horse,1.0
7152,horse,horse,0.9999814
7153,horse,horse,0.9999877
7154,horse,horse,0.9999982
7155,horse,horse,0.99992955
7156,horse,horse,1.0
7157,horse,horse,1.0
7158,horse,horse,0.99993134
7159,horse,horse,1.0
7160,horse,horse,0.98879224
7161,horse,horse,0.9999999
7162,horse,horse,0.98961496
7163,horse,horse,0.9999999
7164,horse,horse,1.0
7165,horse,horse,0.9999584
7166,horse,horse,1.0
7167,horse,horse,0.9732146
7168,horse,horse,1.0
7169,horse,horse,0.9999995
7170,horse,horse,0.99997675
7171,horse,horse,1.0
7172,horse,horse,1.0
7173,horse,horse,0.8589289
7174,horse,horse,0.9998222
7175,horse,horse,0.99995756
7176,horse,horse,0.9999678
7177,horse,horse,1.0
7178,horse,horse,0.78095967
7179,horse,horse,0.9999987
7180,horse,horse,0.9999988
7181,horse,horse,0.99992764
7182,horse,horse,0.99998415
7183,horse,dog,0.9892709
7184,horse,horse,1.0
7185,horse,horse,0.9996755
7186,horse,horse,0.99999976
7187,horse,horse,0.99999917
7188,horse,horse,0.9999999
7189,horse,horse,0.9999665
7190,horse,horse,1.0
7191,horse,horse,0.99988234
7192,horse,horse,0.99999523
7193,horse,horse,1.0
7194,horse,horse,0.99999475
7195,horse,bird,0.91730565
7196,horse,horse,0.9999397
7197,horse,horse,0.9999988
7198,horse,horse,0.9997888
7199,horse,horse,1.0
7200,horse,horse,0.9999999
7201,horse,horse,1.0
7202,horse,horse,1.0
7203,horse,horse,0.9999987
7204,horse,horse,0.99997103
7205,horse,horse,0.99822277
7206,horse,horse,1.0
7207,horse,horse,1.0
7208,horse,horse,0.9999739
7209,horse,horse,0.9999956
7210,horse,horse,0.9977272
7211,horse,horse,1.0
7212,horse,horse,0.99999976
7213,horse,horse,1.0
7214,horse,horse,1.0
7215,horse,horse,0.99993503
7216,horse,horse,1.0
7217,horse,horse,0.9999999
7218,horse,horse,0.99999964
7219,horse,horse,1.0
7220,horse,horse,0.9999809
7221,horse,horse,1.0
7222,horse,horse,0.99999714
7223,horse,horse,0.99999976
7224,horse,horse,1.0
7225,horse,horse,0.999974
7226,horse,horse,0.9999968
7227,horse,horse,1.0
7228,horse,horse,1.0
7229,horse,horse,0.99983656
7230,horse,horse,1.0
7231,horse,horse,0.9999994
7232,horse,horse,0.99999154
7233,horse,horse,1.0
7234,horse,horse,0.99977213
7235,horse,horse,0.9964864
7236,horse,horse,0.9999362
7237,horse,horse,1.0
7238,horse,horse,1.0
7239,horse,horse,1.0
7240,horse,horse,0.9999988
7241,horse,horse,1.0
7242,horse,horse,0.8316299
7243,horse,horse,1.0
7244,horse,horse,1.0
7245,horse,horse,0.995955
7246,horse,horse,0.99999714
7247,horse,horse,0.99999905
7248,horse,horse,0.999041
7249,horse,horse,1.0
7250,horse,horse,0.99999976
7251,horse,horse,1.0
7252,horse,horse,0.99999976
7253,horse,horse,0.99985576
7254,horse,horse,1.0
7255,horse,horse,1.0
7256,horse,horse,1.0
7257,horse,horse,0.99999905
7258,horse,horse,0.99999964
7259,horse,horse,1.0
7260,horse,horse,0.9998909
7261,horse,horse,0.83314896
7262,horse,horse,0.9999902
7263,horse,horse,1.0
7264,horse,horse,1.0
7265,horse,horse,1.0
7266,horse,horse,0.8849739
7267,horse,horse,1.0
7268,horse,horse,0.99998593
7269,horse,horse,0.99999976
7270,horse,horse,0.99999976
7271,horse,horse,0.9999994
7272,horse,horse,0.9999517
7273,horse,horse,1.0
7274,horse,horse,1.0
7275,horse,horse,0.98805165
7276,horse,horse,0.9997048
7277,horse,horse,0.9999999
7278,horse,horse,0.6569003
7279,horse,horse,1.0
7280,horse,horse,1.0
7281,horse,horse,0.9999994
7282,horse,horse,1.0
7283,horse,horse,0.9999999
7284,horse,horse,0.9999999
7285,horse,horse,1.0
7286,horse,horse,0.9999932
7287,horse,horse,1.0
7288,horse,horse,0.9999993
7289,horse,horse,0.99853516
7290,horse,horse,1.0
7291,horse,horse,0.9358109
7292,horse,horse,1.0
7293,horse,horse,0.9999976
7294,horse,horse,0.9999416
7295,horse,horse,0.98847616
7296,horse,horse,0.9999312
7297,horse,horse,1.0
7298,horse,horse,0.9999982
7299,horse,horse,0.9999999
7300,horse,horse,0.9999199
7301,horse,horse,0.9999716
7302,horse,horse,0.99210757
7303,horse,horse,1.0
7304,horse,horse,0.9945886
7305,horse,horse,0.9999999
7306,horse,horse,0.9999641
7307,horse,horse,1.0
7308,horse,horse,1.0
7309,horse,horse,0.5532494
7310,horse,horse,0.99999964
7311,horse,horse,0.9999995
7312,horse,horse,1.0
7313,horse,horse,0.9999999
7314,horse,horse,0.99999964
7315,horse,horse,1.0
7316,horse,horse,0.9999831
7317,horse,horse,1.0
7318,horse,horse,1.0
7319,horse,horse,1.0
7320,horse,horse,1.0
7321,horse,horse,1.0
7322,horse,horse,0.99363273
7323,horse,horse,1.0
7324,horse,horse,0.99999976
7325,horse,horse,1.0
7326,horse,horse,1.0
7327,horse,horse,0.99998987
7328,horse,horse,0.99996877
7329,horse,horse,0.99999964
7330,horse,horse,1.0
7331,horse,horse,1.0
7332,horse,cat,0.8921142
7333,horse,horse,0.9999995
7334,horse,horse,1.0
7335,horse,horse,0.9999299
7336,horse,horse,0.9999927
7337,horse,horse,0.99996936
7338,horse,horse,0.938575
7339,horse,horse,0.9999968
7340,horse,horse,1.0
7341,horse,horse,0.9999999
7342,horse,horse,1.0
7343,horse,horse,0.9999701
7344,horse,horse,0.99588335
7345,horse,horse,0.99999964
7346,horse,horse,0.99999917
7347,horse,horse,0.9999752
7348,horse,horse,0.9846466
7349,horse,horse,0.9999999
7350,horse,horse,0.9999808
7351,horse,horse,1.0
7352,horse,horse,0.99999034
7353,horse,horse,1.0
7354,horse,horse,1.0
7355,horse,horse,1.0
7356,horse,horse,0.99998033
7357,horse,horse,0.99999976
7358,horse,horse,1.0
7359,horse,horse,1.0
7360,horse,horse,1.0
7361,horse,horse,0.99999714
7362,horse,horse,0.9999981
7363,horse,horse,1.0
7364,horse,horse,1.0
7365,horse,horse,0.9999987
7366,horse,horse,0.9985071
7367,horse,horse,1.0
7368,horse,horse,1.0
7369,horse,horse,0.9999995
7370,horse,horse,1.0
7371,horse,horse,1.0
7372,horse,horse,0.99997413
7373,horse,horse,1.0
7374,horse,horse,0.90989286
7375,horse,horse,1.0
7376,horse,horse,1.0
7377,horse,horse,1.0
7378,horse,horse,1.0
7379,horse,horse,1.0
7380,horse,horse,1.0
7381,horse,horse,0.9996165
7382,horse,horse,0.96930087
7383,horse,horse,1.0
7384,horse,horse,0.9928053
7385,horse,horse,0.8754424
7386,horse,horse,0.9992902
7387,horse,horse,1.0
7388,horse,horse,0.99962854
7389,horse,horse,0.9999809
7390,horse,horse,0.9995617
7391,horse,horse,0.9999939
7392,horse,horse,1.0
7393,horse,horse,0.9999701
7394,horse,horse,0.99999726
7395,horse,horse,0.9999999
7396,horse,horse,0.9906715
7397,horse,horse,1.0
7398,horse,horse,0.9999999
7399,horse,horse,0.9999864
7400,horse,horse,0.5151178
7401,horse,horse,1.0
7402,horse,horse,0.9999999
7403,horse,horse,1.0
7404,horse,horse,0.99972576
7405,horse,horse,0.8977225
7406,horse,horse,0.99999976
7407,horse,horse,0.9980895
7408,horse,horse,0.9999993
7409,horse,horse,0.9999989
7410,horse,horse,0.9999994
7411,horse,horse,1.0
7412,horse,horse,1.0
7413,horse,horse,0.9999989
7414,horse,horse,0.9999999
7415,horse,horse,1.0
7416,horse,horse,1.0
7417,horse,horse,1.0
7418,horse,horse,1.0
7419,horse,horse,1.0
7420,horse,horse,0.9999993
7421,horse,horse,1.0
7422,horse,horse,0.99999726
7423,horse,horse,1.0
7424,horse,horse,0.9999994
7425,horse,horse,1.0
7426,horse,horse,0.99994123
7427,horse,horse,0.9999881
7428,horse,horse,0.8154023
7429,horse,horse,1.0
7430,horse,horse,1.0
7431,horse,horse,0.99988806
7432,horse,horse,1.0
7433,horse,horse,0.9999999
7434,horse,horse,0.9999999
7435,horse,horse,0.99876034
7436,horse,horse,0.993309
7437,horse,horse,1.0
7438,horse,horse,1.0
7439,horse,horse,0.91876745
7440,horse,horse,1.0
7441,horse,horse,1.0
7442,horse,horse,0.9999975
7443,horse,horse,0.9999969
7444,horse,horse,1.0
7445,horse,horse,0.99519485
7446,horse,horse,0.9999995
7447,horse,horse,0.9999994
7448,horse,horse,0.9999994
7449,horse,horse,0.99999785
7450,horse,horse,0.99999905
7451,horse,horse,0.9999981
7452,horse,horse,0.99999857
7453,horse,horse,0.9999964
7454,horse,horse,0.9999925
7455,horse,horse,0.9999716
7456,horse,horse,0.9999976
7457,horse,horse,0.99999976
7458,horse,horse,0.9999951
7459,horse,horse,0.9987852
7460,horse,horse,0.9999938
7461,horse,horse,1.0
7462,horse,horse,0.999998
7463,horse,horse,0.9999713
7464,horse,horse,0.9999993
7465,horse,horse,0.9999994
7466,horse,horse,1.0
7467,horse,horse,0.99938893
7468,horse,horse,1.0
7469,horse,horse,1.0
7470,horse,horse,0.8719797
7471,horse,horse,1.0
7472,horse,horse,1.0
7473,horse,horse,1.0
7474,horse,horse,0.9999994
7475,horse,horse,0.99999964
7476,horse,horse,1.0
7477,horse,horse,1.0
7478,horse,horse,0.8599221
7479,horse,horse,1.0
7480,horse,horse,0.999931
7481,horse,horse,1.0
7482,horse,horse,1.0
7483,horse,horse,0.9999999
7484,horse,horse,0.99994206
7485,horse,horse,0.99999833
7486,horse,horse,0.996485
7487,horse,horse,0.9969785
7488,horse,horse,0.9999994
7489,horse,horse,0.9999347
7490,horse,horse,0.9999882
7491,horse,horse,0.9878692
7492,horse,dog,0.9346415
7493,horse,horse,0.98489547
7494,horse,horse,1.0
7495,horse,horse,1.0
7496,horse,horse,0.996414
7497,horse,horse,1.0
7498,horse,horse,0.99999917
7499,horse,horse,0.9999999
7500,horse,horse,1.0
7501,horse,horse,0.9999989
7502,horse,horse,1.0
7503,horse,horse,0.99886787
7504,horse,horse,0.99949527
7505,horse,horse,0.9999989
7506,horse,horse,0.99966764
7507,horse,horse,1.0
7508,horse,horse,0.99995923
7509,horse,horse,0.9999999
7510,horse,horse,1.0
7511,horse,horse,0.999998
7512,horse,horse,0.9444577
7513,horse,horse,0.9999944
7514,horse,horse,0.99104416
7515,horse,horse,0.9999974
7516,horse,horse,1.0
7517,horse,horse,1.0
7518,horse,horse,0.4948432
7519,horse,horse,0.99999964
7520,horse,horse,0.9992817
7521,horse,horse,1.0
7522,horse,horse,0.99990594
7523,horse,horse,0.9999988
7524,horse,horse,0.99999607
7525,horse,horse,0.9997603
7526,horse,horse,0.9999993
7527,horse,horse,0.99999964
7528,horse,horse,0.99999976
7529,horse,horse,0.9999982
7530,horse,horse,0.99999976
7531,horse,horse,0.9999999
7532,horse,horse,0.99999726
7533,horse,horse,0.9999999
7534,horse,horse,0.9999945
7535,horse,horse,1.0
7536,horse,horse,0.9999995
7537,horse,horse,1.0
7538,horse,horse,0.99999344
7539,horse,horse,1.0
7540,horse,horse,0.99999976
7541,horse,horse,0.99972326
7542,horse,horse,1.0
7543,horse,horse,0.9999999
7544,horse,horse,0.9970517
7545,horse,horse,0.9999819
7546,horse,horse,0.94143736
7547,horse,horse,0.99965656
7548,horse,horse,1.0
7549,horse,horse,0.9999962
7550,horse,horse,1.0
7551,horse,horse,0.919525
7552,horse,horse,0.99998844
7553,horse,horse,0.9395887
7554,horse,horse,0.9998442
7555,horse,horse,1.0
7556,horse,horse,1.0
7557,horse,horse,1.0
7558,horse,horse,1.0
7559,horse,horse,0.99999976
7560,horse,horse,0.98768973
7561,horse,horse,1.0
7562,horse,horse,1.0
7563,horse,horse,0.9999999
7564,horse,horse,1.0
7565,horse,horse,1.0
7566,horse,horse,0.99992347
7567,horse,horse,0.9999987
7568,horse,horse,0.99999917
7569,horse,horse,1.0
7570,horse,horse,1.0
7571,horse,horse,0.64165616
7572,horse,horse,0.99997437
7573,horse,horse,0.86254215
7574,horse,horse,0.9991768
7575,horse,horse,0.99999964
7576,horse,horse,0.99999964
7577,horse,horse,0.99998045
7578,horse,horse,0.9999999
7579,horse,horse,1.0
7580,horse,horse,0.99999833
7581,horse,horse,1.0
7582,horse,horse,0.9999999
7583,horse,horse,1.0
7584,horse,horse,0.9999882
7585,horse,horse,0.9999999
7586,horse,horse,1.0
7587,horse,horse,1.0
7588,horse,horse,0.66216695
7589,horse,horse,0.9978033
7590,horse,horse,1.0
7591,horse,horse,1.0
7592,horse,horse,0.9999999
7593,horse,horse,0.9998503
7594,horse,horse,1.0
7595,horse,horse,0.99999785
7596,horse,horse,0.99999964
7597,horse,horse,0.9999969
7598,horse,horse,0.9993886
7599,horse,horse,0.9907426
7600,horse,horse,0.99999976
7601,horse,horse,1.0
7602,horse,horse,1.0
7603,horse,horse,0.99998987
7604,horse,horse,1.0
7605,horse,horse,0.9999976
7606,horse,horse,0.9999994
7607,horse,horse,0.99997985
7608,horse,horse,1.0
7609,horse,horse,1.0
7610,horse,horse,0.99999917
7611,horse,horse,1.0
7612,horse,horse,0.9999995
7613,horse,horse,1.0
7614,horse,horse,0.999998
7615,horse,horse,0.9978537
7616,horse,horse,0.9999317
7617,horse,horse,0.99999833
7618,horse,horse,0.9999968
7619,horse,horse,1.0
7620,horse,horse,1.0
7621,horse,horse,0.6207993
7622,horse,horse,1.0
7623,horse,cat,0.82704383
7624,horse,horse,1.0
7625,horse,horse,0.9999857
7626,horse,horse,0.99999344
7627,horse,horse,1.0
7628,horse,horse,1.0
7629,horse,horse,1.0
7630,horse,horse,0.9999994
7631,horse,horse,1.0
7632,horse,horse,0.9995919
7633,horse,horse,1.0
7634,horse,horse,1.0
7635,horse,horse,1.0
7636,horse,horse,0.99998033
7637,horse,horse,1.0
7638,horse,horse,1.0
7639,horse,horse,0.9999995
7640,horse,horse,0.99996984
7641,horse,horse,1.0
7642,horse,horse,0.9835592
7643,horse,horse,0.99999964
7644,horse,horse,0.9999889
7645,horse,horse,0.9999976
7646,horse,horse,0.99999976
7647,horse,horse,0.9999999
7648,horse,horse,0.9999858
7649,horse,horse,1.0
7650,horse,horse,0.9985923
7651,horse,horse,0.9999962
7652,horse,horse,1.0
7653,horse,horse,1.0
7654,horse,horse,1.0
7655,horse,horse,0.99999964
7656,horse,horse,0.99856704
7657,horse,horse,0.99966025
7658,horse,horse,0.9999807
7659,horse,horse,1.0
7660,horse,horse,0.9930629
7661,horse,horse,0.99998677
7662,horse,horse,0.9998179
7663,horse,horse,0.99998784
7664,horse,horse,1.0
7665,horse,horse,0.9999999
7666,horse,horse,1.0
7667,horse,horse,0.99999976
7668,horse,horse,0.99999404
7669,horse,horse,0.9999939
7670,horse,horse,1.0
7671,horse,horse,0.9999051
7672,horse,horse,0.99999905
7673,horse,horse,1.0
7674,horse,horse,1.0
7675,horse,horse,0.9999628
7676,horse,horse,0.45396554
7677,horse,horse,0.9999995
7678,horse,horse,1.0
7679,horse,horse,0.9999783
7680,horse,horse,0.9971372
7681,horse,horse,0.999851
7682,horse,horse,1.0
7683,horse,horse,0.99997973
7684,horse,horse,1.0
7685,horse,horse,0.9999132
7686,horse,horse,0.999987
7687,horse,horse,1.0
7688,horse,horse,1.0
7689,horse,horse,1.0
7690,horse,horse,0.99995685
7691,horse,horse,0.9987036
7692,horse,horse,0.99515116
7693,horse,horse,0.99999964
7694,horse,horse,0.9975472
7695,horse,horse,0.99999416
7696,horse,horse,0.98183423
7697,horse,horse,1.0
7698,horse,horse,0.99729484
7699,horse,horse,0.9953786
7700,horse,horse,0.9887587
7701,horse,horse,0.9998995
7702,horse,horse,1.0
7703,horse,horse,0.99999833
7704,horse,horse,0.99999976
7705,horse,horse,1.0
7706,horse,horse,1.0
7707,horse,airplane,0.7828789
7708,horse,horse,1.0
7709,horse,horse,0.9997826
7710,horse,horse,1.0
7711,horse,horse,1.0
7712,horse,horse,0.9999001
7713,horse,horse,0.9999989
7714,horse,horse,0.99990654
7715,horse,horse,0.9998653
7716,horse,horse,0.9999993
7717,horse,horse,0.9999999
7718,horse,horse,1.0
7719,horse,horse,0.9999999
7720,horse,horse,0.99999964
7721,horse,horse,1.0
7722,horse,horse,0.99999833
7723,horse,horse,0.99894255
7724,horse,horse,0.99995625
7725,horse,horse,0.9999989
7726,horse,horse,0.9999311
7727,horse,horse,1.0
7728,horse,horse,0.9999957
7729,horse,horse,1.0
7730,horse,horse,0.6492057
7731,horse,horse,1.0
7732,horse,horse,1.0
7733,horse,horse,0.9999261
7734,horse,horse,0.9999995
7735,horse,horse,0.9995696
7736,horse,horse,0.9999963
7737,horse,horse,0.99994946
7738,horse,horse,1.0
7739,horse,horse,0.99730045
7740,horse,horse,1.0
7741,horse,horse,0.9999999
7742,horse,horse,0.9999944
7743,horse,horse,1.0
7744,horse,horse,1.0
7745,horse,horse,0.99913365
7746,horse,horse,0.9999994
7747,horse,horse,1.0
7748,horse,horse,0.99998057
7749,horse,horse,1.0
7750,horse,horse,0.99999833
7751,horse,horse,0.99997294
7752,horse,horse,0.9999958
7753,horse,horse,1.0
7754,horse,horse,0.99999976
7755,horse,horse,0.99998057
7756,horse,horse,0.9999994
7757,horse,horse,0.99999905
7758,horse,horse,0.9998709
7759,horse,horse,0.99999917
7760,horse,horse,1.0
7761,horse,horse,0.9999865
7762,horse,horse,0.999995
7763,horse,horse,0.94868666
7764,horse,horse,1.0
7765,horse,horse,0.99618286
7766,horse,horse,0.9999988
7767,horse,horse,0.99999905
7768,horse,horse,0.9999999
7769,horse,horse,0.9908382
7770,horse,horse,0.99984634
7771,horse,horse,1.0
7772,horse,horse,1.0
7773,horse,horse,0.93122333
7774,horse,horse,0.999997
7775,horse,horse,0.99999416
7776,horse,horse,0.99998116
7777,horse,horse,1.0
7778,horse,horse,1.0
7779,horse,horse,1.0
7780,horse,horse,1.0
7781,horse,deer,0.83274853
7782,horse,horse,1.0
7783,horse,horse,1.0
7784,horse,horse,1.0
7785,horse,horse,0.99998593
7786,horse,horse,1.0
7787,horse,horse,0.9999999
7788,horse,horse,1.0
7789,horse,horse,1.0
7790,horse,horse,0.9999919
7791,horse,horse,1.0
7792,horse,horse,1.0
7793,horse,horse,0.9995888
7794,horse,horse,1.0
7795,horse,horse,1.0
7796,horse,horse,1.0
7797,horse,horse,0.99997354
7798,horse,horse,0.99928325
7799,horse,horse,0.99999833
7800,horse,horse,1.0
7801,horse,horse,1.0
7802,horse,horse,0.99999917
7803,horse,horse,0.9999926
7804,horse,horse,0.9999703
7805,horse,horse,0.9999957
7806,horse,horse,1.0
7807,horse,horse,0.9999993
7808,horse,horse,1.0
7809,horse,horse,1.0
7810,horse,horse,0.9970584
7811,horse,horse,0.9995802
7812,horse,horse,0.9999194
7813,horse,horse,0.9999999
7814,horse,horse,0.80648
7815,horse,horse,0.9993963
7816,horse,horse,0.9999895
7817,horse,horse,1.0
7818,horse,horse,0.9999999
7819,horse,horse,1.0
7820,horse,horse,1.0
7821,horse,horse,1.0
7822,horse,horse,1.0
7823,horse,horse,0.99967086
7824,horse,horse,1.0
7825,horse,horse,0.9993845
7826,horse,horse,1.0
7827,horse,horse,0.9999999
7828,horse,horse,0.999997
7829,horse,horse,1.0
7830,horse,horse,0.99993515
7831,horse,horse,0.999977
7832,horse,horse,0.9999999
7833,horse,horse,1.0
7834,horse,horse,0.9993049
7835,horse,horse,0.9947412
7836,horse,horse,0.9480076
7837,horse,horse,0.9999963
7838,horse,horse,0.99999726
7839,horse,horse,1.0
7840,horse,horse,1.0
7841,horse,horse,1.0
7842,horse,horse,0.8356885
7843,horse,horse,0.99999976
7844,horse,dog,0.9544768
7845,horse,horse,0.9998087
7846,horse,horse,0.99995637
7847,horse,horse,0.99999976
7848,horse,horse,0.99999976
7849,horse,horse,1.0
7850,horse,horse,1.0
7851,horse,horse,0.99999297
7852,horse,horse,0.9992793
7853,horse,horse,1.0
7854,horse,horse,0.9999635
7855,horse,horse,0.9999516
7856,horse,horse,1.0
7857,horse,horse,0.99996245
7858,horse,horse,0.9979371
7859,horse,horse,1.0
7860,horse,horse,0.9999956
7861,horse,horse,0.9993383
7862,horse,horse,1.0
7863,horse,horse,1.0
7864,horse,horse,0.99999964
7865,horse,horse,0.9944231
7866,horse,horse,0.9999132
7867,horse,horse,1.0
7868,horse,horse,0.9999913
7869,horse,horse,0.99999845
7870,horse,horse,0.99988246
7871,horse,horse,0.9999999
7872,horse,horse,1.0
7873,horse,horse,0.6492
7874,horse,horse,0.99999964
7875,horse,horse,0.9998969
7876,horse,horse,0.99999976
7877,horse,horse,0.99999905
7878,horse,horse,0.9999989
7879,horse,horse,0.9768231
7880,horse,horse,0.9999933
7881,horse,horse,0.98688835
7882,horse,horse,1.0
7883,horse,horse,0.738517
7884,horse,horse,0.99993706
7885,horse,horse,0.99999404
7886,horse,dog,0.44923142
7887,horse,horse,0.9874177
7888,horse,horse,1.0
7889,horse,horse,0.9982383
7890,horse,horse,0.9981396
7891,horse,horse,1.0
7892,horse,horse,0.9999876
7893,horse,horse,0.9999975
7894,horse,horse,1.0
7895,horse,horse,1.0
7896,horse,horse,1.0
7897,horse,horse,0.9999995
7898,horse,horse,0.9999994
7899,horse,horse,1.0
7900,horse,horse,0.9993777
7901,horse,horse,0.99735755
7902,horse,horse,0.9985682
7903,horse,horse,0.9998615
7904,horse,horse,0.9999994
7905,horse,horse,1.0
7906,horse,horse,0.9979194
7907,horse,horse,0.9999882
7908,horse,horse,0.9999994
7909,horse,horse,1.0
7910,horse,horse,0.9999932
7911,horse,horse,0.9986552
7912,horse,horse,0.99697804
7913,horse,horse,0.934143
7914,horse,horse,1.0
7915,horse,horse,0.9999989
7916,horse,horse,0.9999926
7917,horse,dog,0.9217722
7918,horse,horse,0.9998964
7919,horse,horse,1.0
7920,horse,horse,0.9978935
7921,horse,horse,0.99999976
7922,horse,horse,1.0
7923,horse,horse,1.0
7924,horse,horse,0.99999976
7925,horse,horse,0.99999726
7926,horse,horse,0.9979741
7927,horse,horse,0.9999974
7928,horse,horse,0.99999154
7929,horse,horse,0.99958247
7930,horse,horse,0.98756826
7931,horse,horse,1.0
7932,horse,horse,1.0
7933,horse,horse,0.8238446
7934,horse,horse,1.0
7935,horse,horse,1.0
7936,horse,horse,1.0
7937,horse,horse,0.67160636
7938,horse,horse,0.9999995
7939,horse,horse,0.999998
7940,horse,horse,1.0
7941,horse,horse,0.9999975
7942,horse,horse,1.0
7943,horse,horse,0.99997234
7944,horse,horse,0.99996054
7945,horse,horse,1.0
7946,horse,horse,0.99999964
7947,horse,horse,1.0
7948,horse,horse,0.99934083
7949,horse,horse,1.0
7950,horse,horse,1.0
7951,horse,horse,0.9846139
7952,horse,horse,0.99998355
7953,horse,horse,1.0
7954,horse,horse,1.0
7955,horse,horse,0.99999857
7956,horse,horse,1.0
7957,horse,horse,0.69461256
7958,horse,horse,0.9998179
7959,horse,horse,1.0
7960,horse,horse,0.99997723
7961,horse,horse,0.99999964
7962,horse,horse,0.99770194
7963,horse,horse,1.0
7964,horse,horse,1.0
7965,horse,horse,1.0
7966,horse,horse,0.9999989
7967,horse,horse,0.9999919
7968,horse,horse,0.9999999
7969,horse,horse,1.0
7970,horse,horse,0.99749494
7971,horse,horse,1.0
7972,horse,horse,0.99998
7973,horse,horse,0.9999981
7974,horse,horse,0.9999993
7975,horse,horse,0.9999993
7976,horse,horse,1.0
7977,horse,horse,0.9999989
7978,horse,horse,0.99991643
7979,horse,horse,1.0
7980,horse,horse,0.6601472
7981,horse,horse,0.99999964
7982,horse,horse,0.9951807
7983,horse,horse,1.0
7984,horse,horse,0.9999944
7985,horse,horse,0.9975725
7986,horse,horse,0.99999285
7987,horse,horse,0.99997914
7988,horse,horse,0.9994288
7989,horse,horse,0.9999987
7990,horse,horse,1.0
7991,horse,horse,1.0
7992,horse,horse,0.9999981
7993,horse,horse,0.99971753
7994,horse,horse,0.9890407
7995,horse,horse,0.9999989
7996,horse,horse,0.99999964
7997,horse,horse,0.9999943
7998,horse,horse,0.999992
7999,horse,horse,0.99999976
8000,ship,ship,0.9999995
8001,ship,ship,0.99996674
8002,ship,ship,0.99999917
8003,ship,ship,0.99999964
8004,ship,ship,1.0
8005,ship,ship,0.99999607
8006,ship,ship,1.0
8007,ship,ship,0.9999974
8008,ship,ship,0.9999974
8009,ship,ship,1.0
8010,ship,ship,1.0
8011,ship,ship,1.0
8012,ship,ship,1.0
8013,ship,ship,1.0
8014,ship,ship,0.99999833
8015,ship,ship,0.9999658
8016,ship,ship,0.99999976
8017,ship,ship,0.9999999
8018,ship,ship,1.0
8019,ship,ship,0.9999964
8020,ship,airplane,0.9880778
8021,ship,ship,0.99999154
8022,ship,ship,0.99996805
8023,ship,ship,1.0
8024,ship,ship,0.99999523
8025,ship,ship,0.99999964
8026,ship,ship,0.99999964
8027,ship,ship,1.0
8028,ship,ship,1.0
8029,ship,ship,0.9993369
8030,ship,ship,0.9995772
8031,ship,ship,0.9999386
8032,ship,ship,0.99999905
8033,ship,ship,0.99921143
8034,ship,ship,0.999998
8035,ship,ship,0.99975556
8036,ship,ship,0.9999999
8037,ship,ship,0.99987066
8038,ship,ship,0.9998838
8039,ship,ship,0.9970599
8040,ship,ship,1.0
8041,ship,ship,1.0
8042,ship,ship,0.9999988
8043,ship,ship,0.99999917
8044,ship,ship,1.0
8045,ship,ship,0.99926513
8046,ship,ship,0.9881958
8047,ship,ship,0.9960603
8048,ship,ship,0.9999957
8049,ship,ship,0.9999995
8050,ship,ship,0.9999962
8051,ship,ship,0.9999968
8052,ship,ship,1.0
8053,ship,ship,0.999897
8054,ship,ship,0.9999988
8055,ship,ship,0.99999905
8056,ship,ship,0.99998677
8057,ship,ship,1.0
8058,ship,ship,0.99994934
8059,ship,ship,0.9999993
8060,ship,ship,1.0
8061,ship,ship,1.0
8062,ship,ship,0.99999976
8063,ship,ship,0.9976065
8064,ship,ship,1.0
8065,ship,ship,1.0
8066,ship,ship,0.9999939
8067,ship,ship,0.9999875
8068,ship,ship,0.999998
8069,ship,airplane,0.9985587
8070,ship,airplane,0.696777
8071,ship,ship,0.9999999
8072,ship,ship,0.9999999
8073,ship,ship,0.9998983
8074,ship,ship,0.99996865
8075,ship,ship,1.0
8076,ship,ship,0.8824241
8077,ship,ship,1.0
8078,ship,ship,0.9999865
8079,ship,ship,0.99999964
8080,ship,ship,1.0
8081,ship,ship,0.9999417
8082,ship,ship,1.0
8083,ship,ship,0.99999464
8084,ship,ship,0.9999794
8085,ship,ship,0.99999666
8086,ship,ship,0.9996942
8087,ship,ship,1.0
8088,ship,ship,0.9999572
8089,ship,ship,0.9999988
8090,ship,ship,0.99999964
8091,ship,ship,0.9999671
8092,ship,ship,0.99999964
8093,ship,ship,1.0
8094,ship,ship,1.0
8095,ship,ship,1.0
8096,ship,ship,1.0
8097,ship,ship,0.999998
8098,ship,ship,0.9999994
8099,ship,ship,0.9999999
8100,ship,ship,1.0
8101,ship,ship,0.99999976
8102,ship,ship,0.9999999
8103,ship,ship,0.9999999
8104,ship,ship,0.9999975
8105,ship,ship,1.0
8106,ship,ship,0.99957734
8107,ship,ship,0.9999999
8108,ship,ship,0.9981141
8109,ship,ship,0.99999964
8110,ship,ship,0.99991715
8111,ship,ship,1.0
8112,ship,ship,0.9997757
8113,ship,ship,0.9999999
8114,ship,ship,0.9999994
8115,ship,ship,1.0
8116,ship,ship,1.0
8117,ship,ship,0.999997
8118,ship,ship,0.99999857
8119,ship,ship,1.0
8120,ship,ship,0.9999989
8121,ship,ship,1.0
8122,ship,ship,0.9999999
8123,ship,ship,0.9999956
8124,ship,ship,1.0
8125,ship,ship,0.9999956
8126,ship,ship,0.999987
8127,ship,ship,0.9999957
8128,ship,ship,1.0
8129,ship,ship,0.9999944
8130,ship,ship,1.0
8131,ship,ship,1.0
8132,ship,ship,0.99999535
8133,ship,ship,1.0
8134,ship,ship,0.99939287
8135,ship,ship,0.9999962
8136,ship,ship,0.99999547
8137,ship,ship,0.98503286
8138,ship,ship,0.99999917
8139,ship,ship,0.9999999
8140,ship,ship,0.99999464
8141,ship,ship,0.99999845
8142,ship,ship,0.9999578
8143,ship,ship,1.0
8144,ship,ship,0.92813843
8145,ship,ship,0.9999999
8146,ship,ship,0.9999993
8147,ship,ship,1.0
8148,ship,ship,1.0
8149,ship,ship,0.9999994
8150,ship,ship,0.9999995
8151,ship,ship,0.999992
8152,ship,ship,0.9999999
8153,ship,ship,0.9999969
8154,ship,ship,1.0
8155,ship,ship,0.999723
8156,ship,ship,0.99998724
8157,ship,ship,1.0
8158,ship,ship,0.9999689
8159,ship,ship,0.9860145
8160,ship,ship,1.0
8161,ship,ship,0.99999845
8162,ship,ship,1.0
8163,ship,ship,1.0
8164,ship,ship,0.9999995
8165,ship,ship,0.9999999
8166,ship,ship,0.9998957
8167,ship,ship,1.0
8168,ship,ship,0.99998844
8169,ship,ship,0.99999964
8170,ship,ship,0.99991536
8171,ship,ship,0.99981064
8172,ship,ship,0.99998045
8173,ship,ship,0.9999201
8174,ship,ship,0.9999975
8175,ship,ship,0.9999993
8176,ship,ship,1.0
8177,ship,ship,1.0
8178,ship,ship,0.9999999
8179,ship,ship,0.99999905
8180,ship,ship,0.9999987
8181,ship,bird,0.9697393
8182,ship,ship,0.99820006
8183,ship,ship,1.0
8184,ship,ship,0.83587736
8185,ship,ship,0.99890447
8186,ship,ship,1.0
8187,ship,ship,1.0
8188,ship,ship,0.9999765
8189,ship,ship,0.9450608
8190,ship,ship,0.9999995
8191,ship,ship,0.9998523
8192,ship,ship,0.99999654
8193,ship,ship,1.0
8194,ship,ship,0.9999865
8195,ship,ship,1.0
8196,ship,ship,1.0
8197,ship,ship,0.9999999
8198,ship,ship,1.0
8199,ship,ship,0.9999999
8200,ship,ship,0.9999995
8201,ship,ship,1.0
8202,ship,ship,0.9990522
8203,ship,ship,1.0
8204,ship,ship,0.9999391
8205,ship,ship,1.0
8206,ship,airplane,0.8764521
8207,ship,ship,0.8615238
8208,ship,ship,0.9999999
8209,ship,ship,1.0
8210,ship,ship,0.9986174
8211,ship,ship,0.9999962
8212,ship,ship,1.0
8213,ship,ship,1.0
8214,ship,ship,0.8607473
8215,ship,ship,0.9999145
8216,ship,ship,0.7280606
8217,ship,ship,0.99999607
8218,ship,ship,1.0
8219,ship,ship,0.9999995
8220,ship,ship,0.9999994
8221,ship,ship,0.99259126
8222,ship,ship,1.0
8223,ship,ship,1.0
8224,ship,ship,1.0
8225,ship,ship,1.0
8226,ship,ship,0.99999976
8227,ship,ship,1.0
8228,ship,ship,0.99999905
8229,ship,ship,0.99999654
8230,ship,ship,1.0
8231,ship,truck,0.97549057
8232,ship,ship,1.0
8233,ship,ship,1.0
8234,ship,ship,1.0
8235,ship,ship,0.99999607
8236,ship,ship,1.0
8237,ship,ship,0.9999987
8238,ship,ship,1.0
8239,ship,ship,0.97621775
8240,ship,ship,0.9999931
8241,ship,ship,0.99999976
8242,ship,ship,0.99999976
8243,ship,ship,0.9999969
8244,ship,truck,0.8841561
8245,ship,ship,1.0
8246,ship,ship,0.9999994
8247,ship,ship,0.9999975
8248,ship,ship,0.9999999
8249,ship,ship,0.9999995
8250,ship,ship,0.9999994
8251,ship,ship,0.9999987
8252,ship,ship,0.99999976
8253,ship,ship,1.0
8254,ship,ship,0.9999999
8255,ship,ship,0.9985656
8256,ship,ship,0.99999774
8257,ship,ship,0.99865973
8258,ship,ship,1.0
8259,ship,ship,1.0
8260,ship,ship,0.99999845
8261,ship,ship,1.0
8262,ship,ship,0.99999356
8263,ship,ship,1.0
8264,ship,ship,0.9999999
8265,ship,ship,1.0
8266,ship,ship,1.0
8267,ship,ship,1.0
8268,ship,ship,0.99999905
8269,ship,ship,1.0
8270,ship,airplane,0.87723374
8271,ship,ship,1.0
8272,ship,automobile,0.9410445
8273,ship,ship,0.9979442
8274,ship,ship,0.9999976
8275,ship,ship,0.9999995
8276,ship,ship,1.0
8277,ship,ship,1.0
8278,ship,ship,0.9999999
8279,ship,ship,0.99999964
8280,ship,ship,1.0
8281,ship,ship,1.0
8282,ship,ship,0.9999914
8283,ship,ship,1.0
8284,ship,ship,0.9994031
8285,ship,ship,0.9998946
8286,ship,ship,1.0
8287,ship,ship,0.9999958
8288,ship,ship,0.9988055
8289,ship,ship,1.0
8290,ship,ship,0.99995255
8291,ship,ship,1.0
8292,ship,ship,0.9994935
8293,ship,ship,0.99973434
8294,ship,ship,0.9999999
8295,ship,ship,0.99999976
8296,ship,ship,0.99999917
8297,ship,ship,0.9999968
8298,ship,ship,0.9998636
8299,ship,ship,1.0
8300,ship,ship,0.9999999
8301,ship,ship,1.0
8302,ship,ship,1.0
8303,ship,ship,0.99994195
8304,ship,ship,0.99999964
8305,ship,ship,1.0
8306,ship,ship,1.0
8307,ship,ship,1.0
8308,ship,ship,0.9999316
8309,ship,ship,0.99988115
8310,ship,ship,1.0
8311,ship,ship,0.9985189
8312,ship,ship,0.99999607
8313,ship,ship,0.99999976
8314,ship,ship,0.99999774
8315,ship,ship,0.9999995
8316,ship,ship,0.99999917
8317,ship,ship,0.99999785
8318,ship,ship,1.0
8319,ship,ship,0.9996087
8320,ship,ship,1.0
8321,ship,ship,0.9989127
8322,ship,ship,0.97841316
8323,ship,ship,1.0
8324,ship,ship,0.9997117
8325,ship,ship,1.0
8326,ship,ship,0.9999999
8327,ship,ship,0.9999677
8328,ship,ship,0.99999976
8329,ship,ship,1.0
8330,ship,ship,1.0
8331,ship,ship,1.0
8332,ship,ship,0.9999529
8333,ship,ship,0.9999999
8334,ship,ship,0.9999995
8335,ship,ship,0.9999981
8336,ship,ship,1.0
8337,ship,ship,0.9999902
8338,ship,ship,0.9999956
8339,ship,ship,1.0
8340,ship,ship,1.0
8341,ship,ship,0.9999995
8342,ship,ship,0.99999905
8343,ship,ship,1.0
8344,ship,ship,0.99839526
8345,ship,ship,1.0
8346,ship,ship,0.67059964
8347,ship,ship,0.99917823
8348,ship,ship,0.99997985
8349,ship,ship,1.0
8350,ship,ship,0.9999999
8351,ship,ship,0.98912406
8352,ship,ship,0.9999827
8353,ship,ship,1.0
8354,ship,ship,0.9999999
8355,ship,ship,1.0
8356,ship,ship,0.99999976
8357,ship,ship,0.99999976
8358,ship,ship,1.0
8359,ship,ship,0.99972063
8360,ship,ship,0.9999999
8361,ship,ship,0.9999999
8362,ship,ship,0.99999845
8363,ship,ship,0.9999987
8364,ship,ship,0.9948219
8365,ship,ship,0.9999987
8366,ship,ship,0.9999995
8367,ship,ship,0.999992
8368,ship,ship,1.0
8369,ship,ship,1.0
8370,ship,ship,0.9995499
8371,ship,ship,1.0
8372,ship,ship,0.9999306
8373,ship,ship,1.0
8374,ship,airplane,0.85101914
8375,ship,ship,0.99988127
8376,ship,ship,0.9999982
8377,ship,ship,1.0
8378,ship,ship,0.9999759
8379,ship,ship,0.9999999
8380,ship,ship,0.99999666
8381,ship,ship,1.0
8382,ship,ship,1.0
8383,ship,ship,1.0
8384,ship,ship,1.0
8385,ship,ship,0.99999404
8386,ship,ship,1.0
8387,ship,ship,1.0
8388,ship,ship,0.96300364
8389,ship,ship,0.99390334
8390,ship,ship,0.9995024
8391,ship,ship,0.9999907
8392,ship,ship,0.99969697
8393,ship,ship,0.99999905
8394,ship,ship,0.9999999
8395,ship,ship,0.9997991
8396,ship,ship,0.9999758
8397,ship,ship,1.0
8398,ship,ship,1.0
8399,ship,ship,0.9998827
8400,ship,ship,0.99999976
8401,ship,ship,1.0
8402,ship,ship,1.0
8403,ship,ship,0.9999957
8404,ship,ship,1.0
8405,ship,ship,0.9999684
8406,ship,ship,1.0
8407,ship,ship,1.0
8408,ship,airplane,0.61482114
8409,ship,ship,1.0
8410,ship,ship,1.0
8411,ship,ship,1.0
8412,ship,ship,0.9439356
8413,ship,ship,1.0
8414,ship,ship,1.0
8415,ship,ship,0.9999999
8416,ship,ship,0.9999981
8417,ship,ship,0.9996884
8418,ship,ship,0.9999442
8419,ship,ship,0.9999914
8420,ship,ship,0.999995
8421,ship,ship,0.9999999
8422,ship,ship,0.9999809
8423,ship,ship,0.9999906
8424,ship,airplane,0.96021265
8425,ship,ship,1.0
8426,ship,ship,0.9999958
8427,ship,ship,1.0
8428,ship,ship,0.99989533
8429,ship,ship,0.9999987
8430,ship,ship,0.9926924
8431,ship,ship,0.99996734
8432,ship,ship,1.0
8433,ship,ship,0.99990284
8434,ship,ship,1.0
8435,ship,ship,0.9999988
8436,ship,airplane,0.58887166
8437,ship,ship,0.99999976
8438,ship,ship,1.0
8439,ship,ship,0.99998736
8440,ship,ship,1.0
8441,ship,ship,0.99999774
8442,ship,ship,0.9999976
8443,ship,ship,0.9999981
8444,ship,ship,1.0
8445,ship,ship,0.9999999
8446,ship,ship,0.9999963
8447,ship,ship,0.99999714
8448,ship,ship,1.0
8449,ship,ship,1.0
8450,ship,ship,1.0
8451,ship,ship,0.99999595
8452,ship,ship,1.0
8453,ship,ship,0.9999634
8454,ship,ship,0.99896765
8455,ship,ship,0.9987602
8456,ship,ship,0.99999964
8457,ship,ship,1.0
8458,ship,ship,0.99999976
8459,ship,ship,0.9999994
8460,ship,ship,0.9999809
8461,ship,ship,0.9998652
8462,ship,ship,0.9999875
8463,ship,ship,1.0
8464,ship,ship,1.0
8465,ship,ship,0.9998419
8466,ship,ship,0.9999932
8467,ship,ship,0.9999975
8468,ship,ship,0.99986005
8469,ship,ship,0.9999678
8470,ship,ship,0.9999994
8471,ship,ship,1.0
8472,ship,ship,0.9999857
8473,ship,ship,0.9999852
8474,ship,ship,0.92903817
8475,ship,ship,0.9999995
8476,ship,ship,0.99998987
8477,ship,ship,1.0
8478,ship,ship,0.9999926
8479,ship,ship,0.99999464
8480,ship,ship,1.0
8481,ship,ship,0.9999629
8482,ship,ship,0.99994636
8483,ship,ship,0.9999788
8484,ship,ship,0.9999558
8485,ship,ship,0.968472
8486,ship,ship,0.9999989
8487,ship,ship,0.99999785
8488,ship,ship,1.0
8489,ship,ship,1.0
8490,ship,ship,0.9973123
8491,ship,ship,0.9999969
8492,ship,ship,0.9999999
8493,ship,ship,0.99477863
8494,ship,ship,1.0
8495,ship,ship,0.93246263
8496,ship,ship,1.0
8497,ship,ship,0.939689
8498,ship,ship,0.9999999
8499,ship,ship,0.99998736
8500,ship,ship,0.9999999
8501,ship,ship,0.99999964
8502,ship,ship,0.99998736
8503,ship,ship,0.99999595
8504,ship,ship,0.9999913
8505,ship,ship,1.0
8506,ship,ship,0.998949
8507,ship,ship,1.0
8508,ship,ship,1.0
8509,ship,ship,0.9959934
8510,ship,ship,1.0
8511,ship,ship,0.999819
8512,ship,ship,0.99999857
8513,ship,ship,0.99999785
8514,ship,ship,0.9999999
8515,ship,ship,0.9999994
8516,ship,ship,1.0
8517,ship,ship,0.9999925
8518,ship,ship,0.9999989
8519,ship,ship,0.78791
8520,ship,ship,0.99999547
8521,ship,ship,0.99999964
8522,ship,ship,1.0
8523,ship,ship,0.99999905
8524,ship,ship,0.9999548
8525,ship,ship,1.0
8526,ship,ship,0.99999905
8527,ship,ship,0.9999292
8528,ship,ship,0.9992692
8529,ship,ship,0.9999665
8530,ship,ship,0.9999968
8531,ship,ship,1.0
8532,ship,ship,0.9988017
8533,ship,ship,0.99999905
8534,ship,ship,0.99999964
8535,ship,ship,1.0
8536,ship,ship,0.9999925
8537,ship,ship,1.0
8538,ship,ship,0.99998844
8539,ship,ship,1.0
8540,ship,ship,1.0
8541,ship,ship,0.9993523
8542,ship,airplane,0.9999925
8543,ship,ship,0.99996316
8544,ship,ship,0.9900074
8545,ship,ship,1.0
8546,ship,ship,0.99999976
8547,ship,ship,0.99989676
8548,ship,ship,0.9999883
8549,ship,ship,0.9999993
8550,ship,ship,0.99961793
8551,ship,ship,1.0
8552,ship,ship,0.9991866
8553,ship,ship,1.0
8554,ship,ship,0.9999999
8555,ship,ship,0.9999999
8556,ship,ship,0.9999646
8557,ship,airplane,0.8392609
8558,ship,ship,1.0
8559,ship,ship,1.0
8560,ship,ship,0.999997
8561,ship,ship,1.0
8562,ship,ship,0.99999976
8563,ship,ship,0.9998746
8564,ship,ship,1.0
8565,ship,ship,0.9999659
8566,ship,ship,0.9969092
8567,ship,ship,0.99996865
8568,ship,ship,0.99977297
8569,ship,ship,0.9999995
8570,ship,ship,0.9999957
8571,ship,ship,0.9991241
8572,ship,ship,0.9999999
8573,ship,ship,0.99999905
8574,ship,ship,0.99892575
8575,ship,ship,0.99999666
8576,ship,airplane,0.9739414
8577,ship,ship,0.9998503
8578,ship,airplane,0.5156198
8579,ship,ship,1.0
8580,ship,truck,0.672216
8581,ship,ship,0.9932367
8582,ship,ship,1.0
8583,ship,ship,0.999998
8584,ship,ship,1.0
8585,ship,ship,1.0
8586,ship,ship,0.9999999
8587,ship,ship,0.9999999
8588,ship,truck,0.99422425
8589,ship,ship,0.99999774
8590,ship,ship,1.0
8591,ship,ship,0.99999046
8592,ship,ship,0.99863344
8593,ship,ship,0.99999976
8594,ship,ship,0.9999999
8595,ship,ship,0.9999951
8596,ship,ship,1.0
8597,ship,ship,1.0
8598,ship,ship,1.0
8599,ship,ship,1.0
8600,ship,ship,0.99964535
8601,ship,ship,0.99971
8602,ship,ship,0.99972516
8603,ship,ship,0.99998343
8604,ship,ship,0.9933554
8605,ship,ship,1.0
8606,ship,ship,0.9998336
8607,ship,ship,1.0
8608,ship,ship,0.99999964
8609,ship,ship,1.0
8610,ship,ship,0.9999999
8611,ship,ship,1.0
8612,ship,ship,0.9999999
8613,ship,ship,0.9999976
8614,ship,ship,0.9999981
8615,ship,ship,0.99999976
8616,ship,ship,0.99999845
8617,ship,ship,0.99999976
8618,ship,ship,0.99999547
8619,ship,ship,0.9999883
8620,ship,truck,0.98875016
8621,ship,ship,0.9999975
8622,ship,ship,0.99996114
8623,ship,ship,0.9999994
8624,ship,ship,0.9999999
8625,ship,ship,0.99999857
8626,ship,ship,1.0
8627,ship,ship,0.9999201
8628,ship,ship,0.9929848
8629,ship,ship,0.9887728
8630,ship,ship,1.0
8631,ship,ship,0.99831957
8632,ship,ship,1.0
8633,ship,ship,0.8774631
8634,ship,ship,0.9999999
8635,ship,ship,0.9971726
8636,ship,ship,0.9999809
8637,ship,ship,0.9999988
8638,ship,ship,1.0
8639,ship,ship,0.9213573
8640,ship,ship,0.9999995
8641,ship,ship,0.9999647
8642,ship,ship,0.9976903
8643,ship,ship,1.0
8644,ship,ship,1.0
8645,ship,ship,1.0
8646,ship,ship,0.99999714
8647,ship,ship,0.999954
8648,ship,ship,0.9999939
8649,ship,ship,1.0
8650,ship,ship,1.0
8651,ship,ship,0.99999905
8652,ship,ship,0.9999995
8653,ship,ship,1.0
8654,ship,ship,0.9999449
8655,ship,ship,1.0
8656,ship,ship,0.99982136
8657,ship,ship,0.99999464
8658,ship,ship,1.0
8659,ship,ship,0.9999999
8660,ship,ship,0.9999995
8661,ship,ship,0.9999999
8662,ship,ship,0.9997987
8663,ship,ship,0.9999951
8664,ship,ship,0.9999999
8665,ship,ship,0.9999701
8666,ship,ship,0.99999595
8667,ship,ship,1.0
8668,ship,ship,0.9999999
8669,ship,ship,0.99630713
8670,ship,ship,1.0
8671,ship,ship,0.99998283
8672,ship,ship,1.0
8673,ship,ship,0.9994561
8674,ship,ship,0.999907
8675,ship,ship,1.0
8676,ship,ship,0.99999964
8677,ship,airplane,0.7449942
8678,ship,ship,0.99846786
8679,ship,ship,0.99999964
8680,ship,ship,0.97178954
8681,ship,ship,0.9999603
8682,ship,ship,1.0
8683,ship,ship,0.99376386
8684,ship,ship,1.0
8685,ship,ship,0.99991906
8686,ship,ship,0.99998033
8687,ship,ship,1.0
8688,ship,ship,0.99999535
8689,ship,ship,1.0
8690,ship,ship,0.9999963
8691,ship,ship,0.99975437
8692,ship,ship,1.0
8693,ship,ship,0.99999976
8694,ship,ship,1.0
8695,ship,ship,0.9870013
8696,ship,ship,0.9999988
8697,ship,ship,0.99999905
8698,ship,ship,0.99999976
8699,ship,ship,1.0
8700,ship,ship,0.99999976
8701,ship,ship,0.99999976
8702,ship,ship,0.8814962
8703,ship,ship,0.99999714
8704,ship,ship,0.9715055
8705,ship,ship,0.99999297
8706,ship,ship,0.9998528
8707,ship,ship,1.0
8708,ship,ship,0.9999502
8709,ship,ship,1.0
8710,ship,ship,0.99999976
8711,ship,ship,0.9999701
8712,ship,ship,0.99997914
8713,ship,ship,1.0
8714,ship,ship,0.9999993
8715,ship,ship,0.9999989
8716,ship,ship,0.9994844
8717,ship,ship,0.99993074
8718,ship,ship,0.9997063
8719,ship,ship,0.9999999
8720,ship,airplane,0.98879504
8721,ship,ship,0.99999964
8722,ship,ship,0.9999999
8723,ship,ship,0.9991942
8724,ship,ship,0.9999963
8725,ship,ship,0.99999774
8726,ship,ship,0.99999976
8727,ship,ship,1.0
8728,ship,ship,0.99999917
8729,ship,ship,0.999757
8730,ship,ship,0.9998721
8731,ship,ship,0.9999995
8732,ship,ship,0.9998841
8733,ship,ship,1.0
8734,ship,ship,0.999997
8735,ship,ship,0.9999627
8736,ship,automobile,0.5523487
8737,ship,ship,1.0
8738,ship,ship,1.0
8739,ship,ship,1.0
8740,ship,ship,0.9999999
8741,ship,ship,0.99999166
8742,ship,ship,0.97102475
8743,ship,ship,0.9999448
8744,ship,ship,1.0
8745,ship,ship,0.9999715
8746,ship,ship,0.9999106
8747,ship,ship,0.99999964
8748,ship,ship,0.9993718
8749,ship,ship,0.9996443
8750,ship,ship,1.0
8751,ship,ship,0.9999138
8752,ship,ship,0.9999877
8753,ship,ship,0.99999917
8754,ship,ship,0.99968266
8755,ship,ship,1.0
8756,ship,ship,1.0
8757,ship,ship,1.0
8758,ship,ship,0.99999845
8759,ship,ship,1.0
8760,ship,ship,0.9999995
8761,ship,ship,1.0
8762,ship,ship,1.0
8763,ship,ship,0.9999994
8764,ship,ship,1.0
8765,ship,ship,0.9999937
8766,ship,ship,0.99912065
8767,ship,ship,1.0
8768,ship,ship,0.99834085
8769,ship,ship,1.0
8770,ship,ship,0.9999999
8771,ship,ship,0.9999962
8772,ship,ship,1.0
8773,ship,ship,1.0
8774,ship,ship,1.0
8775,ship,ship,0.99999774
8776,ship,ship,0.99999964
8777,ship,ship,0.9999999
8778,ship,ship,0.9999795
8779,ship,ship,1.0
8780,ship,ship,0.99991584
8781,ship,ship,0.88268155
8782,ship,ship,0.9999987
8783,ship,ship,0.99999976
8784,ship,ship,1.0
8785,ship,ship,0.9999999
8786,ship,ship,0.99999976
8787,ship,ship,0.9999987
8788,ship,ship,0.9998634
8789,ship,ship,1.0
8790,ship,ship,1.0
8791,ship,ship,0.9999982
8792,ship,ship,1.0
8793,ship,ship,0.99999654
8794,ship,ship,0.9999995
8795,ship,ship,0.99999964
8796,ship,ship,1.0
8797,ship,ship,1.0
8798,ship,ship,0.99231684
8799,ship,ship,0.99999976
8800,ship,ship,0.9999999
8801,ship,ship,0.999561
8802,ship,ship,0.9999999
8803,ship,ship,0.9999758
8804,ship,ship,0.999956
8805,ship,ship,0.9999999
8806,ship,ship,0.9999999
8807,ship,ship,0.9999198
8808,ship,ship,0.99975926
8809,ship,ship,0.99999917
8810,ship,ship,1.0
8811,ship,ship,0.99999976
8812,ship,ship,1.0
8813,ship,ship,0.99999785
8814,ship,ship,0.80403525
8815,ship,ship,0.9978649
8816,ship,ship,1.0
8817,ship,ship,0.99896693
8818,ship,ship,1.0
8819,ship,ship,0.9999994
8820,ship,ship,1.0
8821,ship,ship,0.8138109
8822,ship,ship,0.9999397
8823,ship,ship,0.9999883
8824,ship,ship,0.9896571
8825,ship,ship,1.0
8826,ship,ship,0.9999999
8827,ship,ship,1.0
8828,ship,ship,1.0
8829,ship,ship,0.9999995
8830,ship,ship,0.99999094
8831,ship,ship,1.0
8832,ship,ship,1.0
8833,ship,ship,0.9993918
8834,ship,ship,0.99999964
8835,ship,ship,1.0
8836,ship,ship,0.99999964
8837,ship,ship,0.99999976
8838,ship,ship,0.9999995
8839,ship,ship,0.99935097
8840,ship,ship,1.0
8841,ship,ship,0.9999558
8842,ship,ship,0.99999034
8843,ship,ship,0.9999999
8844,ship,ship,0.99998
8845,ship,ship,0.99314123
8846,ship,ship,0.99901414
8847,ship,ship,0.9999999
8848,ship,ship,0.9999902
8849,ship,ship,1.0
8850,ship,ship,0.9999137
8851,ship,ship,1.0
8852,ship,ship,0.9999833
8853,ship,ship,1.0
8854,ship,ship,0.99999523
8855,ship,ship,0.99998116
8856,ship,ship,0.9954776
8857,ship,ship,0.9999964
8858,ship,ship,1.0
8859,ship,ship,0.99999225
8860,ship,ship,0.99917185
8861,ship,ship,0.99996555
8862,ship,ship,0.9944001
8863,ship,ship,0.99969566
8864,ship,ship,0.9999999
8865,ship,ship,0.9999956
8866,ship,ship,1.0
8867,ship,ship,0.9999989
8868,ship,ship,0.9999987
8869,ship,ship,0.9848165
8870,ship,ship,1.0
8871,ship,ship,1.0
8872,ship,ship,0.98828053
8873,ship,ship,0.9996766
8874,ship,ship,1.0
8875,ship,ship,0.9999919
8876,ship,ship,1.0
8877,ship,ship,0.99999774
8878,ship,ship,1.0
8879,ship,ship,0.67939967
8880,ship,ship,1.0
8881,ship,ship,1.0
8882,ship,ship,0.9998908
8883,ship,ship,1.0
8884,ship,ship,1.0
8885,ship,ship,0.99999976
8886,ship,ship,0.99999535
8887,ship,ship,1.0
8888,ship,ship,0.9999622
8889,ship,ship,0.99999
8890,ship,ship,0.99998045
8891,ship,ship,0.9999999
8892,ship,ship,0.9999689
8893,ship,ship,1.0
8894,ship,ship,1.0
8895,ship,ship,1.0
8896,ship,ship,1.0
8897,ship,ship,0.9999939
8898,ship,ship,0.9959341
8899,ship,ship,1.0
8900,ship,ship,0.99999917
8901,ship,ship,0.9999033
8902,ship,ship,0.99999404
8903,ship,ship,1.0
8904,ship,ship,0.99999976
8905,ship,ship,0.99999964
8906,ship,ship,0.999778
8907,ship,ship,1.0
8908,ship,ship,0.88319564
8909,ship,ship,0.99970144
8910,ship,ship,1.0
8911,ship,ship,0.9993724
8912,ship,ship,0.99999654
8913,ship,ship,0.99995613
8914,ship,ship,0.99999845
8915,ship,ship,0.9999516
8916,ship,ship,1.0
8917,ship,ship,0.9999993
8918,ship,ship,1.0
8919,ship,ship,1.0
8920,ship,ship,0.99999964
8921,ship,ship,0.9999956
8922,ship,ship,0.99999976
8923,ship,ship,0.99999774
8924,ship,ship,1.0
8925,ship,ship,0.8318281
8926,ship,ship,0.999997
8927,ship,ship,0.9999999
8928,ship,ship,0.99999774
8929,ship,ship,0.9977144
8930,ship,ship,0.95849806
8931,ship,ship,1.0
8932,ship,ship,0.99999976
8933,ship,ship,0.99999845
8934,ship,ship,0.99999845
8935,ship,ship,0.99999535
8936,ship,ship,0.9672039
8937,ship,ship,0.99994767
8938,ship,ship,0.99988127
8939,ship,ship,0.99999464
8940,ship,ship,0.9999864
8941,ship,ship,0.9999999
8942,ship,ship,0.99999857
8943,ship,ship,0.99999976
8944,ship,ship,1.0
8945,ship,ship,0.9999993
8946,ship,ship,0.9999995
8947,ship,ship,0.99998987
8948,ship,ship,1.0
8949,ship,ship,0.77351576
8950,ship,ship,0.9999999
8951,ship,ship,0.9999198
8952,ship,ship,0.9999999
8953,ship,ship,0.9999999
8954,ship,ship,0.999997
8955,ship,ship,1.0
8956,ship,ship,0.9999341
8957,ship,ship,0.9999999
8958,ship,ship,1.0
8959,ship,ship,0.9999993
8960,ship,ship,0.9999999
8961,ship,ship,1.0
8962,ship,ship,1.0
8963,ship,ship,0.999979
8964,ship,ship,0.99999964
8965,ship,ship,0.9999933
8966,ship,ship,1.0
8967,ship,ship,0.9999999
8968,ship,ship,0.9999962
8969,ship,ship,0.99976665
8970,ship,ship,0.9994935
8971,ship,ship,0.99999094
8972,ship,ship,0.9999999
8973,ship,ship,0.9999995
8974,ship,ship,0.9907362
8975,ship,ship,0.9999995
8976,ship,ship,0.99994683
8977,ship,ship,1.0
8978,ship,ship,0.99999
8979,ship,ship,1.0
8980,ship,ship,0.99999
8981,ship,ship,0.9999994
8982,ship,ship,0.99998176
8983,ship,ship,0.9999316
8984,ship,ship,0.9999999
8985,ship,ship,0.9991823
8986,ship,ship,1.0
8987,ship,ship,0.9999807
8988,ship,ship,0.99999774
8989,ship,ship,1.0
8990,ship,ship,0.99999213
8991,ship,ship,0.9999291
8992,ship,ship,0.9999598
8993,ship,ship,0.99999976
8994,ship,ship,0.9999995
8995,ship,ship,1.0
8996,ship,ship,0.9997975
8997,ship,ship,0.99999785
8998,ship,ship,1.0
8999,ship,ship,1.0
9000,truck,truck,1.0
9001,truck,truck,1.0
9002,truck,truck,1.0
9003,truck,truck,1.0
9004,truck,truck,0.9999999
9005,truck,truck,1.0
9006,truck,truck,0.99999976
9007,truck,ship,0.9206335
9008,truck,truck,0.99999976
9009,truck,truck,0.99997413
9010,truck,truck,1.0
9011,truck,truck,1.0
9012,truck,truck,1.0
9013,truck,truck,0.9998871
9014,truck,truck,0.9604683
9015,truck,truck,1.0
9016,truck,truck,1.0
9017,truck,truck,0.99997175
9018,truck,truck,1.0
9019,truck,truck,0.9999982
9020,truck,truck,1.0
9021,truck,truck,1.0
9022,truck,truck,0.9848595
9023,truck,truck,0.99998534
9024,truck,truck,1.0
9025,truck,truck,0.9999572
9026,truck,truck,0.9999999
9027,truck,truck,0.99988294
9028,truck,truck,1.0
9029,truck,truck,0.9999993
9030,truck,truck,0.9999951
9031,truck,truck,0.9999317
9032,truck,truck,0.99999845
9033,truck,truck,0.99999654
9034,truck,truck,0.9133527
9035,truck,truck,0.99999964
9036,truck,truck,1.0
9037,truck,truck,0.9999999
9038,truck,truck,0.9999999
9039,truck,truck,1.0
9040,truck,truck,1.0
9041,truck,truck,0.9999994
9042,truck,truck,0.99964654
9043,truck,truck,0.99976367
9044,truck,truck,0.83439696
9045,truck,truck,1.0
9046,truck,truck,0.5599836
9047,truck,truck,1.0
9048,truck,truck,1.0
9049,truck,truck,1.0
9050,truck,truck,1.0
9051,truck,truck,0.9999999
9052,truck,truck,1.0
9053,truck,truck,0.97694016
9054,truck,truck,1.0
9055,truck,truck,1.0
9056,truck,truck,1.0
9057,truck,truck,0.9999994
9058,truck,truck,0.99470913
9059,truck,truck,0.9999999
9060,truck,truck,1.0
9061,truck,truck,0.99999475
9062,truck,truck,0.9999949
9063,truck,truck,1.0
9064,truck,truck,1.0
9065,truck,truck,1.0
9066,truck,truck,0.99999964
9067,truck,truck,0.6060622
9068,truck,truck,1.0
9069,truck,truck,1.0
9070,truck,truck,1.0
9071,truck,truck,1.0
9072,truck,truck,0.99988854
9073,truck,truck,0.9999764
9074,truck,truck,0.99999774
9075,truck,truck,0.9999906
9076,truck,truck,0.99998295
9077,truck,truck,0.9999504
9078,truck,truck,1.0
9079,truck,truck,1.0
9080,truck,truck,0.99907935
9081,truck,truck,1.0
9082,truck,truck,0.9999993
9083,truck,truck,1.0
9084,truck,truck,1.0
9085,truck,truck,0.9981285
9086,truck,truck,0.9753677
9087,truck,truck,0.9819027
9088,truck,truck,1.0
9089,truck,truck,0.9999999
9090,truck,truck,1.0
9091,truck,truck,0.9999888
9092,truck,truck,1.0
9093,truck,truck,1.0
9094,truck,truck,0.9999995
9095,truck,automobile,0.6513547
9096,truck,truck,0.9849849
9097,truck,truck,1.0
9098,truck,truck,0.9999981
9099,truck,truck,0.99381715
9100,truck,truck,0.9999218
9101,truck,truck,1.0
9102,truck,truck,0.99999774
9103,truck,truck,0.99746406
9104,truck,truck,0.9999924
9105,truck,truck,0.9999937
9106,truck,truck,0.99999964
9107,truck,truck,0.9999999
9108,truck,truck,0.99999654
9109,truck,truck,0.729976
9110,truck,truck,1.0
9111,truck,truck,0.99976677
9112,truck,truck,0.98771054
9113,truck,truck,0.9999995
9114,truck,truck,0.99981445
9115,truck,truck,1.0
9116,truck,truck,1.0
9117,truck,truck,0.99999845
9118,truck,truck,1.0
9119,truck,truck,0.9999614
9120,truck,truck,1.0
9121,truck,truck,1.0
9122,truck,truck,0.98080254
9123,truck,truck,0.9999933
9124,truck,truck,0.9999802
9125,truck,truck,1.0
9126,truck,truck,0.9998957
9127,truck,truck,0.99999917
9128,truck,truck,0.9999927
9129,truck,truck,0.9997329
9130,truck,truck,0.5736783
9131,truck,truck,0.9999999
9132,truck,truck,0.99999607
9133,truck,truck,1.0
9134,truck,truck,1.0
9135,truck,truck,0.9999999
9136,truck,truck,1.0
9137,truck,truck,1.0
9138,truck,truck,1.0
9139,truck,truck,0.9999957
9140,truck,truck,1.0
9141,truck,truck,1.0
9142,truck,truck,1.0
9143,truck,truck,0.99981374
9144,truck,truck,0.99998724
9145,truck,truck,1.0
9146,truck,truck,1.0
9147,truck,truck,1.0
9148,truck,truck,1.0
9149,truck,truck,1.0
9150,truck,truck,0.9999999
9151,truck,truck,1.0
9152,truck,automobile,0.5097644
9153,truck,truck,0.99993515
9154,truck,truck,1.0
9155,truck,truck,0.99999356
9156,truck,automobile,0.6135356
9157,truck,truck,1.0
9158,truck,truck,1.0
9159,truck,truck,0.9999924
9160,truck,truck,0.99999964
9161,truck,truck,1.0
9162,truck,truck,1.0
9163,truck,truck,0.9999999
9164,truck,truck,0.99999154
9165,truck,truck,1.0
9166,truck,truck,1.0
9167,truck,truck,0.9999982
9168,truck,truck,0.99998474
9169,truck,truck,0.99999905
9170,truck,truck,0.9999994
9171,truck,truck,0.99999976
9172,truck,truck,1.0
9173,truck,truck,0.99984634
9174,truck,truck,1.0
9175,truck,automobile,0.5013473
9176,truck,automobile,0.9991524
9177,truck,truck,0.99997675
9178,truck,truck,1.0
9179,truck,truck,1.0
9180,truck,truck,0.9999981
9181,truck,truck,1.0
9182,truck,truck,1.0
9183,truck,truck,0.99999976
9184,truck,truck,1.0
9185,truck,truck,0.99993205
9186,truck,truck,0.99986184
9187,truck,truck,0.99999964
9188,truck,truck,0.99999774
9189,truck,truck,1.0
9190,truck,truck,0.99982184
9191,truck,truck,1.0
9192,truck,truck,1.0
9193,truck,truck,0.9590564
9194,truck,truck,1.0
9195,truck,truck,1.0
9196,truck,truck,1.0
9197,truck,truck,0.9999918
9198,truck,truck,0.99309
9199,truck,truck,0.9999441
9200,truck,truck,0.9999988
9201,truck,truck,1.0
9202,truck,truck,0.9999993
9203,truck,truck,1.0
9204,truck,truck,0.99999523
9205,truck,truck,1.0
9206,truck,truck,0.99999607
9207,truck,truck,0.95072836
9208,truck,truck,0.99999404
9209,truck,truck,0.9960699
9210,truck,truck,1.0
9211,truck,truck,0.99999964
9212,truck,truck,0.98927957
9213,truck,truck,1.0
9214,truck,truck,0.9999993
9215,truck,truck,0.9999999
9216,truck,truck,1.0
9217,truck,truck,0.99999917
9218,truck,truck,0.99999905
9219,truck,ship,0.48389554
9220,truck,truck,1.0
9221,truck,truck,1.0
9222,truck,truck,0.968889
9223,truck,truck,1.0
9224,truck,truck,0.9999932
9225,truck,truck,1.0
9226,truck,truck,1.0
9227,truck,truck,0.99867696
9228,truck,truck,0.99999905
9229,truck,truck,0.9967775
9230,truck,truck,0.9088945
9231,truck,truck,1.0
9232,truck,truck,0.999997
9233,truck,truck,0.9989122
9234,truck,truck,1.0
9235,truck,truck,1.0
9236,truck,truck,0.99943656
9237,truck,truck,1.0
9238,truck,truck,1.0
9239,truck,truck,0.99994373
9240,truck,truck,0.9999995
9241,truck,truck,1.0
9242,truck,truck,0.999933
9243,truck,truck,1.0
9244,truck,truck,1.0
9245,truck,truck,0.9999833
9246,truck,truck,1.0
9247,truck,truck,0.9999995
9248,truck,truck,1.0
9249,truck,truck,0.99999964
9250,truck,truck,1.0
9251,truck,truck,0.99999833
9252,truck,truck,0.9999511
9253,truck,truck,0.99999964
9254,truck,truck,0.9999995
9255,truck,ship,0.9995814
9256,truck,truck,0.9999075
9257,truck,truck,0.99999976
9258,truck,truck,0.99999964
9259,truck,truck,1.0
9260,truck,truck,0.9999887
9261,truck,truck,1.0
9262,truck,truck,1.0
9263,truck,truck,1.0
9264,truck,truck,0.9999999
9265,truck,truck,0.99978846
9266,truck,truck,0.99999905
9267,truck,truck,0.9999968
9268,truck,truck,0.99973756
9269,truck,truck,1.0
9270,truck,truck,0.99999404
9271,truck,truck,0.99861515
9272,truck,truck,0.99999404
9273,truck,truck,1.0
9274,truck,truck,1.0
9275,truck,truck,1.0
9276,truck,truck,0.99998677
9277,truck,truck,0.9999541
9278,truck,truck,1.0
9279,truck,truck,0.9999988
9280,truck,truck,1.0
9281,truck,truck,0.9975514
9282,truck,truck,0.8146499
9283,truck,truck,1.0
9284,truck,truck,1.0
9285,truck,automobile,0.9243918
9286,truck,truck,1.0
9287,truck,truck,0.99988997
9288,truck,truck,0.9999807
9289,truck,truck,1.0
9290,truck,truck,0.99999976
9291,truck,truck,0.9999987
9292,truck,truck,0.9999945
9293,truck,truck,0.9999999
9294,truck,truck,1.0
9295,truck,truck,0.9999993
9296,truck,truck,1.0
9297,truck,truck,1.0
9298,truck,truck,0.9999995
9299,truck,truck,0.999984
9300,truck,truck,0.76050174
9301,truck,truck,0.9999198
9302,truck,truck,0.6750604
9303,truck,truck,0.9866361
9304,truck,truck,0.9999981
9305,truck,truck,1.0
9306,truck,truck,1.0
9307,truck,truck,1.0
9308,truck,truck,1.0
9309,truck,truck,0.9999988
9310,truck,truck,1.0
9311,truck,truck,0.99996614
9312,truck,truck,1.0
9313,truck,truck,1.0
9314,truck,truck,1.0
9315,truck,truck,0.9159855
9316,truck,truck,1.0
9317,truck,truck,1.0
9318,truck,truck,1.0
9319,truck,truck,0.99902
9320,truck,truck,0.86612153
9321,truck,ship,0.7355689
9322,truck,truck,0.9999981
9323,truck,truck,0.9999951
9324,truck,truck,0.9998852
9325,truck,truck,0.9999995
9326,truck,truck,0.6766055
9327,truck,truck,0.9906026
9328,truck,truck,0.9999994
9329,truck,truck,1.0
9330,truck,truck,0.9995154
9331,truck,truck,1.0
9332,truck,truck,0.9999995
9333,truck,truck,0.99865925
9334,truck,truck,0.9999974
9335,truck,truck,0.9998555
9336,truck,truck,1.0
9337,truck,truck,1.0
9338,truck,truck,1.0
9339,truck,truck,0.9999993
9340,truck,truck,0.9988821
9341,truck,truck,0.89971155
9342,truck,truck,0.9875514
9343,truck,truck,0.9997708
9344,truck,truck,0.99999857
9345,truck,truck,0.99998856
9346,truck,truck,0.99999976
9347,truck,truck,1.0
9348,truck,truck,1.0
9349,truck,truck,1.0
9350,truck,truck,1.0
9351,truck,truck,1.0
9352,truck,automobile,0.96036106
9353,truck,airplane,0.9955527
9354,truck,truck,0.9935302
9355,truck,truck,0.9978192
9356,truck,truck,0.99999964
9357,truck,truck,0.5467076
9358,truck,truck,1.0
9359,truck,truck,1.0
9360,truck,truck,1.0
9361,truck,truck,1.0
9362,truck,truck,0.67047304
9363,truck,truck,1.0
9364,truck,truck,0.99968696
9365,truck,truck,0.99940765
9366,truck,truck,0.9999491
9367,truck,truck,1.0
9368,truck,truck,0.99998844
9369,truck,truck,1.0
9370,truck,truck,0.99999976
9371,truck,truck,0.9999994
9372,truck,truck,0.99905986
9373,truck,truck,0.9999043
9374,truck,truck,1.0
9375,truck,truck,0.99999857
9376,truck,truck,0.99999976
9377,truck,truck,0.99999976
9378,truck,truck,0.99999917
9379,truck,truck,0.99999416
9380,truck,truck,1.0
9381,truck,truck,0.99999917
9382,truck,truck,0.9988519
9383,truck,truck,0.9956607
9384,truck,truck,0.99999976
9385,truck,truck,0.9990319
9386,truck,truck,0.9974305
9387,truck,automobile,0.3568901
9388,truck,truck,0.999956
9389,truck,truck,1.0
9390,truck,truck,0.9999993
9391,truck,truck,0.99999964
9392,truck,truck,1.0
9393,truck,truck,1.0
9394,truck,truck,1.0
9395,truck,truck,1.0
9396,truck,truck,0.9999975
9397,truck,truck,0.9001582
9398,truck,truck,0.99999976
9399,truck,truck,1.0
9400,truck,truck,1.0
9401,truck,truck,0.99999917
9402,truck,truck,1.0
9403,truck,truck,1.0
9404,truck,truck,1.0
9405,truck,truck,0.99999785
9406,truck,airplane,0.945439
9407,truck,truck,0.99999976
9408,truck,truck,1.0
9409,truck,truck,0.99879694
9410,truck,truck,0.99999964
9411,truck,truck,1.0
9412,truck,ship,0.98524934
9413,truck,truck,1.0
9414,truck,truck,0.99999976
9415,truck,truck,1.0
9416,truck,truck,1.0
9417,truck,truck,1.0
9418,truck,truck,0.9999957
9419,truck,truck,1.0
9420,truck,truck,0.9999945
9421,truck,truck,0.9999995
9422,truck,truck,1.0
9423,truck,truck,1.0
9424,truck,truck,0.9999993
9425,truck,truck,1.0
9426,truck,truck,1.0
9427,truck,truck,1.0
9428,truck,truck,1.0
9429,truck,truck,1.0
9430,truck,truck,0.99945813
9431,truck,truck,0.9999999
9432,truck,automobile,0.99998116
9433,truck,truck,1.0
9434,truck,truck,0.99999976
9435,truck,truck,1.0
9436,truck,truck,0.99999833
9437,truck,truck,1.0
9438,truck,truck,1.0
9439,truck,truck,0.99964154
9440,truck,truck,1.0
9441,truck,truck,1.0
9442,truck,truck,1.0
9443,truck,truck,0.9999939
9444,truck,truck,1.0
9445,truck,truck,0.99998534
9446,truck,truck,1.0
9447,truck,truck,0.9999993
9448,truck,truck,1.0
9449,truck,truck,0.99999964
9450,truck,truck,0.9999598
9451,truck,truck,1.0
9452,truck,truck,0.9998667
9453,truck,truck,1.0
9454,truck,truck,0.98751336
9455,truck,truck,1.0
9456,truck,truck,0.9999738
9457,truck,truck,0.999966
9458,truck,truck,1.0
9459,truck,truck,1.0
9460,truck,truck,0.99931026
9461,truck,truck,0.99999666
9462,truck,truck,1.0
9463,truck,truck,0.9997664
9464,truck,truck,1.0
9465,truck,truck,1.0
9466,truck,truck,1.0
9467,truck,airplane,0.6445485
9468,truck,truck,0.99085474
9469,truck,truck,1.0
9470,truck,truck,1.0
9471,truck,truck,0.99999917
9472,truck,truck,0.999949
9473,truck,truck,1.0
9474,truck,truck,0.97737044
9475,truck,truck,1.0
9476,truck,truck,1.0
9477,truck,truck,0.9999993
9478,truck,truck,1.0
9479,truck,truck,1.0
9480,truck,truck,0.9999999
9481,truck,automobile,0.5029291
9482,truck,truck,1.0
9483,truck,truck,1.0
9484,truck,truck,1.0
9485,truck,truck,1.0
9486,truck,truck,1.0
9487,truck,truck,0.9999981
9488,truck,truck,0.9932516
9489,truck,truck,0.99997973
9490,truck,truck,0.9999875
9491,truck,truck,1.0
9492,truck,truck,1.0
9493,truck,truck,0.9974656
9494,truck,truck,1.0
9495,truck,truck,1.0
9496,truck,truck,0.9999937
9497,truck,truck,0.9999999
9498,truck,truck,0.9999888
9499,truck,truck,1.0
9500,truck,truck,0.99895346
9501,truck,truck,0.9999999
9502,truck,truck,0.9999999
9503,truck,truck,0.9998554
9504,truck,truck,1.0
9505,truck,truck,0.99999917
9506,truck,automobile,0.99922824
9507,truck,truck,0.99988365
9508,truck,truck,0.9999187
9509,truck,truck,0.9999993
9510,truck,truck,0.99999964
9511,truck,truck,0.9999974
9512,truck,truck,0.9999826
9513,truck,truck,0.99999976
9514,truck,truck,0.9999982
9515,truck,truck,1.0
9516,truck,truck,0.99999905
9517,truck,truck,0.9996111
9518,truck,truck,0.99999285
9519,truck,truck,1.0
9520,truck,truck,1.0
9521,truck,truck,0.99999976
9522,truck,truck,0.9999994
9523,truck,truck,0.9999995
9524,truck,truck,0.9999999
9525,truck,truck,1.0
9526,truck,truck,1.0
9527,truck,truck,1.0
9528,truck,truck,1.0
9529,truck,truck,0.99322355
9530,truck,truck,0.9999994
9531,truck,ship,0.92589635
9532,truck,truck,1.0
9533,truck,truck,0.41554257
9534,truck,truck,0.9999782
9535,truck,truck,1.0
9536,truck,truck,0.9999999
9537,truck,truck,0.99893266
9538,truck,truck,0.9999999
9539,truck,truck,0.9999999
9540,truck,truck,0.9999999
9541,truck,truck,1.0
9542,truck,truck,0.99907815
9543,truck,truck,1.0
9544,truck,truck,1.0
9545,truck,truck,0.99917763
9546,truck,truck,1.0
9547,truck,truck,1.0
9548,truck,truck,0.9999995
9549,truck,truck,1.0
9550,truck,truck,0.9999999
9551,truck,truck,1.0
9552,truck,automobile,0.99934584
9553,truck,truck,0.99999976
9554,truck,truck,1.0
9555,truck,truck,1.0
9556,truck,automobile,0.9901091
9557,truck,truck,1.0
9558,truck,truck,0.99999714
9559,truck,truck,1.0
9560,truck,truck,0.96425223
9561,truck,truck,0.99999964
9562,truck,truck,0.9999976
9563,truck,truck,1.0
9564,truck,truck,0.9999989
9565,truck,truck,0.99999917
9566,truck,truck,0.9999844
9567,truck,truck,1.0
9568,truck,truck,1.0
9569,truck,truck,1.0
9570,truck,truck,0.99999964
9571,truck,truck,0.96716034
9572,truck,truck,0.9999906
9573,truck,truck,1.0
9574,truck,truck,0.9999765
9575,truck,truck,0.9999895
9576,truck,truck,0.9999993
9577,truck,truck,0.9999819
9578,truck,truck,1.0
9579,truck,truck,1.0
9580,truck,truck,1.0
9581,truck,truck,0.99999964
9582,truck,truck,0.9998778
9583,truck,truck,0.9851575
9584,truck,truck,0.9968997
9585,truck,truck,1.0
9586,truck,truck,0.9995364
9587,truck,truck,1.0
9588,truck,truck,1.0
9589,truck,truck,0.99999785
9590,truck,truck,0.9999999
9591,truck,truck,0.99664307
9592,truck,truck,0.9999311
9593,truck,truck,1.0
9594,truck,truck,0.99999845
9595,truck,truck,1.0
9596,truck,truck,0.9999318
9597,truck,truck,1.0
9598,truck,truck,1.0
9599,truck,truck,1.0
9600,truck,truck,1.0
9601,truck,truck,1.0
9602,truck,truck,0.9999995
9603,truck,truck,0.9999958
9604,truck,truck,1.0
9605,truck,truck,0.99988866
9606,truck,truck,1.0
9607,truck,truck,1.0
9608,truck,truck,0.99942756
9609,truck,truck,0.9448781
9610,truck,truck,0.9999987
9611,truck,truck,1.0
9612,truck,truck,1.0
9613,truck,truck,1.0
9614,truck,truck,1.0
9615,truck,truck,1.0
9616,truck,truck,0.99298733
9617,truck,truck,0.9999995
9618,truck,truck,1.0
9619,truck,truck,0.9999993
9620,truck,truck,1.0
9621,truck,truck,0.99999976
9622,truck,truck,1.0
9623,truck,truck,0.9999547
9624,truck,truck,1.0
9625,truck,truck,1.0
9626,truck,truck,0.99903476
9627,truck,truck,0.99999976
9628,truck,truck,1.0
9629,truck,truck,1.0
9630,truck,truck,1.0
9631,truck,truck,1.0
9632,truck,truck,0.9999945
9633,truck,truck,0.9999999
9634,truck,truck,1.0
9635,truck,truck,0.9997495
9636,truck,truck,1.0
9637,truck,truck,0.99627775
9638,truck,truck,0.99993527
9639,truck,truck,1.0
9640,truck,automobile,0.99593735
9641,truck,truck,0.9342505
9642,truck,truck,0.9999168
9643,truck,automobile,0.8233734
9644,truck,truck,1.0
9645,truck,truck,0.99994135
9646,truck,truck,0.99999
9647,truck,truck,0.99999905
9648,truck,truck,1.0
9649,truck,truck,0.73411936
9650,truck,truck,0.9999987
9651,truck,truck,0.9440029
9652,truck,truck,1.0
9653,truck,truck,1.0
9654,truck,truck,1.0
9655,truck,truck,0.99999905
9656,truck,truck,1.0
9657,truck,truck,0.99999964
9658,truck,truck,0.6933953
9659,truck,truck,0.9999229
9660,truck,truck,0.99997425
9661,truck,truck,1.0
9662,truck,truck,0.99999654
9663,truck,truck,0.9999999
9664,truck,truck,1.0
9665,truck,truck,1.0
9666,truck,truck,0.9978358
9667,truck,truck,1.0
9668,truck,truck,0.9999999
9669,truck,truck,0.9999943
9670,truck,truck,0.9999999
9671,truck,truck,0.9877357
9672,truck,truck,0.99999964
9673,truck,truck,0.9999999
9674,truck,truck,0.7656733
9675,truck,truck,0.99999964
9676,truck,truck,0.9999994
9677,truck,truck,0.99998915
9678,truck,truck,0.99999964
9679,truck,truck,1.0
9680,truck,truck,0.99432963
9681,truck,truck,1.0
9682,truck,truck,1.0
9683,truck,truck,0.99999154
9684,truck,truck,0.9993568
9685,truck,truck,0.99999833
9686,truck,truck,1.0
9687,truck,truck,0.99999976
9688,truck,truck,0.9999999
9689,truck,truck,0.99913114
9690,truck,truck,1.0
9691,truck,truck,0.99998116
9692,truck,truck,0.98702985
9693,truck,truck,1.0
9694,truck,truck,0.99999857
9695,truck,truck,0.9999659
9696,truck,truck,0.9996275
9697,truck,truck,1.0
9698,truck,truck,1.0
9699,truck,truck,1.0
9700,truck,truck,0.9999877
9701,truck,truck,1.0
9702,truck,truck,0.9999869
9703,truck,truck,0.99749005
9704,truck,truck,0.9999789
9705,truck,truck,1.0
9706,truck,truck,0.9999999
9707,truck,truck,0.9894219
9708,truck,truck,0.9999896
9709,truck,truck,0.9999999
9710,truck,truck,0.999997
9711,truck,truck,0.9999989
9712,truck,truck,0.9999907
9713,truck,truck,1.0
9714,truck,truck,0.9999684
9715,truck,truck,0.9999765
9716,truck,truck,0.9999995
9717,truck,truck,0.99999917
9718,truck,truck,0.9999999
9719,truck,truck,0.99999726
9720,truck,truck,0.9999999
9721,truck,truck,0.99999964
9722,truck,truck,1.0
9723,truck,truck,1.0
9724,truck,truck,1.0
9725,truck,truck,0.99683964
9726,truck,truck,1.0
9727,truck,truck,0.99998844
9728,truck,truck,1.0
9729,truck,truck,0.9999999
9730,truck,truck,0.9962219
9731,truck,truck,0.9994536
9732,truck,truck,0.9984988
9733,truck,truck,1.0
9734,truck,truck,1.0
9735,truck,truck,1.0
9736,truck,truck,0.9999982
9737,truck,truck,0.9999602
9738,truck,truck,1.0
9739,truck,truck,0.9999989
9740,truck,truck,1.0
9741,truck,truck,0.9999999
9742,truck,truck,0.99297357
9743,truck,truck,0.9999994
9744,truck,truck,1.0
9745,truck,truck,1.0
9746,truck,truck,0.9999783
9747,truck,truck,0.9999994
9748,truck,truck,0.9999999
9749,truck,truck,1.0
9750,truck,truck,1.0
9751,truck,truck,1.0
9752,truck,truck,0.99933463
9753,truck,truck,1.0
9754,truck,truck,0.9999974
9755,truck,truck,0.9998448
9756,truck,truck,0.99901915
9757,truck,truck,0.6251146
9758,truck,truck,1.0
9759,truck,truck,1.0
9760,truck,truck,1.0
9761,truck,truck,0.9998234
9762,truck,truck,1.0
9763,truck,truck,0.9999988
9764,truck,truck,1.0
9765,truck,truck,1.0
9766,truck,truck,1.0
9767,truck,truck,0.9999994
9768,truck,truck,0.86107045
9769,truck,truck,0.9999944
9770,truck,truck,0.99941385
9771,truck,truck,0.9858518
9772,truck,truck,1.0
9773,truck,truck,0.55342823
9774,truck,truck,0.9999993
9775,truck,truck,1.0
9776,truck,truck,1.0
9777,truck,truck,0.99999964
9778,truck,truck,0.99997604
9779,truck,truck,0.9999999
9780,truck,truck,0.9999999
9781,truck,truck,0.99999976
9782,truck,ship,0.6370801
9783,truck,truck,1.0
9784,truck,truck,0.9999945
9785,truck,truck,0.9999583
9786,truck,truck,1.0
9787,truck,truck,1.0
9788,truck,automobile,0.9997584
9789,truck,truck,0.99999547
9790,truck,truck,1.0
9791,truck,truck,0.9999994
9792,truck,truck,0.9974552
9793,truck,truck,1.0
9794,truck,truck,0.9999989
9795,truck,truck,0.99999213
9796,truck,truck,0.99999964
9797,truck,truck,0.94054735
9798,truck,truck,0.9999989
9799,truck,truck,0.9298968
9800,truck,truck,1.0
9801,truck,truck,1.0
9802,truck,truck,1.0
9803,truck,truck,0.99999976
9804,truck,truck,0.9999291
9805,truck,truck,0.99999917
9806,truck,truck,0.9284008
9807,truck,truck,0.99999905
9808,truck,truck,0.9999999
9809,truck,truck,0.99999905
9810,truck,truck,0.9999938
9811,truck,automobile,0.6048604
9812,truck,truck,1.0
9813,truck,truck,0.99998736
9814,truck,truck,0.99998987
9815,truck,truck,0.9999999
9816,truck,truck,0.90260816
9817,truck,truck,0.9995721
9818,truck,truck,1.0
9819,truck,truck,0.9993704
9820,truck,truck,0.7475547
9821,truck,truck,0.9989569
9822,truck,truck,1.0
9823,truck,truck,0.9997501
9824,truck,truck,0.9999478
9825,truck,truck,1.0
9826,truck,truck,0.99999976
9827,truck,truck,0.95434916
9828,truck,truck,0.99999964
9829,truck,truck,0.9991198
9830,truck,truck,1.0
9831,truck,truck,1.0
9832,truck,truck,1.0
9833,truck,truck,0.9999018
9834,truck,truck,0.99973637
9835,truck,truck,1.0
9836,truck,automobile,0.99604213
9837,truck,truck,1.0
9838,truck,truck,0.9999808
9839,truck,truck,1.0
9840,truck,truck,1.0
9841,truck,truck,0.9999707
9842,truck,truck,0.99999976
9843,truck,truck,0.996831
9844,truck,truck,0.98093396
9845,truck,truck,0.9999999
9846,truck,truck,0.9999982
9847,truck,truck,1.0
9848,truck,truck,0.99991405
9849,truck,truck,1.0
9850,truck,truck,0.9999981
9851,truck,truck,0.9999807
9852,truck,truck,0.9999536
9853,truck,truck,1.0
9854,truck,truck,1.0
9855,truck,truck,0.7912942
9856,truck,truck,1.0
9857,truck,truck,0.9999652
9858,truck,truck,1.0
9859,truck,truck,0.99994457
9860,truck,truck,0.99999845
9861,truck,truck,0.9999982
9862,truck,truck,0.68002814
9863,truck,truck,1.0
9864,truck,truck,0.99999964
9865,truck,truck,1.0
9866,truck,truck,1.0
9867,truck,truck,1.0
9868,truck,truck,0.9999999
9869,truck,truck,0.99442333
9870,truck,truck,0.9999981
9871,truck,truck,1.0
9872,truck,truck,1.0
9873,truck,truck,1.0
9874,truck,truck,0.99999976
9875,truck,truck,0.9999999
9876,truck,truck,1.0
9877,truck,truck,1.0
9878,truck,truck,0.9994229
9879,truck,truck,1.0
9880,truck,truck,1.0
9881,truck,truck,0.9999913
9882,truck,truck,0.9996873
9883,truck,truck,1.0
9884,truck,truck,0.9986273
9885,truck,truck,1.0
9886,truck,truck,1.0
9887,truck,truck,0.9999999
9888,truck,truck,0.9999925
9889,truck,truck,0.99999917
9890,truck,truck,1.0
9891,truck,truck,1.0
9892,truck,truck,0.99994147
9893,truck,truck,0.9998988
9894,truck,truck,1.0
9895,truck,truck,1.0
9896,truck,truck,0.9958866
9897,truck,truck,0.99999917
9898,truck,truck,0.99914384
9899,truck,truck,0.99999523
9900,truck,truck,1.0
9901,truck,truck,0.9999962
9902,truck,truck,0.99998915
9903,truck,truck,0.99997413
9904,truck,truck,0.987761
9905,truck,truck,0.99999976
9906,truck,truck,0.9999982
9907,truck,truck,1.0
9908,truck,truck,1.0
9909,truck,truck,0.98435533
9910,truck,truck,0.9999974
9911,truck,truck,0.9949982
9912,truck,truck,0.99999976
9913,truck,truck,0.9999654
9914,truck,truck,1.0
9915,truck,truck,1.0
9916,truck,truck,0.9999889
9917,truck,truck,1.0
9918,truck,truck,1.0
9919,truck,truck,0.99999976
9920,truck,truck,1.0
9921,truck,truck,0.99999964
9922,truck,truck,0.99999976
9923,truck,truck,0.9998332
9924,truck,truck,1.0
9925,truck,truck,0.9997843
9926,truck,truck,1.0
9927,truck,truck,1.0
9928,truck,truck,0.9999753
9929,truck,truck,1.0
9930,truck,truck,0.9999925
9931,truck,truck,1.0
9932,truck,truck,0.9999275
9933,truck,truck,0.9999981
9934,truck,truck,0.99995124
9935,truck,truck,1.0
9936,truck,truck,1.0
9937,truck,truck,1.0
9938,truck,truck,0.99987733
9939,truck,truck,0.9996927
9940,truck,truck,1.0
9941,truck,truck,0.9999974
9942,truck,truck,0.9999747
9943,truck,truck,0.99986386
9944,truck,truck,1.0
9945,truck,truck,0.99990964
9946,truck,truck,0.99999917
9947,truck,truck,1.0
9948,truck,truck,1.0
9949,truck,truck,0.9999975
9950,truck,truck,0.972224
9951,truck,truck,1.0
9952,truck,truck,1.0
9953,truck,truck,0.9988758
9954,truck,truck,1.0
9955,truck,truck,1.0
9956,truck,truck,0.9997167
9957,truck,truck,0.99999976
9958,truck,truck,1.0
9959,truck,truck,0.999998
9960,truck,truck,0.999985
9961,truck,truck,0.9999975
9962,truck,truck,1.0
9963,truck,truck,1.0
9964,truck,truck,0.92626387
9965,truck,truck,0.9999999
9966,truck,truck,1.0
9967,truck,truck,1.0
9968,truck,truck,1.0
9969,truck,truck,0.5214528
9970,truck,truck,0.9964971
9971,truck,truck,0.9999999
9972,truck,truck,0.99970156
9973,truck,truck,1.0
9974,truck,truck,0.79673785
9975,truck,truck,0.9999931
9976,truck,truck,0.9996916
9977,truck,truck,0.9999974
9978,truck,truck,0.99979097
9979,truck,truck,1.0
9980,truck,truck,1.0
9981,truck,truck,0.99985003
9982,truck,truck,1.0
9983,truck,truck,0.99998355
9984,truck,truck,0.99990225
9985,truck,truck,1.0
9986,truck,truck,0.9977569
9987,truck,truck,0.9999927
9988,truck,truck,0.9999471
9989,truck,truck,0.99999976
9990,truck,truck,0.9999999
9991,truck,truck,1.0
9992,truck,truck,1.0
9993,truck,truck,0.9997644
9994,truck,truck,0.9993358
9995,truck,truck,1.0
9996,truck,truck,1.0
9997,truck,truck,1.0
9998,truck,truck,0.9999999
9999,truck,truck,1.0
