index,true,pred,confidence
0,airplane,airplane,0.99983394
1,airplane,airplane,0.99977523
2,airplane,airplane,0.99958295
3,airplane,airplane,0.99983263
4,airplane,airplane,0.9998342
5,airplane,airplane,0.9997117
6,airplane,airplane,0.99662435
7,airplane,airplane,0.99985254
8,airplane,airplane,0.99976486
9,airplane,airplane,0.9998166
10,airplane,airplane,0.9998374
11,airplane,airplane,0.99970394
12,airplane,airplane,0.97733647
13,airplane,airplane,0.9997811
14,airplane,airplane,0.9997594
15,airplane,airplane,0.9996898
16,airplane,airplane,0.9998907
17,airplane,airplane,0.9997094
18,airplane,airplane,0.999828
19,airplane,airplane,0.9998418
20,airplane,airplane,0.9998491
21,airplane,airplane,0.9998715
22,airplane,airplane,0.9998275
23,airplane,airplane,0.99748176
24,airplane,airplane,0.99967694
25,airplane,airplane,0.99981385
26,airplane,airplane,0.99986756
27,airplane,airplane,0.9998659
28,airplane,airplane,0.9993742
29,airplane,airplane,0.99974376
30,airplane,airplane,0.99978346
31,airplane,airplane,0.99957603
32,airplane,airplane,0.9997863
33,airplane,airplane,0.99985886
34,airplane,airplane,0.99984014
35,airplane,airplane,0.9989876
36,airplane,airplane,0.9993863
37,airplane,airplane,0.99970454
38,airplane,airplane,0.99975425
39,airplane,airplane,0.99977523
40,airplane,airplane,0.9998628
41,airplane,airplane,0.9997471
42,airplane,airplane,0.9796103
43,airplane,airplane,0.9998338
44,airplane,airplane,0.99884677
45,airplane,airplane,0.9998337
46,airplane,airplane,0.99963975
47,airplane,airplane,0.9980653
48,airplane,airplane,0.9998597
49,airplane,airplane,0.99766845
50,airplane,airplane,0.9993956
51,airplane,airplane,0.99973446
52,airplane,airplane,0.9997906
53,airplane,airplane,0.9997396
54,airplane,airplane,0.999845
55,airplane,airplane,0.99897516
56,airplane,airplane,0.9997603
57,airplane,airplane,0.9998665
58,airplane,airplane,0.9998661
59,airplane,airplane,0.9998294
60,airplane,airplane,0.99985635
61,airplane,airplane,0.9075172
62,airplane,airplane,0.9998845
63,airplane,airplane,0.99987257
64,airplane,airplane,0.99987113
65,airplane,airplane,0.999778
66,airplane,airplane,0.99987686
67,airplane,airplane,0.9999058
68,airplane,airplane,0.9997142
69,airplane,airplane,0.9997975
70,airplane,airplane,0.9997274
71,airplane,airplane,0.99987113
72,airplane,airplane,0.99981457
73,airplane,airplane,0.999848
74,airplane,airplane,0.9998386
75,airplane,airplane,0.9995846
76,airplane,airplane,0.999828
77,airplane,airplane,0.99984086
78,airplane,airplane,0.99976224
79,airplane,airplane,0.99986804
80,airplane,airplane,0.9998141
81,airplane,airplane,0.99983275
82,airplane,airplane,0.9998883
83,airplane,airplane,0.99978775
84,airplane,airplane,0.99983084
85,airplane,airplane,0.9931712
86,airplane,airplane,0.9998134
87,airplane,airplane,0.9998394
88,airplane,airplane,0.9998424
89,airplane,airplane,0.999813
90,airplane,airplane,0.9998554
91,airplane,airplane,0.9997472
92,airplane,airplane,0.99987173
93,airplane,airplane,0.9998149
94,airplane,airplane,0.99985456
95,airplane,airplane,0.9998449
96,airplane,airplane,0.9998852
97,airplane,airplane,0.9998097
98,airplane,airplane,0.99978596
99,airplane,bird,0.9571682
100,airplane,airplane,0.99986696
101,airplane,airplane,0.99964666
102,airplane,airplane,0.9998628
103,airplane,ship,0.65528125
104,airplane,airplane,0.9997918
105,airplane,airplane,0.99980015
106,airplane,airplane,0.999864
107,airplane,airplane,0.9997743
108,airplane,airplane,0.99976367
109,airplane,airplane,0.99977034
110,airplane,airplane,0.99983585
111,airplane,airplane,0.99985504
112,airplane,airplane,0.99974245
113,airplane,airplane,0.99937516
114,airplane,airplane,0.99989974
115,airplane,airplane,0.999826
116,airplane,airplane,0.99980325
117,airplane,ship,0.84741706
118,airplane,airplane,0.9998839
119,airplane,airplane,0.9998406
120,airplane,airplane,0.9998592
121,airplane,airplane,0.9998627
122,airplane,airplane,0.999869
123,airplane,airplane,0.9998567
124,airplane,airplane,0.9998078
125,airplane,airplane,0.9997881
126,airplane,airplane,0.99970704
127,airplane,airplane,0.9998679
128,airplane,airplane,0.9998561
129,airplane,airplane,0.99981743
130,airplane,airplane,0.9998455
131,airplane,airplane,0.9998938
132,airplane,airplane,0.99984324
133,airplane,airplane,0.9998722
134,airplane,airplane,0.99986875
135,airplane,airplane,0.9998642
136,airplane,airplane,0.9998307
137,airplane,airplane,0.9991025
138,airplane,airplane,0.99972767
139,airplane,airplane,0.9998419
140,airplane,airplane,0.99981266
141,airplane,airplane,0.99972147
142,airplane,airplane,0.9998419
143,airplane,airplane,0.9998343
144,airplane,bird,0.62754244
145,airplane,airplane,0.99978644
146,airplane,airplane,0.99986875
147,airplane,airplane,0.99986863
148,airplane,airplane,0.9997483
149,airplane,airplane,0.99981195
150,airplane,airplane,0.99963856
151,airplane,airplane,0.99983454
152,airplane,airplane,0.99988127
153,airplane,airplane,0.9998573
154,airplane,airplane,0.999788
155,airplane,airplane,0.99982387
156,airplane,airplane,0.9998727
157,airplane,airplane,0.99978834
158,airplane,airplane,0.99781346
159,airplane,airplane,0.9998492
160,airplane,airplane,0.9997055
161,airplane,airplane,0.9999062
162,airplane,airplane,0.9998604
163,airplane,airplane,0.9998186
164,airplane,airplane,0.9998332
165,airplane,airplane,0.99882156
166,airplane,airplane,0.9625786
167,airplane,airplane,0.9998447
168,airplane,airplane,0.9998311
169,airplane,airplane,0.99987674
170,airplane,airplane,0.99984026
171,airplane,airplane,0.99984574
172,airplane,airplane,0.9998235
173,airplane,airplane,0.9998739
174,airplane,airplane,0.99961865
175,airplane,airplane,0.9998388
176,airplane,airplane,0.99955493
177,airplane,airplane,0.9997396
178,airplane,airplane,0.9997851
179,airplane,airplane,0.99978787
180,airplane,airplane,0.99974746
181,airplane,airplane,0.99974376
182,airplane,airplane,0.9981887
183,airplane,airplane,0.99970275
184,airplane,airplane,0.9998319
185,airplane,airplane,0.99982905
186,airplane,airplane,0.99973947
187,airplane,airplane,0.99977547
188,airplane,airplane,0.99982834
189,airplane,airplane,0.9997111
190,airplane,airplane,0.99978536
191,airplane,airplane,0.9993186
192,airplane,airplane,0.9997732
193,airplane,airplane,0.9997204
194,airplane,airplane,0.99985087
195,airplane,airplane,0.9997904
196,airplane,airplane,0.9998041
197,airplane,airplane,0.99985826
198,airplane,airplane,0.9998658
199,airplane,airplane,0.9998585
200,airplane,airplane,0.99984765
201,airplane,airplane,0.9997421
202,airplane,airplane,0.9998337
203,airplane,airplane,0.9996458
204,airplane,airplane,0.99955684
205,airplane,airplane,0.9997842
206,airplane,airplane,0.9998654
207,airplane,airplane,0.99985695
208,airplane,airplane,0.99985623
209,airplane,airplane,0.9998536
210,airplane,airplane,0.99988496
211,airplane,airplane,0.9998648
212,airplane,airplane,0.9998498
213,airplane,horse,0.98301584
214,airplane,airplane,0.99984264
215,airplane,airplane,0.99929357
216,airplane,airplane,0.9998337
217,airplane,airplane,0.9998392
218,airplane,airplane,0.9993969
219,airplane,airplane,0.99984086
220,airplane,bird,0.7110999
221,airplane,airplane,0.99976975
222,airplane,airplane,0.9450833
223,airplane,airplane,0.99983776
224,airplane,airplane,0.99988234
225,airplane,airplane,0.99977404
226,airplane,airplane,0.9998714
227,airplane,airplane,0.99982005
228,airplane,airplane,0.99984574
229,airplane,airplane,0.999587
230,airplane,airplane,0.9998229
231,airplane,airplane,0.99986887
232,airplane,airplane,0.99976414
233,airplane,airplane,0.9998418
234,airplane,airplane,0.99978596
235,airplane,airplane,0.9997379
236,airplane,airplane,0.99985254
237,airplane,airplane,0.99987733
238,airplane,airplane,0.97976834
239,airplane,airplane,0.99986875
240,airplane,airplane,0.9998332
241,airplane,airplane,0.99985015
242,airplane,airplane,0.9998716
243,airplane,airplane,0.9998288
244,airplane,airplane,0.9998271
245,airplane,airplane,0.9996853
246,airplane,airplane,0.9997646
247,airplane,airplane,0.9997495
248,airplane,ship,0.83908945
249,airplane,airplane,0.9998658
250,airplane,airplane,0.99818355
251,airplane,airplane,0.99864215
252,airplane,airplane,0.99985147
253,airplane,airplane,0.99985325
254,airplane,airplane,0.9998348
255,airplane,airplane,0.9988016
256,airplane,airplane,0.9998516
257,airplane,airplane,0.99981195
258,airplane,airplane,0.90632874
259,airplane,airplane,0.999721
260,airplane,airplane,0.99978644
261,airplane,airplane,0.99799675
262,airplane,airplane,0.99986756
263,airplane,airplane,0.9997656
264,airplane,airplane,0.9998785
265,airplane,airplane,0.99973565
266,airplane,airplane,0.9998134
267,airplane,airplane,0.9993881
268,airplane,airplane,0.9998456
269,airplane,airplane,0.9998853
270,airplane,airplane,0.999881
271,airplane,airplane,0.99978656
272,airplane,airplane,0.9998381
273,airplane,airplane,0.9998386
274,airplane,airplane,0.99986184
275,airplane,airplane,0.99989223
276,airplane,airplane,0.9997929
277,airplane,airplane,0.99977404
278,airplane,airplane,0.9998419
279,airplane,airplane,0.9998678
280,airplane,airplane,0.99987173
281,airplane,airplane,0.9997775
282,airplane,airplane,0.99987686
283,airplane,airplane,0.99984944
284,airplane,airplane,0.9998093
285,airplane,airplane,0.99986136
286,airplane,airplane,0.9998541
287,airplane,airplane,0.9998722
288,airplane,airplane,0.9998511
289,airplane,airplane,0.9998963
290,airplane,airplane,0.999814
291,airplane,airplane,0.9840884
292,airplane,airplane,0.99986243
293,airplane,airplane,0.9998754
294,airplane,airplane,0.9988036
295,airplane,airplane,0.99987924
296,airplane,airplane,0.9998481
297,airplane,airplane,0.99977106
298,airplane,airplane,0.9998809
299,airplane,airplane,0.9990206
300,airplane,airplane,0.99969625
301,airplane,airplane,0.9998035
302,airplane,airplane,0.9998149
303,airplane,airplane,0.99949884
304,airplane,airplane,0.999793
305,airplane,airplane,0.99983203
306,airplane,airplane,0.9998547
307,airplane,airplane,0.99969876
308,airplane,airplane,0.99988115
309,airplane,airplane,0.99988294
310,airplane,airplane,0.99984276
311,airplane,airplane,0.9998233
312,airplane,airplane,0.9998542
313,airplane,airplane,0.9986363
314,airplane,airplane,0.9976572
315,airplane,airplane,0.9997527
316,airplane,airplane,0.99974674
317,airplane,airplane,0.9998503
318,airplane,airplane,0.99979967
319,airplane,airplane,0.9998233
320,airplane,truck,0.8667384
321,airplane,airplane,0.9998343
322,airplane,airplane,0.99978095
323,airplane,airplane,0.99977404
324,airplane,airplane,0.9998876
325,airplane,airplane,0.99862826
326,airplane,airplane,0.9997925
327,airplane,airplane,0.9995598
328,airplane,airplane,0.99986756
329,airplane,airplane,0.999841
330,airplane,airplane,0.998743
331,airplane,airplane,0.9992449
332,airplane,airplane,0.9998549
333,airplane,ship,0.91134626
334,airplane,airplane,0.9997665
335,airplane,airplane,0.99905115
336,airplane,airplane,0.9997266
337,airplane,airplane,0.9997322
338,airplane,airplane,0.99988127
339,airplane,airplane,0.9998739
340,airplane,airplane,0.99943453
341,airplane,airplane,0.99984634
342,airplane,airplane,0.99782735
343,airplane,airplane,0.9998658
344,airplane,airplane,0.9998467
345,airplane,airplane,0.9990238
346,airplane,airplane,0.9998186
347,airplane,ship,0.98617375
348,airplane,airplane,0.99981993
349,airplane,airplane,0.99956673
350,airplane,airplane,0.9989341
351,airplane,airplane,0.9998079
352,airplane,airplane,0.999876
353,airplane,airplane,0.99986124
354,airplane,airplane,0.99986804
355,airplane,airplane,0.99936396
356,airplane,airplane,0.9998934
357,airplane,airplane,0.99983156
358,airplane,airplane,0.9997799
359,airplane,airplane,0.99983716
360,airplane,airplane,0.9998386
361,airplane,airplane,0.9986903
362,airplane,airplane,0.9996711
363,airplane,airplane,0.99976045
364,airplane,airplane,0.9998423
365,airplane,airplane,0.999851
366,airplane,airplane,0.9998653
367,airplane,airplane,0.99988174
368,airplane,airplane,0.99988043
369,airplane,airplane,0.9998715
370,airplane,airplane,0.9998171
371,airplane,airplane,0.9969837
372,airplane,airplane,0.9998722
373,airplane,airplane,0.99984324
374,airplane,airplane,0.9997105
375,airplane,airplane,0.99986696
376,airplane,airplane,0.9998822
377,airplane,airplane,0.9997775
378,airplane,airplane,0.99903655
379,airplane,airplane,0.9998846
380,airplane,airplane,0.99980015
381,airplane,airplane,0.9998369
382,airplane,airplane,0.99988437
383,airplane,airplane,0.99983215
384,airplane,airplane,0.9998698
385,airplane,airplane,0.99984574
386,airplane,airplane,0.9998816
387,airplane,airplane,0.99938035
388,airplane,airplane,0.9998336
389,airplane,airplane,0.9998592
390,airplane,airplane,0.9998281
391,airplane,airplane,0.99970895
392,airplane,airplane,0.9998416
393,airplane,airplane,0.9998307
394,airplane,airplane,0.9998412
395,airplane,airplane,0.9998971
396,airplane,airplane,0.9997987
397,airplane,airplane,0.99981767
398,airplane,airplane,0.999889
399,airplane,airplane,0.9998361
400,airplane,airplane,0.99981064
401,airplane,airplane,0.99981064
402,airplane,airplane,0.99974877
403,airplane,airplane,0.9998041
404,airplane,airplane,0.99986815
405,airplane,airplane,0.9998267
406,airplane,airplane,0.9998529
407,airplane,airplane,0.99987125
408,airplane,airplane,0.9997179
409,airplane,airplane,0.9998067
410,airplane,airplane,0.99935764
411,airplane,airplane,0.99974936
412,airplane,airplane,0.9998394
413,airplane,airplane,0.9997352
414,airplane,airplane,0.99981076
415,airplane,airplane,0.99982446
416,airplane,airplane,0.9998716
417,airplane,airplane,0.99985385
418,airplane,airplane,0.999793
419,airplane,airplane,0.9997875
420,airplane,airplane,0.9998703
421,airplane,airplane,0.9998368
422,airplane,airplane,0.9998254
423,airplane,airplane,0.999853
424,airplane,airplane,0.99984133
425,airplane,airplane,0.9997557
426,airplane,airplane,0.9998708
427,airplane,airplane,0.9997937
428,airplane,airplane,0.99984634
429,airplane,airplane,0.99954766
430,airplane,airplane,0.99981827
431,airplane,airplane,0.99988973
432,airplane,airplane,0.9998276
433,airplane,airplane,0.99986994
434,airplane,airplane,0.99949944
435,airplane,airplane,0.9994659
436,airplane,airplane,0.9998797
437,airplane,airplane,0.9997187
438,airplane,airplane,0.9998498
439,airplane,airplane,0.9998559
440,airplane,airplane,0.99987996
441,airplane,airplane,0.99985754
442,airplane,airplane,0.9997178
443,airplane,airplane,0.9998325
444,airplane,truck,0.99211967
445,airplane,airplane,0.999835
446,airplane,airplane,0.99986935
447,airplane,airplane,0.99944097
448,airplane,airplane,0.9998596
449,airplane,airplane,0.99985445
450,airplane,airplane,0.99976987
451,airplane,airplane,0.9994998
452,airplane,airplane,0.99987257
453,airplane,airplane,0.9998196
454,airplane,airplane,0.99977106
455,airplane,airplane,0.9998356
456,airplane,airplane,0.99931145
457,airplane,airplane,0.9997688
458,airplane,airplane,0.99987185
459,airplane,airplane,0.9998733
460,airplane,airplane,0.99970907
461,airplane,ship,0.7566644
462,airplane,airplane,0.99939907
463,airplane,airplane,0.99985385
464,airplane,airplane,0.99985063
465,airplane,airplane,0.99979883
466,airplane,airplane,0.99986947
467,airplane,airplane,0.9998179
468,airplane,airplane,0.99985313
469,airplane,ship,0.98177034
470,airplane,airplane,0.9998356
471,airplane,airplane,0.9998399
472,airplane,airplane,0.9998524
473,airplane,airplane,0.99986494
474,airplane,airplane,0.9998312
475,airplane,airplane,0.9998596
476,airplane,airplane,0.99976856
477,airplane,airplane,0.99967456
478,airplane,airplane,0.99980575
479,airplane,airplane,0.99968076
480,airplane,airplane,0.9998939
481,airplane,airplane,0.9997445
482,airplane,airplane,0.99955064
483,airplane,airplane,0.9998673
484,airplane,airplane,0.9996959
485,airplane,airplane,0.9998542
486,airplane,airplane,0.999884
487,airplane,airplane,0.9998698
488,airplane,airplane,0.9996375
489,airplane,airplane,0.99978834
490,airplane,airplane,0.9998573
491,airplane,airplane,0.99982005
492,airplane,airplane,0.99982613
493,airplane,airplane,0.9998093
494,airplane,airplane,0.99980134
495,airplane,airplane,0.9998671
496,airplane,airplane,0.99971205
497,airplane,bird,0.8250997
498,airplane,airplane,0.999846
499,airplane,airplane,0.9998394
500,airplane,airplane,0.9998622
501,airplane,airplane,0.99975985
502,airplane,airplane,0.9997776
503,airplane,airplane,0.99988675
504,airplane,airplane,0.9998803
505,airplane,airplane,0.9998559
506,airplane,airplane,0.99986005
507,airplane,airplane,0.99987054
508,airplane,airplane,0.9998179
509,airplane,airplane,0.9998827
510,airplane,airplane,0.99984956
511,airplane,airplane,0.9997031
512,airplane,airplane,0.9998357
513,airplane,airplane,0.99986017
514,airplane,airplane,0.9998313
515,airplane,airplane,0.999866
516,airplane,airplane,0.999848
517,airplane,airplane,0.9998361
518,airplane,airplane,0.99986136
519,airplane,airplane,0.9997608
520,airplane,airplane,0.9998141
521,airplane,airplane,0.9569053
522,airplane,airplane,0.9997602
523,airplane,airplane,0.99962556
524,airplane,airplane,0.99980026
525,airplane,airplane,0.9997768
526,airplane,airplane,0.99977404
527,airplane,airplane,0.999871
528,airplane,airplane,0.9998399
529,airplane,airplane,0.9998518
530,airplane,airplane,0.99974436
531,airplane,airplane,0.9996978
532,airplane,airplane,0.9997918
533,airplane,airplane,0.9998604
534,airplane,airplane,0.9997657
535,airplane,airplane,0.99979883
536,airplane,airplane,0.9998778
537,airplane,airplane,0.9997888
538,airplane,airplane,0.9998424
539,airplane,airplane,0.99939847
540,airplane,airplane,0.99973017
541,airplane,airplane,0.99982953
542,airplane,airplane,0.99984515
543,airplane,airplane,0.9998511
544,airplane,airplane,0.9998412
545,airplane,airplane,0.99986315
546,airplane,airplane,0.9998518
547,airplane,airplane,0.99980825
548,airplane,airplane,0.99975866
549,airplane,airplane,0.9998727
550,airplane,airplane,0.9998282
551,airplane,airplane,0.99989176
552,airplane,airplane,0.99984443
553,airplane,airplane,0.99977237
554,airplane,airplane,0.9998274
555,airplane,airplane,0.9997869
556,airplane,airplane,0.999879
557,airplane,airplane,0.99974793
558,airplane,airplane,0.99772686
559,airplane,airplane,0.9998386
560,airplane,airplane,0.99987984
561,airplane,airplane,0.999843
562,airplane,airplane,0.999889
563,airplane,airplane,0.99874216
564,airplane,airplane,0.9997849
565,airplane,airplane,0.9997565
566,airplane,airplane,0.999658
567,airplane,airplane,0.9998282
568,airplane,airplane,0.99988544
569,airplane,airplane,0.99982303
570,airplane,airplane,0.9998337
571,airplane,airplane,0.99986434
572,airplane,airplane,0.9998597
573,airplane,airplane,0.98360014
574,airplane,airplane,0.99982977
575,airplane,airplane,0.99978524
576,airplane,airplane,0.9997845
577,airplane,airplane,0.999861
578,airplane,airplane,0.99981445
579,airplane,airplane,0.9998648
580,airplane,airplane,0.9998492
581,airplane,airplane,0.99980146
582,airplane,airplane,0.9998653
583,airplane,airplane,0.9997867
584,airplane,airplane,0.9998282
585,airplane,airplane,0.999796
586,airplane,airplane,0.9998338
587,airplane,airplane,0.99947315
588,airplane,airplane,0.99977773
589,airplane,airplane,0.99988556
590,airplane,airplane,0.9998079
591,airplane,airplane,0.99984753
592,airplane,airplane,0.9997844
593,airplane,airplane,0.9998661
594,airplane,airplane,0.9998448
595,airplane,airplane,0.99987614
596,airplane,airplane,0.99980205
597,airplane,airplane,0.9998192
598,airplane,airplane,0.99985886
599,airplane,airplane,0.97812873
600,airplane,airplane,0.99982244
601,airplane,airplane,0.9998734
602,airplane,airplane,0.9997917
603,airplane,airplane,0.9998423
604,airplane,airplane,0.9997689
605,airplane,airplane,0.9998005
606,airplane,airplane,0.9998091
607,airplane,airplane,0.7917115
608,airplane,airplane,0.999793
609,airplane,airplane,0.9927424
610,airplane,airplane,0.99969816
611,airplane,airplane,0.99988496
612,airplane,airplane,0.99983895
613,airplane,airplane,0.9997117
614,airplane,airplane,0.9998348
615,airplane,airplane,0.9998832
616,airplane,airplane,0.9998635
617,airplane,airplane,0.99978787
618,airplane,airplane,0.99962723
619,airplane,airplane,0.99979395
620,airplane,airplane,0.999845
621,airplane,airplane,0.99984574
622,airplane,airplane,0.99970144
623,airplane,airplane,0.9998745
624,airplane,airplane,0.99978846
625,airplane,airplane,0.9998511
626,airplane,airplane,0.9998105
627,airplane,airplane,0.9998276
628,airplane,airplane,0.99972373
629,airplane,airplane,0.99973696
630,airplane,airplane,0.9998036
631,airplane,airplane,0.9998429
632,airplane,airplane,0.9998429
633,airplane,airplane,0.99985933
634,airplane,airplane,0.99983394
635,airplane,airplane,0.9993444
636,airplane,airplane,0.9997147
637,airplane,airplane,0.999846
638,airplane,airplane,0.9998698
639,airplane,airplane,0.9990043
640,airplane,airplane,0.9998493
641,airplane,airplane,0.9998005
642,airplane,airplane,0.9998543
643,airplane,airplane,0.999841
644,airplane,airplane,0.9998404
645,airplane,airplane,0.99983
646,airplane,airplane,0.9998628
647,airplane,airplane,0.99911696
648,airplane,airplane,0.9997949
649,airplane,airplane,0.99980575
650,airplane,airplane,0.9998772
651,airplane,airplane,0.999866
652,airplane,airplane,0.99950445
653,airplane,airplane,0.9997843
654,airplane,airplane,0.99983156
655,airplane,airplane,0.9938631
656,airplane,airplane,0.9997868
657,airplane,airplane,0.99986815
658,airplane,airplane,0.99987626
659,airplane,airplane,0.99985373
660,airplane,airplane,0.99987185
661,airplane,airplane,0.9998739
662,airplane,airplane,0.9998104
663,airplane,airplane,0.99987745
664,airplane,airplane,0.99984074
665,airplane,airplane,0.99983823
666,airplane,airplane,0.9998716
667,airplane,airplane,0.9998276
668,airplane,airplane,0.999869
669,airplane,airplane,0.999858
670,airplane,airplane,0.99980444
671,airplane,airplane,0.9997913
672,airplane,airplane,0.99974555
673,airplane,airplane,0.99986506
674,airplane,airplane,0.999874
675,airplane,airplane,0.999826
676,airplane,airplane,0.9998141
677,airplane,airplane,0.9996364
678,airplane,airplane,0.9997943
679,airplane,airplane,0.9997527
680,airplane,airplane,0.99984825
681,airplane,airplane,0.99986243
682,airplane,airplane,0.9997336
683,airplane,airplane,0.99985015
684,airplane,airplane,0.9998016
685,airplane,airplane,0.99980384
686,airplane,airplane,0.99985063
687,airplane,airplane,0.99987686
688,airplane,airplane,0.99975365
689,airplane,airplane,0.9991505
690,airplane,airplane,0.9998425
691,airplane,airplane,0.9998105
692,airplane,airplane,0.99909997
693,airplane,airplane,0.93376786
694,airplane,airplane,0.9998167
695,airplane,airplane,0.999864
696,airplane,airplane,0.9982168
697,airplane,airplane,0.9998617
698,airplane,airplane,0.99987614
699,airplane,airplane,0.9652594
700,airplane,airplane,0.99381095
701,airplane,airplane,0.9987595
702,airplane,airplane,0.99897504
703,airplane,airplane,0.9998871
704,airplane,airplane,0.99987245
705,airplane,airplane,0.99986315
706,airplane,airplane,0.9998671
707,airplane,airplane,0.9998697
708,airplane,airplane,0.9998294
709,airplane,airplane,0.99986637
710,airplane,airplane,0.9998274
711,airplane,airplane,0.999838
712,airplane,airplane,0.99975497
713,airplane,airplane,0.99988747
714,airplane,airplane,0.99967396
715,airplane,airplane,0.999838
716,airplane,airplane,0.9998227
717,airplane,airplane,0.9998574
718,airplane,airplane,0.99987745
719,airplane,airplane,0.99981314
720,airplane,airplane,0.9998535
721,airplane,airplane,0.9998734
722,airplane,airplane,0.9998203
723,airplane,airplane,0.9997874
724,airplane,airplane,0.999856
725,airplane,airplane,0.99986553
726,airplane,airplane,0.9998909
727,airplane,airplane,0.99964964
728,airplane,airplane,0.9996544
729,airplane,airplane,0.9998448
730,airplane,airplane,0.99950397
731,airplane,airplane,0.9996929
732,airplane,airplane,0.99986184
733,airplane,airplane,0.9998259
734,airplane,airplane,0.99978834
735,airplane,airplane,0.9997992
736,airplane,airplane,0.9997651
737,airplane,airplane,0.9989644
738,airplane,airplane,0.99981445
739,airplane,airplane,0.9996877
740,airplane,airplane,0.9998323
741,airplane,airplane,0.99985397
742,airplane,airplane,0.9998771
743,airplane,airplane,0.9997036
744,airplane,airplane,0.9998203
745,airplane,airplane,0.9998491
746,airplane,airplane,0.99987113
747,airplane,airplane,0.999821
748,airplane,airplane,0.999861
749,airplane,airplane,0.99971527
750,airplane,airplane,0.99683964
751,airplane,airplane,0.99987125
752,airplane,airplane,0.99976724
753,airplane,airplane,0.99982375
754,airplane,airplane,0.9997625
755,airplane,airplane,0.99985766
756,airplane,airplane,0.9997985
757,airplane,airplane,0.9997516
758,airplane,airplane,0.99058
759,airplane,airplane,0.99977666
760,airplane,airplane,0.9994636
761,airplane,airplane,0.9997452
762,airplane,airplane,0.99986863
763,airplane,airplane,0.9998636
764,airplane,airplane,0.99986064
765,airplane,airplane,0.99982256
766,airplane,airplane,0.9997824
767,airplane,airplane,0.99988186
768,airplane,airplane,0.99983144
769,airplane,airplane,0.99987006
770,airplane,airplane,0.9998354
771,airplane,airplane,0.9998745
772,airplane,airplane,0.99984705
773,airplane,airplane,0.9998399
774,airplane,airplane,0.99988437
775,airplane,airplane,0.9997515
776,airplane,airplane,0.99979955
777,airplane,airplane,0.99976164
778,airplane,airplane,0.99966216
779,airplane,airplane,0.99983835
780,airplane,airplane,0.9988803
781,airplane,airplane,0.99987733
782,airplane,airplane,0.9998191
783,airplane,airplane,0.9998498
784,airplane,airplane,0.9997702
785,airplane,airplane,0.9997203
786,airplane,airplane,0.99980587
787,airplane,airplane,0.99977463
788,airplane,airplane,0.9998863
789,airplane,airplane,0.9997062
790,airplane,airplane,0.9998574
791,airplane,airplane,0.9998276
792,airplane,airplane,0.9996075
793,airplane,airplane,0.9995301
794,airplane,airplane,0.99963236
795,airplane,airplane,0.9998167
796,airplane,airplane,0.9998086
797,airplane,airplane,0.99985075
798,airplane,airplane,0.9997689
799,airplane,airplane,0.9998234
800,airplane,airplane,0.9997328
801,airplane,airplane,0.99957806
802,airplane,airplane,0.99986804
803,airplane,airplane,0.9998784
804,airplane,airplane,0.9998379
805,airplane,airplane,0.9994567
806,airplane,airplane,0.9998454
807,airplane,airplane,0.9998449
808,airplane,airplane,0.99977344
809,airplane,airplane,0.9998882
810,airplane,airplane,0.9998568
811,airplane,airplane,0.9998222
812,airplane,airplane,0.9998275
813,airplane,airplane,0.99985456
814,airplane,truck,0.70214194
815,airplane,airplane,0.99988985
816,airplane,airplane,0.9998252
817,airplane,airplane,0.99978083
818,airplane,airplane,0.9998716
819,airplane,airplane,0.9998524
820,airplane,airplane,0.9998548
821,airplane,airplane,0.99942255
822,airplane,airplane,0.9998617
823,airplane,airplane,0.9998204
824,airplane,airplane,0.9998673
825,airplane,airplane,0.9998259
826,airplane,airplane,0.99985075
827,airplane,airplane,0.99982506
828,airplane,airplane,0.9998155
829,airplane,airplane,0.9998493
830,airplane,airplane,0.9998331
831,airplane,airplane,0.99985516
832,airplane,airplane,0.9996829
833,airplane,airplane,0.99985456
834,airplane,airplane,0.9998561
835,airplane,airplane,0.99975926
836,airplane,airplane,0.9998871
837,airplane,airplane,0.99971086
838,airplane,airplane,0.99979264
839,airplane,airplane,0.9998679
840,airplane,airplane,0.9998154
841,airplane,airplane,0.9998105
842,airplane,airplane,0.99981004
843,airplane,airplane,0.999653
844,airplane,airplane,0.99965024
845,airplane,airplane,0.9998641
846,airplane,airplane,0.99987805
847,airplane,ship,0.93836135
848,airplane,airplane,0.9998354
849,airplane,airplane,0.99984753
850,airplane,airplane,0.9997849
851,airplane,airplane,0.9997547
852,airplane,airplane,0.9998635
853,airplane,airplane,0.99983037
854,airplane,airplane,0.99981993
855,airplane,airplane,0.9998841
856,airplane,airplane,0.9998684
857,airplane,airplane,0.9997477
858,airplane,airplane,0.99981946
859,airplane,airplane,0.99969745
860,airplane,airplane,0.9991084
861,airplane,airplane,0.99986005
862,airplane,airplane,0.9998405
863,airplane,airplane,0.99975616
864,airplane,airplane,0.9997248
865,airplane,airplane,0.99986446
866,airplane,airplane,0.9998436
867,airplane,airplane,0.99987435
868,airplane,airplane,0.9998055
869,airplane,airplane,0.9996828
870,airplane,airplane,0.9998758
871,airplane,airplane,0.9998186
872,airplane,airplane,0.99990237
873,airplane,airplane,0.99980253
874,airplane,airplane,0.9998648
875,airplane,airplane,0.9998343
876,airplane,airplane,0.9992976
877,airplane,airplane,0.99980086
878,airplane,airplane,0.99987304
879,airplane,airplane,0.9998468
880,airplane,airplane,0.9998241
881,airplane,airplane,0.99986243
882,airplane,airplane,0.99986625
883,airplane,airplane,0.9997601
884,airplane,airplane,0.9998549
885,airplane,airplane,0.99963903
886,airplane,airplane,0.99950635
887,airplane,airplane,0.9997993
888,airplane,airplane,0.9998388
889,airplane,airplane,0.9998171
890,airplane,airplane,0.99867463
891,airplane,airplane,0.99980515
892,airplane,airplane,0.9639118
893,airplane,airplane,0.9998785
894,airplane,airplane,0.99983203
895,airplane,airplane,0.99986005
896,airplane,airplane,0.9996086
897,airplane,airplane,0.9998229
898,airplane,airplane,0.9998086
899,airplane,airplane,0.9998709
900,airplane,airplane,0.99981016
901,airplane,airplane,0.99984586
902,airplane,airplane,0.9997944
903,airplane,airplane,0.9995258
904,airplane,airplane,0.9998343
905,airplane,airplane,0.99941397
906,airplane,airplane,0.99982697
907,airplane,airplane,0.9998722
908,airplane,airplane,0.9998841
909,airplane,airplane,0.99976856
910,airplane,airplane,0.99979585
911,airplane,airplane,0.9998574
912,airplane,airplane,0.9996642
913,airplane,airplane,0.99982435
914,airplane,airplane,0.99983287
915,airplane,airplane,0.9997011
916,airplane,airplane,0.9997564
917,airplane,airplane,0.9996227
918,airplane,airplane,0.9998635
919,airplane,airplane,0.9998217
920,airplane,airplane,0.9996631
921,airplane,airplane,0.99985063
922,airplane,airplane,0.9997881
923,airplane,airplane,0.9997844
924,airplane,airplane,0.757396
925,airplane,airplane,0.9996352
926,airplane,airplane,0.99983513
927,airplane,airplane,0.9997681
928,airplane,airplane,0.99985063
929,airplane,airplane,0.9998715
930,airplane,airplane,0.99980754
931,airplane,airplane,0.99983716
932,airplane,airplane,0.999818
933,airplane,airplane,0.9998523
934,airplane,airplane,0.999801
935,airplane,airplane,0.99982905
936,airplane,airplane,0.9998703
937,airplane,airplane,0.9998012
938,airplane,airplane,0.9998903
939,airplane,airplane,0.99935025
940,airplane,airplane,0.9998603
941,airplane,airplane,0.9995559
942,airplane,airplane,0.999749
943,airplane,airplane,0.9998714
944,airplane,airplane,0.60333353
945,airplane,airplane,0.9998054
946,airplane,airplane,0.99982077
947,airplane,airplane,0.99975926
948,airplane,airplane,0.9997079
949,airplane,airplane,0.9998223
950,airplane,airplane,0.99984574
951,airplane,airplane,0.99987245
952,airplane,airplane,0.999824
953,airplane,airplane,0.9998745
954,airplane,airplane,0.9996338
955,airplane,airplane,0.99981576
956,airplane,airplane,0.9998006
957,airplane,airplane,0.99839634
958,airplane,airplane,0.9996698
959,airplane,airplane,0.99985695
960,airplane,airplane,0.99972135
961,airplane,airplane,0.9997855
962,airplane,airplane,0.9997768
963,airplane,airplane,0.9998504
964,airplane,airplane,0.9997898
965,airplane,airplane,0.99985015
966,airplane,airplane,0.9997271
967,airplane,airplane,0.9998722
968,airplane,airplane,0.99984527
969,airplane,airplane,0.999579
970,airplane,airplane,0.9994006
971,airplane,airplane,0.99982965
972,airplane,airplane,0.9998803
973,airplane,airplane,0.99249685
974,airplane,airplane,0.9998068
975,airplane,airplane,0.99982053
976,airplane,airplane,0.9998684
977,airplane,airplane,0.99960345
978,airplane,airplane,0.99979573
979,airplane,airplane,0.9998286
980,airplane,airplane,0.9980896
981,airplane,airplane,0.9998085
982,airplane,airplane,0.99983776
983,airplane,airplane,0.99986064
984,airplane,airplane,0.9998221
985,airplane,airplane,0.9998627
986,airplane,airplane,0.9998635
987,airplane,airplane,0.9998171
988,airplane,airplane,0.99955755
989,airplane,airplane,0.99984205
990,airplane,airplane,0.999793
991,airplane,airplane,0.9998053
992,airplane,airplane,0.9997861
993,airplane,airplane,0.99981576
994,airplane,airplane,0.99976486
995,airplane,airplane,0.99984694
996,airplane,airplane,0.9998093
997,airplane,airplane,0.99962354
998,airplane,airplane,0.9998492
999,airplane,airplane,0.99988115
1000,automobile,automobile,0.9999162
1001,automobile,automobile,0.99982196
1002,automobile,automobile,0.89100766
1003,automobile,automobile,0.9998759
1004,automobile,automobile,0.99945575
1005,automobile,automobile,0.9998919
1006,automobile,automobile,0.9998839
1007,automobile,automobile,0.99989617
1008,automobile,automobile,0.99989796
1009,automobile,automobile,0.9999136
1010,automobile,automobile,0.9999198
1011,automobile,automobile,0.9998915
1012,automobile,automobile,0.9999136
1013,automobile,automobile,0.99987054
1014,automobile,automobile,0.9971125
1015,automobile,automobile,0.9999263
1016,automobile,automobile,0.9999151
1017,automobile,automobile,0.99992836
1018,automobile,automobile,0.99990916
1019,automobile,automobile,0.9999107
1020,automobile,automobile,0.9998543
1021,automobile,automobile,0.9999287
1022,automobile,automobile,0.9998287
1023,automobile,automobile,0.9999021
1024,automobile,automobile,0.9997118
1025,automobile,automobile,0.9992047
1026,automobile,automobile,0.996009
1027,automobile,automobile,0.99993
1028,automobile,automobile,0.9998958
1029,automobile,automobile,0.999894
1030,automobile,automobile,0.99993014
1031,automobile,automobile,0.99992
1032,automobile,automobile,0.9999131
1033,automobile,automobile,0.99989855
1034,automobile,automobile,0.9999099
1035,automobile,automobile,0.99985766
1036,automobile,automobile,0.99992085
1037,automobile,automobile,0.9998616
1038,automobile,automobile,0.9999137
1039,automobile,automobile,0.99991417
1040,automobile,automobile,0.99991775
1041,automobile,automobile,0.99991965
1042,automobile,automobile,0.99990344
1043,automobile,automobile,0.99988604
1044,automobile,automobile,0.99985576
1045,automobile,automobile,0.9998975
1046,automobile,automobile,0.99991953
1047,automobile,automobile,0.99992836
1048,automobile,automobile,0.9999198
1049,automobile,automobile,0.99990535
1050,automobile,automobile,0.99988484
1051,automobile,automobile,0.9999031
1052,automobile,automobile,0.99989223
1053,automobile,automobile,0.9998685
1054,automobile,automobile,0.99991775
1055,automobile,automobile,0.99986947
1056,automobile,automobile,0.9999331
1057,automobile,automobile,0.9998801
1058,automobile,automobile,0.9997985
1059,automobile,automobile,0.9998592
1060,automobile,automobile,0.99980956
1061,automobile,automobile,0.999925
1062,automobile,automobile,0.9999254
1063,automobile,automobile,0.9996704
1064,automobile,automobile,0.99989855
1065,automobile,automobile,0.9997639
1066,automobile,automobile,0.999902
1067,automobile,automobile,0.9999174
1068,automobile,automobile,0.9998016
1069,automobile,automobile,0.99988294
1070,automobile,automobile,0.9999244
1071,automobile,automobile,0.99970067
1072,automobile,automobile,0.99990296
1073,automobile,automobile,0.99985766
1074,automobile,automobile,0.9999311
1075,automobile,automobile,0.9999124
1076,automobile,automobile,0.9998895
1077,automobile,automobile,0.9999343
1078,automobile,automobile,0.99990773
1079,automobile,automobile,0.9999045
1080,automobile,automobile,0.61840934
1081,automobile,automobile,0.9998926
1082,automobile,automobile,0.99988556
1083,automobile,automobile,0.9998957
1084,automobile,automobile,0.9998919
1085,automobile,automobile,0.9999156
1086,automobile,automobile,0.9999168
1087,automobile,automobile,0.99986994
1088,automobile,automobile,0.9997602
1089,automobile,automobile,0.9990476
1090,automobile,automobile,0.9998728
1091,automobile,automobile,0.9999231
1092,automobile,automobile,0.9998691
1093,automobile,automobile,0.99989617
1094,automobile,automobile,0.9998598
1095,automobile,automobile,0.999913
1096,automobile,automobile,0.9999106
1097,automobile,automobile,0.99992394
1098,automobile,automobile,0.9993253
1099,automobile,automobile,0.9998778
1100,automobile,automobile,0.9998822
1101,automobile,automobile,0.99770975
1102,automobile,automobile,0.9998791
1103,automobile,automobile,0.99991024
1104,automobile,automobile,0.99991906
1105,automobile,automobile,0.9999101
1106,automobile,automobile,0.9999119
1107,automobile,automobile,0.9999161
1108,automobile,automobile,0.9999207
1109,automobile,automobile,0.999897
1110,automobile,automobile,0.9999188
1111,automobile,automobile,0.99992263
1112,automobile,automobile,0.9999261
1113,automobile,automobile,0.9998466
1114,automobile,automobile,0.99992895
1115,automobile,automobile,0.9998592
1116,automobile,automobile,0.99991405
1117,automobile,automobile,0.9999192
1118,automobile,automobile,0.9998882
1119,automobile,automobile,0.9999012
1120,automobile,automobile,0.9999132
1121,automobile,automobile,0.9999037
1122,automobile,automobile,0.9992668
1123,automobile,automobile,0.9999361
1124,automobile,automobile,0.999905
1125,automobile,automobile,0.99989057
1126,automobile,automobile,0.9999137
1127,automobile,automobile,0.99992275
1128,automobile,automobile,0.99991083
1129,automobile,automobile,0.9998926
1130,automobile,automobile,0.9999238
1131,automobile,automobile,0.9999087
1132,automobile,automobile,0.9999186
1133,automobile,automobile,0.9999237
1134,automobile,automobile,0.9999126
1135,automobile,automobile,0.9999299
1136,automobile,automobile,0.9999168
1137,automobile,automobile,0.9999268
1138,automobile,automobile,0.99987185
1139,automobile,automobile,0.99990976
1140,automobile,automobile,0.99991155
1141,automobile,automobile,0.9999031
1142,automobile,automobile,0.9999349
1143,automobile,automobile,0.9999143
1144,automobile,automobile,0.99991965
1145,automobile,automobile,0.9999168
1146,automobile,automobile,0.99992776
1147,automobile,automobile,0.99990964
1148,automobile,automobile,0.9998697
1149,automobile,automobile,0.99992216
1150,automobile,automobile,0.99986064
1151,automobile,automobile,0.9998871
1152,automobile,automobile,0.9999056
1153,automobile,automobile,0.9999151
1154,automobile,automobile,0.99992037
1155,automobile,automobile,0.9999304
1156,automobile,automobile,0.9999244
1157,automobile,automobile,0.9998209
1158,automobile,automobile,0.99990106
1159,automobile,automobile,0.99992824
1160,automobile,automobile,0.99988675
1161,automobile,automobile,0.9999083
1162,automobile,automobile,0.9998654
1163,automobile,automobile,0.9999043
1164,automobile,automobile,0.9998272
1165,automobile,automobile,0.99990606
1166,automobile,automobile,0.99993515
1167,automobile,automobile,0.9998852
1168,automobile,automobile,0.9999068
1169,automobile,ship,0.9956227
1170,automobile,automobile,0.9999144
1171,automobile,automobile,0.9999201
1172,automobile,automobile,0.99988616
1173,automobile,automobile,0.9916264
1174,automobile,automobile,0.9999076
1175,automobile,automobile,0.99991894
1176,automobile,automobile,0.9998939
1177,automobile,automobile,0.9999169
1178,automobile,automobile,0.99990773
1179,automobile,automobile,0.9999263
1180,automobile,automobile,0.9999329
1181,automobile,automobile,0.99991226
1182,automobile,automobile,0.9998828
1183,automobile,automobile,0.9998826
1184,automobile,automobile,0.9998795
1185,automobile,automobile,0.999908
1186,automobile,automobile,0.99942124
1187,automobile,automobile,0.99990463
1188,automobile,automobile,0.99989986
1189,automobile,automobile,0.9999176
1190,automobile,automobile,0.99989593
1191,automobile,automobile,0.9999205
1192,automobile,automobile,0.9999255
1193,automobile,automobile,0.9998914
1194,automobile,automobile,0.9998753
1195,automobile,truck,0.76295376
1196,automobile,automobile,0.99991405
1197,automobile,automobile,0.99993694
1198,automobile,automobile,0.99990046
1199,automobile,automobile,0.99986494
1200,automobile,automobile,0.9994154
1201,automobile,automobile,0.9999008
1202,automobile,automobile,0.9999229
1203,automobile,automobile,0.9998667
1204,automobile,automobile,0.99990344
1205,automobile,automobile,0.99992716
1206,automobile,automobile,0.99991393
1207,automobile,automobile,0.9999089
1208,automobile,automobile,0.99987066
1209,automobile,automobile,0.99978656
1210,automobile,automobile,0.9997832
1211,automobile,automobile,0.99967134
1212,automobile,automobile,0.99990845
1213,automobile,automobile,0.9997985
1214,automobile,automobile,0.99988675
1215,automobile,automobile,0.9999163
1216,automobile,automobile,0.99992347
1217,automobile,automobile,0.999897
1218,automobile,automobile,0.9999168
1219,automobile,automobile,0.9998596
1220,automobile,automobile,0.99987566
1221,automobile,automobile,0.99985445
1222,automobile,automobile,0.99991465
1223,automobile,automobile,0.99987614
1224,automobile,automobile,0.99991035
1225,automobile,automobile,0.99982613
1226,automobile,automobile,0.9998958
1227,automobile,automobile,0.99990547
1228,automobile,automobile,0.99990916
1229,automobile,automobile,0.9999058
1230,automobile,automobile,0.99991417
1231,automobile,automobile,0.9999205
1232,automobile,automobile,0.99991333
1233,automobile,automobile,0.99987185
1234,automobile,automobile,0.99990225
1235,automobile,automobile,0.99988556
1236,automobile,automobile,0.9999207
1237,automobile,automobile,0.9999136
1238,automobile,automobile,0.9999081
1239,automobile,automobile,0.9997029
1240,automobile,automobile,0.9999156
1241,automobile,automobile,0.99990284
1242,automobile,automobile,0.99991703
1243,automobile,automobile,0.9999001
1244,automobile,automobile,0.99970007
1245,automobile,automobile,0.99989045
1246,automobile,automobile,0.99992704
1247,automobile,automobile,0.99991786
1248,automobile,automobile,0.99988234
1249,automobile,automobile,0.99986744
1250,automobile,automobile,0.99992454
1251,automobile,automobile,0.99989176
1252,automobile,automobile,0.9997756
1253,automobile,automobile,0.9999213
1254,automobile,automobile,0.9999274
1255,automobile,automobile,0.99991906
1256,automobile,automobile,0.9999093
1257,automobile,automobile,0.99993074
1258,automobile,automobile,0.99991465
1259,automobile,automobile,0.99985576
1260,automobile,automobile,0.99991035
1261,automobile,automobile,0.99991393
1262,automobile,automobile,0.9999198
1263,automobile,automobile,0.99991906
1264,automobile,automobile,0.99989927
1265,automobile,automobile,0.9999217
1266,automobile,automobile,0.9999106
1267,automobile,automobile,0.99991024
1268,automobile,automobile,0.9999101
1269,automobile,automobile,0.99992156
1270,automobile,automobile,0.9999101
1271,automobile,automobile,0.9999124
1272,automobile,automobile,0.99528426
1273,automobile,automobile,0.999577
1274,automobile,automobile,0.9998596
1275,automobile,automobile,0.9998734
1276,automobile,automobile,0.9999131
1277,automobile,automobile,0.9999012
1278,automobile,automobile,0.9999263
1279,automobile,automobile,0.9999027
1280,automobile,automobile,0.99989724
1281,automobile,automobile,0.9999119
1282,automobile,automobile,0.9998709
1283,automobile,automobile,0.9999002
1284,automobile,automobile,0.99983966
1285,automobile,automobile,0.9997112
1286,automobile,automobile,0.9997439
1287,automobile,automobile,0.99991643
1288,automobile,automobile,0.9998554
1289,automobile,automobile,0.9999269
1290,automobile,automobile,0.99991024
1291,automobile,automobile,0.99992263
1292,automobile,automobile,0.99983
1293,automobile,automobile,0.99991226
1294,automobile,automobile,0.9998834
1295,automobile,automobile,0.99988866
1296,automobile,automobile,0.9998956
1297,automobile,automobile,0.99982303
1298,automobile,automobile,0.9999149
1299,automobile,automobile,0.9998808
1300,automobile,automobile,0.99991417
1301,automobile,automobile,0.99847144
1302,automobile,automobile,0.9999013
1303,automobile,automobile,0.999907
1304,automobile,automobile,0.99985385
1305,automobile,automobile,0.99986005
1306,automobile,automobile,0.9900476
1307,automobile,automobile,0.99992406
1308,automobile,automobile,0.99992776
1309,automobile,automobile,0.99992085
1310,automobile,automobile,0.9989525
1311,automobile,automobile,0.9998932
1312,automobile,automobile,0.9998995
1313,automobile,automobile,0.99990416
1314,automobile,automobile,0.9998192
1315,automobile,automobile,0.99991333
1316,automobile,automobile,0.9999167
1317,automobile,automobile,0.9998927
1318,automobile,automobile,0.99990606
1319,automobile,automobile,0.99986637
1320,automobile,automobile,0.9999167
1321,automobile,automobile,0.99992526
1322,automobile,automobile,0.99984014
1323,automobile,automobile,0.99987185
1324,automobile,automobile,0.99993277
1325,automobile,automobile,0.99992
1326,automobile,automobile,0.99991655
1327,automobile,automobile,0.99988866
1328,automobile,automobile,0.9999167
1329,automobile,automobile,0.9999124
1330,automobile,automobile,0.99989223
1331,automobile,automobile,0.99990153
1332,automobile,automobile,0.99988234
1333,automobile,automobile,0.99989414
1334,automobile,automobile,0.99990284
1335,automobile,automobile,0.99992025
1336,automobile,automobile,0.99956006
1337,automobile,automobile,0.9999089
1338,automobile,automobile,0.9999325
1339,automobile,automobile,0.9999311
1340,automobile,automobile,0.9998642
1341,automobile,automobile,0.9998976
1342,automobile,automobile,0.99989283
1343,automobile,automobile,0.9998658
1344,automobile,truck,0.9998729
1345,automobile,automobile,0.9999132
1346,automobile,automobile,0.9999248
1347,automobile,automobile,0.99991477
1348,automobile,automobile,0.9998987
1349,automobile,automobile,0.99976414
1350,automobile,automobile,0.9999026
1351,automobile,automobile,0.99984455
1352,automobile,automobile,0.9993237
1353,automobile,automobile,0.99990034
1354,automobile,truck,0.9780898
1355,automobile,automobile,0.99987674
1356,automobile,automobile,0.99991906
1357,automobile,automobile,0.99992085
1358,automobile,automobile,0.99991
1359,automobile,automobile,0.99993145
1360,automobile,automobile,0.9999176
1361,automobile,automobile,0.99983406
1362,automobile,automobile,0.99978036
1363,automobile,automobile,0.99990547
1364,automobile,automobile,0.9999155
1365,automobile,automobile,0.999897
1366,automobile,automobile,0.9998721
1367,automobile,automobile,0.9999018
1368,automobile,automobile,0.9998852
1369,automobile,automobile,0.9992099
1370,automobile,automobile,0.9999232
1371,automobile,automobile,0.9999306
1372,automobile,automobile,0.99991024
1373,automobile,airplane,0.991707
1374,automobile,automobile,0.9999137
1375,automobile,automobile,0.99991
1376,automobile,automobile,0.999931
1377,automobile,automobile,0.99990225
1378,automobile,automobile,0.9997441
1379,automobile,automobile,0.9998833
1380,automobile,automobile,0.9998579
1381,automobile,automobile,0.9999298
1382,automobile,automobile,0.9997259
1383,automobile,automobile,0.9998357
1384,automobile,automobile,0.9999317
1385,automobile,automobile,0.99990845
1386,automobile,automobile,0.99989307
1387,automobile,automobile,0.99993014
1388,automobile,automobile,0.9998404
1389,automobile,automobile,0.99991906
1390,automobile,automobile,0.99990106
1391,automobile,automobile,0.99992025
1392,automobile,automobile,0.9726786
1393,automobile,automobile,0.99990404
1394,automobile,automobile,0.99974304
1395,automobile,automobile,0.99990463
1396,automobile,airplane,0.96832633
1397,automobile,automobile,0.99991214
1398,automobile,automobile,0.99992657
1399,automobile,automobile,0.99993515
1400,automobile,automobile,0.99991333
1401,automobile,automobile,0.9998288
1402,automobile,automobile,0.9998944
1403,automobile,automobile,0.9998037
1404,automobile,automobile,0.9998648
1405,automobile,automobile,0.99992216
1406,automobile,automobile,0.99993396
1407,automobile,automobile,0.999811
1408,automobile,automobile,0.9998622
1409,automobile,automobile,0.99992585
1410,automobile,automobile,0.9999018
1411,automobile,automobile,0.9999118
1412,automobile,automobile,0.99985003
1413,automobile,automobile,0.9999231
1414,automobile,automobile,0.9998915
1415,automobile,automobile,0.99990594
1416,automobile,automobile,0.99987245
1417,automobile,automobile,0.9999229
1418,automobile,automobile,0.9999107
1419,automobile,automobile,0.9999049
1420,automobile,automobile,0.9999355
1421,automobile,automobile,0.9998933
1422,automobile,automobile,0.9998543
1423,automobile,automobile,0.9999151
1424,automobile,automobile,0.9999298
1425,automobile,automobile,0.9998995
1426,automobile,automobile,0.9998859
1427,automobile,automobile,0.9996018
1428,automobile,automobile,0.999925
1429,automobile,automobile,0.9999157
1430,automobile,automobile,0.99993205
1431,automobile,automobile,0.9999244
1432,automobile,automobile,0.99991715
1433,automobile,automobile,0.99992466
1434,automobile,automobile,0.9998872
1435,automobile,automobile,0.9999316
1436,automobile,automobile,0.99990857
1437,automobile,automobile,0.99987686
1438,automobile,automobile,0.9999105
1439,automobile,automobile,0.9999063
1440,automobile,automobile,0.9999249
1441,automobile,automobile,0.999853
1442,automobile,automobile,0.9997769
1443,automobile,automobile,0.9999182
1444,automobile,automobile,0.8247685
1445,automobile,automobile,0.9999089
1446,automobile,automobile,0.99985623
1447,automobile,automobile,0.99986875
1448,automobile,automobile,0.9999126
1449,automobile,automobile,0.99991715
1450,automobile,automobile,0.99991345
1451,automobile,automobile,0.9998833
1452,automobile,automobile,0.99990773
1453,automobile,automobile,0.999926
1454,automobile,automobile,0.9999192
1455,automobile,automobile,0.9998926
1456,automobile,automobile,0.9999232
1457,automobile,automobile,0.99991345
1458,automobile,automobile,0.99986374
1459,automobile,automobile,0.99991703
1460,automobile,automobile,0.99991584
1461,automobile,automobile,0.99992514
1462,automobile,automobile,0.9999057
1463,automobile,automobile,0.999928
1464,automobile,automobile,0.99991655
1465,automobile,automobile,0.9998585
1466,automobile,automobile,0.99989843
1467,automobile,automobile,0.99984014
1468,automobile,automobile,0.9999186
1469,automobile,automobile,0.9999169
1470,automobile,automobile,0.9998957
1471,automobile,automobile,0.99992704
1472,automobile,automobile,0.9999031
1473,automobile,automobile,0.9999169
1474,automobile,automobile,0.9999012
1475,automobile,automobile,0.9998658
1476,automobile,automobile,0.9997335
1477,automobile,automobile,0.9998927
1478,automobile,automobile,0.99990666
1479,automobile,automobile,0.9999162
1480,automobile,automobile,0.9999125
1481,automobile,automobile,0.99987304
1482,automobile,automobile,0.9999007
1483,automobile,automobile,0.9999188
1484,automobile,automobile,0.9999311
1485,automobile,automobile,0.9999219
1486,automobile,automobile,0.99991155
1487,automobile,automobile,0.99992466
1488,automobile,automobile,0.9999162
1489,automobile,automobile,0.99976975
1490,automobile,automobile,0.9998864
1491,automobile,automobile,0.99990404
1492,automobile,automobile,0.9999101
1493,automobile,automobile,0.9998418
1494,automobile,automobile,0.999874
1495,automobile,automobile,0.9999211
1496,automobile,automobile,0.999895
1497,automobile,automobile,0.9998424
1498,automobile,automobile,0.9998903
1499,automobile,automobile,0.9998987
1500,automobile,automobile,0.99992764
1501,automobile,automobile,0.9999242
1502,automobile,automobile,0.99988806
1503,automobile,automobile,0.9998982
1504,automobile,automobile,0.99993086
1505,automobile,automobile,0.9999299
1506,automobile,automobile,0.9999268
1507,automobile,automobile,0.9998963
1508,automobile,automobile,0.9999132
1509,automobile,automobile,0.9996878
1510,automobile,automobile,0.9999068
1511,automobile,automobile,0.9998734
1512,automobile,automobile,0.99986446
1513,automobile,automobile,0.9999144
1514,automobile,automobile,0.999884
1515,automobile,automobile,0.9999038
1516,automobile,automobile,0.9999033
1517,automobile,automobile,0.99991155
1518,automobile,automobile,0.99991155
1519,automobile,automobile,0.99989164
1520,automobile,automobile,0.9998981
1521,automobile,automobile,0.99990773
1522,automobile,automobile,0.9999192
1523,automobile,automobile,0.99988997
1524,automobile,automobile,0.99990916
1525,automobile,automobile,0.99991024
1526,automobile,automobile,0.99983275
1527,automobile,automobile,0.9998704
1528,automobile,automobile,0.99986434
1529,automobile,automobile,0.9999052
1530,automobile,automobile,0.99991214
1531,automobile,automobile,0.99987566
1532,automobile,automobile,0.99992645
1533,automobile,automobile,0.99983525
1534,automobile,automobile,0.9998963
1535,automobile,automobile,0.99990094
1536,automobile,automobile,0.9999238
1537,automobile,automobile,0.99992716
1538,automobile,automobile,0.9999238
1539,automobile,automobile,0.9999136
1540,automobile,automobile,0.99987936
1541,automobile,automobile,0.99968433
1542,automobile,automobile,0.999881
1543,automobile,automobile,0.99991906
1544,automobile,automobile,0.99987423
1545,automobile,automobile,0.99990714
1546,automobile,automobile,0.9999236
1547,automobile,automobile,0.9999151
1548,automobile,automobile,0.9998597
1549,automobile,automobile,0.99985874
1550,automobile,automobile,0.9999064
1551,automobile,automobile,0.9998882
1552,automobile,automobile,0.99991775
1553,automobile,automobile,0.99991643
1554,automobile,automobile,0.99990773
1555,automobile,automobile,0.9999106
1556,automobile,automobile,0.99993277
1557,automobile,automobile,0.9999224
1558,automobile,automobile,0.999923
1559,automobile,automobile,0.99989665
1560,automobile,automobile,0.99986684
1561,automobile,automobile,0.99957603
1562,automobile,automobile,0.9999074
1563,automobile,automobile,0.9996666
1564,automobile,automobile,0.9998311
1565,automobile,automobile,0.9999155
1566,automobile,automobile,0.99988186
1567,automobile,automobile,0.9998559
1568,automobile,automobile,0.99990225
1569,automobile,automobile,0.99988186
1570,automobile,automobile,0.9999062
1571,automobile,automobile,0.99990606
1572,automobile,automobile,0.99958557
1573,automobile,automobile,0.9998617
1574,automobile,automobile,0.999876
1575,automobile,automobile,0.9998859
1576,automobile,automobile,0.99982554
1577,automobile,automobile,0.9999286
1578,automobile,automobile,0.9998053
1579,automobile,automobile,0.9999002
1580,automobile,automobile,0.99992096
1581,automobile,automobile,0.99992263
1582,automobile,automobile,0.99991786
1583,automobile,automobile,0.9997559
1584,automobile,automobile,0.9999207
1585,automobile,automobile,0.99992204
1586,automobile,automobile,0.9996675
1587,automobile,automobile,0.99989855
1588,automobile,automobile,0.9999045
1589,automobile,automobile,0.99990714
1590,automobile,automobile,0.99990845
1591,automobile,automobile,0.99992025
1592,automobile,automobile,0.99991405
1593,automobile,automobile,0.9998671
1594,automobile,automobile,0.99989355
1595,automobile,automobile,0.9998872
1596,automobile,automobile,0.9999213
1597,automobile,automobile,0.99985325
1598,automobile,automobile,0.9999213
1599,automobile,automobile,0.9998821
1600,automobile,automobile,0.99991775
1601,automobile,automobile,0.9999167
1602,automobile,automobile,0.99989414
1603,automobile,automobile,0.99990606
1604,automobile,automobile,0.9999181
1605,automobile,automobile,0.9999143
1606,automobile,automobile,0.9998574
1607,automobile,automobile,0.9998996
1608,automobile,automobile,0.9998809
1609,automobile,automobile,0.99992263
1610,automobile,automobile,0.9998883
1611,automobile,automobile,0.99990785
1612,automobile,automobile,0.9999136
1613,automobile,automobile,0.99964523
1614,automobile,automobile,0.99990463
1615,automobile,automobile,0.9998734
1616,automobile,automobile,0.9964534
1617,automobile,automobile,0.9998859
1618,automobile,automobile,0.9999099
1619,automobile,automobile,0.99988043
1620,automobile,automobile,0.99992085
1621,automobile,automobile,0.99992144
1622,automobile,automobile,0.9998715
1623,automobile,truck,0.9809141
1624,automobile,automobile,0.99992955
1625,automobile,automobile,0.9999243
1626,automobile,automobile,0.96834666
1627,automobile,automobile,0.99992466
1628,automobile,automobile,0.9999218
1629,automobile,automobile,0.9998865
1630,automobile,automobile,0.99988365
1631,automobile,automobile,0.99990916
1632,automobile,automobile,0.99993014
1633,automobile,automobile,0.9998505
1634,automobile,automobile,0.9999101
1635,automobile,automobile,0.9972626
1636,automobile,automobile,0.9998586
1637,automobile,automobile,0.9999008
1638,automobile,automobile,0.9999231
1639,automobile,automobile,0.9998629
1640,automobile,automobile,0.9999248
1641,automobile,automobile,0.9999168
1642,automobile,automobile,0.9999069
1643,automobile,automobile,0.99991333
1644,automobile,automobile,0.99988866
1645,automobile,automobile,0.9999194
1646,automobile,automobile,0.9998964
1647,automobile,automobile,0.9995127
1648,automobile,automobile,0.9998553
1649,automobile,automobile,0.9999238
1650,automobile,automobile,0.99992573
1651,automobile,automobile,0.9999052
1652,automobile,automobile,0.99977285
1653,automobile,automobile,0.99986887
1654,automobile,automobile,0.9999094
1655,automobile,automobile,0.99989915
1656,automobile,automobile,0.9998876
1657,automobile,automobile,0.99990296
1658,automobile,automobile,0.99991643
1659,automobile,automobile,0.99990726
1660,automobile,automobile,0.99988425
1661,automobile,automobile,0.99988866
1662,automobile,truck,0.9994444
1663,automobile,automobile,0.9999325
1664,automobile,automobile,0.99984133
1665,automobile,automobile,0.99990046
1666,automobile,automobile,0.9998894
1667,automobile,automobile,0.99992406
1668,automobile,automobile,0.99977344
1669,automobile,automobile,0.9998896
1670,automobile,automobile,0.99992704
1671,automobile,automobile,0.9999076
1672,automobile,automobile,0.99990034
1673,automobile,automobile,0.99991405
1674,automobile,automobile,0.9999136
1675,automobile,automobile,0.9999285
1676,automobile,automobile,0.9998087
1677,automobile,automobile,0.99990904
1678,automobile,automobile,0.99988425
1679,automobile,automobile,0.99984527
1680,automobile,automobile,0.9998869
1681,automobile,automobile,0.9999
1682,automobile,automobile,0.9999162
1683,automobile,automobile,0.99990964
1684,automobile,automobile,0.99989915
1685,automobile,automobile,0.99967694
1686,automobile,automobile,0.99990964
1687,automobile,automobile,0.9999231
1688,automobile,automobile,0.9998715
1689,automobile,automobile,0.9999069
1690,automobile,automobile,0.99984956
1691,automobile,automobile,0.9999248
1692,automobile,automobile,0.99991465
1693,automobile,automobile,0.9999112
1694,automobile,automobile,0.99981695
1695,automobile,automobile,0.99987054
1696,automobile,automobile,0.999913
1697,automobile,automobile,0.9999081
1698,automobile,automobile,0.9998903
1699,automobile,automobile,0.99988675
1700,automobile,automobile,0.99991035
1701,automobile,automobile,0.9999304
1702,automobile,automobile,0.99991524
1703,automobile,automobile,0.99992657
1704,automobile,automobile,0.99987864
1705,automobile,automobile,0.99992764
1706,automobile,automobile,0.99990904
1707,automobile,automobile,0.99991
1708,automobile,automobile,0.99984705
1709,automobile,automobile,0.9998627
1710,automobile,automobile,0.9999261
1711,automobile,automobile,0.9998627
1712,automobile,automobile,0.9999325
1713,automobile,automobile,0.9999207
1714,automobile,automobile,0.99877554
1715,automobile,automobile,0.99988246
1716,automobile,automobile,0.9999243
1717,automobile,automobile,0.9999163
1718,automobile,automobile,0.9763241
1719,automobile,automobile,0.99990916
1720,automobile,automobile,0.99980074
1721,automobile,automobile,0.99985194
1722,automobile,automobile,0.9998963
1723,automobile,automobile,0.9999126
1724,automobile,truck,0.99983335
1725,automobile,automobile,0.9998586
1726,automobile,automobile,0.99986255
1727,automobile,automobile,0.99988365
1728,automobile,automobile,0.999858
1729,automobile,automobile,0.9998745
1730,automobile,automobile,0.99983037
1731,automobile,automobile,0.9998242
1732,automobile,automobile,0.99986637
1733,automobile,automobile,0.9998598
1734,automobile,automobile,0.9998883
1735,automobile,automobile,0.9999294
1736,automobile,truck,0.9992719
1737,automobile,automobile,0.9999281
1738,automobile,automobile,0.9998826
1739,automobile,automobile,0.9999186
1740,automobile,automobile,0.99989057
1741,automobile,automobile,0.99992096
1742,automobile,automobile,0.99989855
1743,automobile,automobile,0.99992573
1744,automobile,automobile,0.999908
1745,automobile,automobile,0.9999267
1746,automobile,automobile,0.9999083
1747,automobile,automobile,0.9999167
1748,automobile,automobile,0.9999114
1749,automobile,automobile,0.99993134
1750,automobile,automobile,0.9998454
1751,automobile,automobile,0.99563944
1752,automobile,automobile,0.99988973
1753,automobile,automobile,0.99988985
1754,automobile,automobile,0.999926
1755,automobile,automobile,0.99989176
1756,automobile,automobile,0.999907
1757,automobile,automobile,0.9999039
1758,automobile,automobile,0.99987745
1759,automobile,automobile,0.99990654
1760,automobile,automobile,0.9998783
1761,automobile,automobile,0.99984765
1762,automobile,automobile,0.9998832
1763,automobile,automobile,0.9968947
1764,automobile,automobile,0.99990356
1765,automobile,automobile,0.99993
1766,automobile,automobile,0.99991655
1767,automobile,automobile,0.9999262
1768,automobile,automobile,0.999858
1769,automobile,automobile,0.99993336
1770,automobile,automobile,0.9999082
1771,automobile,automobile,0.9999294
1772,automobile,automobile,0.9999162
1773,automobile,automobile,0.99989176
1774,automobile,automobile,0.99987936
1775,automobile,automobile,0.99985015
1776,automobile,automobile,0.9999212
1777,automobile,automobile,0.99993193
1778,automobile,automobile,0.99990726
1779,automobile,truck,0.99983644
1780,automobile,automobile,0.9997074
1781,automobile,automobile,0.9999105
1782,automobile,automobile,0.9999232
1783,automobile,automobile,0.99985886
1784,automobile,automobile,0.9998934
1785,automobile,automobile,0.99986136
1786,automobile,automobile,0.9832843
1787,automobile,automobile,0.9999237
1788,automobile,automobile,0.99991405
1789,automobile,automobile,0.9999075
1790,automobile,automobile,0.9998715
1791,automobile,automobile,0.99990356
1792,automobile,automobile,0.9998934
1793,automobile,automobile,0.9999287
1794,automobile,automobile,0.99992144
1795,automobile,automobile,0.9999167
1796,automobile,automobile,0.9999052
1797,automobile,automobile,0.999877
1798,automobile,automobile,0.9999217
1799,automobile,automobile,0.99990046
1800,automobile,automobile,0.99990964
1801,automobile,automobile,0.99992406
1802,automobile,automobile,0.9998673
1803,automobile,automobile,0.9999106
1804,automobile,automobile,0.9998938
1805,automobile,automobile,0.9999254
1806,automobile,automobile,0.99992657
1807,automobile,automobile,0.99988234
1808,automobile,automobile,0.99991727
1809,automobile,automobile,0.99993086
1810,automobile,automobile,0.99955887
1811,automobile,automobile,0.9998834
1812,automobile,automobile,0.9999286
1813,automobile,automobile,0.99966705
1814,automobile,automobile,0.9998783
1815,automobile,automobile,0.9998995
1816,automobile,automobile,0.99991035
1817,automobile,automobile,0.99991953
1818,automobile,automobile,0.9999174
1819,automobile,automobile,0.9999182
1820,automobile,automobile,0.9999255
1821,automobile,automobile,0.84377605
1822,automobile,automobile,0.9999006
1823,automobile,automobile,0.99990857
1824,automobile,automobile,0.9999145
1825,automobile,automobile,0.99986744
1826,automobile,automobile,0.9999007
1827,automobile,automobile,0.99992716
1828,automobile,automobile,0.9998859
1829,automobile,automobile,0.99986804
1830,automobile,automobile,0.999655
1831,automobile,automobile,0.99927324
1832,automobile,automobile,0.9999012
1833,automobile,automobile,0.9999083
1834,automobile,automobile,0.9998946
1835,automobile,automobile,0.99978906
1836,automobile,automobile,0.9998658
1837,automobile,automobile,0.99979824
1838,automobile,automobile,0.9999213
1839,automobile,automobile,0.99992585
1840,automobile,automobile,0.99992967
1841,automobile,automobile,0.99991107
1842,automobile,automobile,0.9999083
1843,automobile,automobile,0.99989223
1844,automobile,automobile,0.99989104
1845,automobile,automobile,0.99981457
1846,automobile,automobile,0.9999232
1847,automobile,automobile,0.9999285
1848,automobile,automobile,0.9998921
1849,automobile,automobile,0.99990654
1850,automobile,automobile,0.99989736
1851,automobile,automobile,0.9998988
1852,automobile,automobile,0.99989295
1853,automobile,automobile,0.9999107
1854,automobile,automobile,0.999813
1855,automobile,automobile,0.99884987
1856,automobile,automobile,0.99978954
1857,automobile,automobile,0.9999174
1858,automobile,automobile,0.9999032
1859,automobile,automobile,0.99991214
1860,automobile,automobile,0.9998202
1861,automobile,automobile,0.9997663
1862,automobile,automobile,0.99986005
1863,automobile,automobile,0.9870797
1864,automobile,automobile,0.9997731
1865,automobile,automobile,0.99987316
1866,automobile,automobile,0.99990857
1867,automobile,automobile,0.99993014
1868,automobile,automobile,0.99988675
1869,automobile,automobile,0.99988914
1870,automobile,automobile,0.998448
1871,automobile,automobile,0.99988246
1872,automobile,automobile,0.9999052
1873,automobile,automobile,0.9998766
1874,automobile,automobile,0.9996025
1875,automobile,automobile,0.9998388
1876,automobile,automobile,0.99990726
1877,automobile,automobile,0.9999145
1878,automobile,automobile,0.99988854
1879,automobile,automobile,0.99991417
1880,automobile,automobile,0.99991953
1881,automobile,automobile,0.99992824
1882,automobile,automobile,0.99992263
1883,automobile,automobile,0.99985015
1884,automobile,automobile,0.9999244
1885,automobile,automobile,0.99986327
1886,automobile,automobile,0.99992716
1887,automobile,automobile,0.99991894
1888,automobile,automobile,0.9998847
1889,automobile,automobile,0.99990284
1890,automobile,automobile,0.9866642
1891,automobile,automobile,0.99991
1892,automobile,automobile,0.99992526
1893,automobile,automobile,0.9998901
1894,automobile,automobile,0.99986696
1895,automobile,automobile,0.99990344
1896,automobile,automobile,0.999905
1897,automobile,automobile,0.99992454
1898,automobile,automobile,0.999899
1899,automobile,automobile,0.9997875
1900,automobile,automobile,0.99993265
1901,automobile,automobile,0.99990356
1902,automobile,automobile,0.99976593
1903,automobile,automobile,0.9999219
1904,automobile,automobile,0.99990606
1905,automobile,automobile,0.99992704
1906,automobile,automobile,0.9998944
1907,automobile,automobile,0.99991095
1908,automobile,automobile,0.99990344
1909,automobile,automobile,0.9999019
1910,automobile,automobile,0.9997172
1911,automobile,automobile,0.9999211
1912,automobile,automobile,0.99991715
1913,automobile,automobile,0.99990404
1914,automobile,automobile,0.9998641
1915,automobile,automobile,0.9999193
1916,automobile,automobile,0.9998814
1917,automobile,automobile,0.99991405
1918,automobile,automobile,0.9998933
1919,automobile,automobile,0.999808
1920,automobile,automobile,0.9999324
1921,automobile,automobile,0.99991345
1922,automobile,automobile,0.9995259
1923,automobile,truck,0.9997969
1924,automobile,automobile,0.9995534
1925,automobile,automobile,0.9998715
1926,automobile,automobile,0.99991095
1927,automobile,automobile,0.9998987
1928,automobile,automobile,0.9999
1929,automobile,automobile,0.9998988
1930,automobile,automobile,0.99992275
1931,automobile,automobile,0.9999138
1932,automobile,automobile,0.99992144
1933,automobile,automobile,0.9993678
1934,automobile,truck,0.9994079
1935,automobile,automobile,0.99987805
1936,automobile,automobile,0.99991894
1937,automobile,automobile,0.9999193
1938,automobile,automobile,0.99965715
1939,automobile,automobile,0.9998863
1940,automobile,automobile,0.9999249
1941,automobile,automobile,0.99989796
1942,automobile,automobile,0.99993145
1943,automobile,automobile,0.99992347
1944,automobile,automobile,0.99990845
1945,automobile,automobile,0.99991417
1946,automobile,automobile,0.99992836
1947,automobile,automobile,0.9998585
1948,automobile,automobile,0.99812883
1949,automobile,automobile,0.9998357
1950,automobile,automobile,0.9997161
1951,automobile,automobile,0.9990928
1952,automobile,automobile,0.99991095
1953,automobile,automobile,0.99992263
1954,automobile,automobile,0.9999291
1955,automobile,automobile,0.9999018
1956,automobile,automobile,0.99953437
1957,automobile,automobile,0.99990976
1958,automobile,automobile,0.999879
1959,automobile,automobile,0.9999106
1960,automobile,automobile,0.99985135
1961,automobile,automobile,0.9999305
1962,automobile,automobile,0.99989307
1963,automobile,automobile,0.99991703
1964,automobile,automobile,0.9999031
1965,automobile,automobile,0.99989796
1966,automobile,automobile,0.9999186
1967,automobile,automobile,0.99988973
1968,automobile,automobile,0.99968255
1969,automobile,automobile,0.99988616
1970,automobile,automobile,0.9999318
1971,automobile,automobile,0.9999193
1972,automobile,automobile,0.9998764
1973,automobile,automobile,0.99989724
1974,automobile,automobile,0.999908
1975,automobile,automobile,0.9998522
1976,automobile,automobile,0.9999099
1977,automobile,automobile,0.99992883
1978,automobile,automobile,0.99993384
1979,automobile,automobile,0.9999145
1980,automobile,automobile,0.9995437
1981,automobile,automobile,0.9999198
1982,automobile,automobile,0.9998778
1983,automobile,automobile,0.9999207
1984,automobile,automobile,0.99971205
1985,automobile,automobile,0.99991333
1986,automobile,automobile,0.9999175
1987,automobile,automobile,0.9999008
1988,automobile,automobile,0.9997526
1989,automobile,automobile,0.99992514
1990,automobile,automobile,0.97214127
1991,automobile,automobile,0.9999176
1992,automobile,automobile,0.99990976
1993,automobile,automobile,0.9999025
1994,automobile,automobile,0.9998964
1995,automobile,automobile,0.9999101
1996,automobile,automobile,0.9998915
1997,automobile,automobile,0.99989235
1998,automobile,automobile,0.9998927
1999,automobile,automobile,0.9995246
2000,bird,bird,0.999752
2001,bird,bird,0.9998869
2002,bird,bird,0.99989784
2003,bird,bird,0.99992204
2004,bird,bird,0.9998369
2005,bird,bird,0.9999354
2006,bird,bird,0.9996401
2007,bird,bird,0.99929
2008,bird,bird,0.9999294
2009,bird,bird,0.99949944
2010,bird,bird,0.99993455
2011,bird,bird,0.9998368
2012,bird,bird,0.9999492
2013,bird,bird,0.9998914
2014,bird,bird,0.99319094
2015,bird,bird,0.99988854
2016,bird,bird,0.9998005
2017,bird,bird,0.9995173
2018,bird,bird,0.99991524
2019,bird,bird,0.99985826
2020,bird,bird,0.99987745
2021,bird,bird,0.9998989
2022,bird,bird,0.99990225
2023,bird,bird,0.99983954
2024,bird,bird,0.99988496
2025,bird,bird,0.9999361
2026,bird,bird,0.999926
2027,bird,bird,0.99990845
2028,bird,bird,0.99992335
2029,bird,bird,0.99991095
2030,bird,bird,0.99992526
2031,bird,bird,0.99985623
2032,bird,bird,0.99991167
2033,bird,bird,0.99988604
2034,bird,bird,0.9999045
2035,bird,bird,0.99987054
2036,bird,bird,0.9994677
2037,bird,bird,0.9999105
2038,bird,bird,0.9998667
2039,bird,bird,0.9999256
2040,bird,bird,0.9999237
2041,bird,bird,0.9599465
2042,bird,bird,0.9999132
2043,bird,bird,0.9999372
2044,bird,bird,0.99990034
2045,bird,bird,0.9998605
2046,bird,bird,0.9999442
2047,bird,bird,0.8750052
2048,bird,bird,0.999869
2049,bird,bird,0.9999168
2050,bird,bird,0.9998934
2051,bird,bird,0.9998858
2052,bird,bird,0.999902
2053,bird,bird,0.9999273
2054,bird,bird,0.9985055
2055,bird,bird,0.9999218
2056,bird,bird,0.9999238
2057,bird,bird,0.99991834
2058,bird,bird,0.9999267
2059,bird,bird,0.99986684
2060,bird,bird,0.99986386
2061,bird,bird,0.9998022
2062,bird,bird,0.99987864
2063,bird,bird,0.99991906
2064,bird,bird,0.9999169
2065,bird,bird,0.9993783
2066,bird,bird,0.9999151
2067,bird,bird,0.99991715
2068,bird,bird,0.9999374
2069,bird,bird,0.9996061
2070,bird,bird,0.99988973
2071,bird,bird,0.9998987
2072,bird,bird,0.9999293
2073,bird,bird,0.99961096
2074,bird,bird,0.99993
2075,bird,bird,0.9999465
2076,bird,bird,0.99992967
2077,bird,bird,0.9999449
2078,bird,bird,0.99990654
2079,bird,bird,0.9946295
2080,bird,bird,0.9903211
2081,bird,bird,0.9999268
2082,bird,bird,0.99993
2083,bird,bird,0.99992716
2084,bird,bird,0.99993396
2085,bird,bird,0.99975353
2086,bird,bird,0.99992526
2087,bird,bird,0.9999181
2088,bird,bird,0.99991596
2089,bird,bird,0.9999207
2090,bird,bird,0.9999193
2091,bird,bird,0.9997658
2092,bird,bird,0.9998838
2093,bird,bird,0.99992657
2094,bird,bird,0.99985325
2095,bird,bird,0.99990296
2096,bird,bird,0.9999182
2097,bird,bird,0.99981207
2098,bird,bird,0.9999052
2099,bird,bird,0.99992764
2100,bird,bird,0.9999299
2101,bird,bird,0.99993277
2102,bird,bird,0.999699
2103,bird,bird,0.9999113
2104,bird,bird,0.99987864
2105,bird,bird,0.9999193
2106,bird,bird,0.99985623
2107,bird,bird,0.99991775
2108,bird,bird,0.9999342
2109,bird,bird,0.9999254
2110,bird,bird,0.9997646
2111,bird,bird,0.9999039
2112,bird,bird,0.99992645
2113,bird,bird,0.99992347
2114,bird,bird,0.9996928
2115,bird,bird,0.99991465
2116,bird,bird,0.9999161
2117,bird,bird,0.9999113
2118,bird,bird,0.9998783
2119,bird,bird,0.9999037
2120,bird,bird,0.9998166
2121,bird,bird,0.9998777
2122,bird,bird,0.9999194
2123,bird,bird,0.99990547
2124,bird,bird,0.9999169
2125,bird,bird,0.99992216
2126,bird,bird,0.9998517
2127,bird,bird,0.9989016
2128,bird,bird,0.9995529
2129,bird,deer,0.9995778
2130,bird,bird,0.9998229
2131,bird,bird,0.9999324
2132,bird,bird,0.9999205
2133,bird,bird,0.99988675
2134,bird,bird,0.9999088
2135,bird,bird,0.99992347
2136,bird,bird,0.9999212
2137,bird,bird,0.9998677
2138,bird,bird,0.99978715
2139,bird,bird,0.99985313
2140,bird,bird,0.9998994
2141,bird,bird,0.999783
2142,bird,bird,0.99968064
2143,bird,bird,0.99992406
2144,bird,bird,0.9986129
2145,bird,bird,0.9968946
2146,bird,bird,0.9998312
2147,bird,bird,0.9998845
2148,bird,bird,0.9999019
2149,bird,bird,0.999866
2150,bird,bird,0.9999341
2151,bird,bird,0.99993134
2152,bird,bird,0.9999323
2153,bird,bird,0.9998754
2154,bird,bird,0.99983513
2155,bird,bird,0.9998969
2156,bird,bird,0.99989617
2157,bird,bird,0.99859804
2158,bird,bird,0.99968815
2159,bird,bird,0.999856
2160,bird,bird,0.9990901
2161,bird,bird,0.9997234
2162,bird,bird,0.999928
2163,bird,bird,0.99992526
2164,bird,bird,0.9998448
2165,bird,bird,0.9999131
2166,bird,bird,0.9999366
2167,bird,bird,0.99963534
2168,bird,bird,0.99989355
2169,bird,bird,0.9998758
2170,bird,bird,0.99988234
2171,bird,bird,0.99991035
2172,bird,bird,0.99988866
2173,bird,bird,0.9998272
2174,bird,bird,0.9999093
2175,bird,bird,0.9999088
2176,bird,bird,0.9992908
2177,bird,bird,0.9999106
2178,bird,bird,0.999936
2179,bird,bird,0.9999169
2180,bird,bird,0.9999229
2181,bird,bird,0.99982965
2182,bird,bird,0.9997564
2183,bird,bird,0.9999175
2184,bird,bird,0.9998642
2185,bird,bird,0.9999181
2186,bird,bird,0.9999236
2187,bird,bird,0.99991083
2188,bird,bird,0.99987066
2189,bird,bird,0.99987733
2190,bird,bird,0.9998022
2191,bird,bird,0.9999001
2192,bird,bird,0.99990296
2193,bird,bird,0.9997855
2194,bird,bird,0.9999423
2195,bird,bird,0.9999329
2196,bird,bird,0.99755824
2197,bird,bird,0.99977034
2198,bird,bird,0.99986994
2199,bird,bird,0.9998153
2200,bird,bird,0.9999167
2201,bird,bird,0.9999144
2202,bird,bird,0.9999317
2203,bird,frog,0.54590076
2204,bird,bird,0.9999329
2205,bird,bird,0.99990547
2206,bird,bird,0.99972636
2207,bird,bird,0.9998172
2208,bird,bird,0.9999298
2209,bird,bird,0.99992836
2210,bird,bird,0.99987006
2211,bird,bird,0.99991703
2212,bird,bird,0.99982125
2213,bird,bird,0.99992156
2214,bird,bird,0.99945503
2215,bird,bird,0.9999317
2216,bird,bird,0.5627395
2217,bird,bird,0.9999336
2218,bird,bird,0.9998957
2219,bird,bird,0.99993265
2220,bird,bird,0.9999274
2221,bird,bird,0.99981564
2222,bird,bird,0.9999049
2223,bird,bird,0.99991024
2224,bird,bird,0.99963295
2225,bird,bird,0.9999305
2226,bird,bird,0.9966667
2227,bird,bird,0.99992836
2228,bird,bird,0.99971277
2229,bird,bird,0.99734974
2230,bird,bird,0.9998288
2231,bird,bird,0.9998368
2232,bird,bird,0.9993755
2233,bird,bird,0.9999114
2234,bird,bird,0.9999002
2235,bird,bird,0.99985206
2236,bird,bird,0.99992216
2237,bird,bird,0.9998745
2238,bird,bird,0.9993349
2239,bird,bird,0.9999366
2240,bird,bird,0.99980503
2241,bird,bird,0.99988925
2242,bird,bird,0.99990225
2243,bird,bird,0.9999125
2244,bird,bird,0.99977905
2245,bird,bird,0.999907
2246,bird,bird,0.99991465
2247,bird,bird,0.99903536
2248,bird,bird,0.9996984
2249,bird,bird,0.9997938
2250,bird,bird,0.9998734
2251,bird,bird,0.99990284
2252,bird,bird,0.9997907
2253,bird,frog,0.98637575
2254,bird,bird,0.9999212
2255,bird,bird,0.9999279
2256,bird,bird,0.99987686
2257,bird,bird,0.9999192
2258,bird,bird,0.99993145
2259,bird,bird,0.99985397
2260,bird,bird,0.99957913
2261,bird,bird,0.99992085
2262,bird,bird,0.9999132
2263,bird,bird,0.99982375
2264,bird,bird,0.99987245
2265,bird,bird,0.99973804
2266,bird,bird,0.99991906
2267,bird,bird,0.9999219
2268,bird,bird,0.9998877
2269,bird,bird,0.999918
2270,bird,bird,0.9999074
2271,bird,deer,0.9907862
2272,bird,bird,0.9998915
2273,bird,bird,0.9999362
2274,bird,bird,0.99962604
2275,bird,bird,0.9743085
2276,bird,bird,0.99987125
2277,bird,bird,0.9999393
2278,bird,bird,0.9998876
2279,bird,bird,0.99982256
2280,bird,bird,0.99974734
2281,bird,bird,0.99990094
2282,bird,bird,0.9999242
2283,bird,bird,0.9999125
2284,bird,bird,0.9966164
2285,bird,bird,0.9999088
2286,bird,bird,0.999894
2287,bird,bird,0.9999027
2288,bird,bird,0.9999318
2289,bird,bird,0.99994314
2290,bird,bird,0.99989676
2291,bird,bird,0.99993503
2292,bird,bird,0.99987626
2293,bird,bird,0.999803
2294,bird,bird,0.9998952
2295,bird,bird,0.9998933
2296,bird,bird,0.999881
2297,bird,bird,0.9998317
2298,bird,bird,0.9998661
2299,bird,bird,0.9998977
2300,bird,bird,0.9999335
2301,bird,bird,0.9998227
2302,bird,bird,0.99993026
2303,bird,bird,0.9999225
2304,bird,bird,0.9999267
2305,bird,bird,0.99993086
2306,bird,horse,0.806129
2307,bird,bird,0.9991892
2308,bird,bird,0.9999137
2309,bird,bird,0.99991083
2310,bird,bird,0.9998323
2311,bird,bird,0.9999193
2312,bird,bird,0.99935013
2313,bird,bird,0.99992347
2314,bird,bird,0.99983585
2315,bird,bird,0.99993324
2316,bird,bird,0.9999074
2317,bird,bird,0.9997631
2318,bird,bird,0.9999236
2319,bird,bird,0.9998673
2320,bird,bird,0.9998913
2321,bird,bird,0.999902
2322,bird,bird,0.9940077
2323,bird,bird,0.9999095
2324,bird,bird,0.9998975
2325,bird,airplane,0.9979699
2326,bird,bird,0.9998492
2327,bird,bird,0.99777114
2328,bird,bird,0.99990964
2329,bird,bird,0.999925
2330,bird,bird,0.9999018
2331,bird,bird,0.99979824
2332,bird,bird,0.99986935
2333,bird,bird,0.9998704
2334,bird,bird,0.99990344
2335,bird,bird,0.999936
2336,bird,bird,0.99987876
2337,bird,bird,0.99987197
2338,bird,bird,0.9999273
2339,bird,bird,0.9996531
2340,bird,bird,0.9999145
2341,bird,bird,0.9999119
2342,bird,bird,0.9998247
2343,bird,bird,0.9999374
2344,bird,bird,0.99991584
2345,bird,bird,0.9999337
2346,bird,bird,0.9999329
2347,bird,bird,0.9998976
2348,bird,bird,0.999933
2349,bird,bird,0.9998554
2350,bird,bird,0.9999343
2351,bird,bird,0.99986815
2352,bird,bird,0.9998803
2353,bird,bird,0.99991524
2354,bird,bird,0.99991834
2355,bird,bird,0.99905986
2356,bird,bird,0.9998795
2357,bird,bird,0.99993753
2358,bird,bird,0.9999341
2359,bird,bird,0.9999211
2360,bird,bird,0.99990964
2361,bird,bird,0.9999138
2362,bird,bird,0.99971944
2363,bird,bird,0.99983764
2364,bird,bird,0.99988925
2365,bird,bird,0.9998913
2366,bird,bird,0.9990231
2367,bird,bird,0.99990714
2368,bird,bird,0.99991226
2369,bird,bird,0.99992573
2370,bird,bird,0.9997657
2371,bird,bird,0.9998969
2372,bird,bird,0.9999231
2373,bird,bird,0.9999248
2374,bird,bird,0.9998876
2375,bird,bird,0.9998853
2376,bird,bird,0.9997274
2377,bird,bird,0.9999236
2378,bird,bird,0.9999206
2379,bird,bird,0.9989711
2380,bird,bird,0.9998053
2381,bird,bird,0.9999237
2382,bird,bird,0.9999063
2383,bird,bird,0.9998553
2384,bird,bird,0.999866
2385,bird,bird,0.99988914
2386,bird,bird,0.99992955
2387,bird,bird,0.99981517
2388,bird,bird,0.9998197
2389,bird,bird,0.9999248
2390,bird,bird,0.99991095
2391,bird,bird,0.9999279
2392,bird,bird,0.99978775
2393,bird,bird,0.9998919
2394,bird,bird,0.99917233
2395,bird,bird,0.9998325
2396,bird,bird,0.9999114
2397,bird,bird,0.9998666
2398,bird,bird,0.9998423
2399,bird,bird,0.9998785
2400,bird,bird,0.9999044
2401,bird,bird,0.999895
2402,bird,bird,0.99987876
2403,bird,bird,0.99989736
2404,bird,bird,0.99962187
2405,bird,bird,0.9996383
2406,bird,bird,0.9998622
2407,bird,bird,0.9999318
2408,bird,bird,0.99992144
2409,bird,bird,0.99991643
2410,bird,bird,0.9998222
2411,bird,bird,0.9998734
2412,bird,bird,0.9997814
2413,bird,bird,0.99991226
2414,bird,bird,0.99987316
2415,bird,bird,0.9999349
2416,bird,bird,0.999701
2417,bird,bird,0.9999341
2418,bird,bird,0.999785
2419,bird,bird,0.99989927
2420,bird,bird,0.99992204
2421,bird,bird,0.9998529
2422,bird,bird,0.9999236
2423,bird,bird,0.999926
2424,bird,bird,0.99987257
2425,bird,bird,0.99989724
2426,bird,bird,0.99988425
2427,bird,bird,0.9998926
2428,bird,bird,0.9999274
2429,bird,bird,0.99992335
2430,bird,bird,0.99992025
2431,bird,bird,0.9993724
2432,bird,bird,0.99992716
2433,bird,bird,0.99979633
2434,bird,bird,0.9999287
2435,bird,bird,0.99991524
2436,bird,bird,0.9999043
2437,bird,bird,0.99991965
2438,bird,bird,0.9999174
2439,bird,bird,0.99970514
2440,bird,bird,0.9999268
2441,bird,bird,0.9998386
2442,bird,bird,0.9999237
2443,bird,bird,0.99991786
2444,bird,bird,0.9999223
2445,bird,bird,0.99988616
2446,bird,bird,0.99989426
2447,bird,bird,0.99976546
2448,bird,bird,0.999923
2449,bird,bird,0.99963534
2450,bird,bird,0.9998683
2451,bird,bird,0.99654704
2452,bird,bird,0.9999397
2453,bird,bird,0.9067726
2454,bird,bird,0.9998055
2455,bird,bird,0.9999136
2456,bird,bird,0.99972004
2457,bird,bird,0.99994385
2458,bird,bird,0.9996792
2459,bird,bird,0.99987745
2460,bird,bird,0.9998704
2461,bird,bird,0.99989784
2462,bird,bird,0.9998616
2463,bird,bird,0.9999281
2464,bird,bird,0.99993515
2465,bird,bird,0.99989986
2466,bird,bird,0.9999114
2467,bird,bird,0.999918
2468,bird,bird,0.99992466
2469,bird,bird,0.99992204
2470,bird,bird,0.9999145
2471,bird,bird,0.99991477
2472,bird,bird,0.99957806
2473,bird,bird,0.99993503
2474,bird,bird,0.99992883
2475,bird,bird,0.9999095
2476,bird,bird,0.9998809
2477,bird,airplane,0.9906122
2478,bird,bird,0.99964905
2479,bird,bird,0.99991345
2480,bird,bird,0.9998789
2481,bird,bird,0.9999243
2482,bird,bird,0.9999368
2483,bird,bird,0.9793075
2484,bird,bird,0.999928
2485,bird,bird,0.9997874
2486,bird,cat,0.9989342
2487,bird,bird,0.9999124
2488,bird,bird,0.99992275
2489,bird,bird,0.99992764
2490,bird,bird,0.99991894
2491,bird,bird,0.9998605
2492,bird,bird,0.99984944
2493,bird,bird,0.99881846
2494,bird,bird,0.99971515
2495,bird,bird,0.9999107
2496,bird,bird,0.997586
2497,bird,bird,0.9998777
2498,bird,bird,0.99987257
2499,bird,bird,0.999931
2500,bird,bird,0.9998728
2501,bird,bird,0.9999223
2502,bird,bird,0.99990153
2503,bird,bird,0.99943906
2504,bird,bird,0.9998846
2505,bird,bird,0.979962
2506,bird,bird,0.9999256
2507,bird,bird,0.9997445
2508,bird,bird,0.99989796
2509,bird,bird,0.99985564
2510,bird,bird,0.9996288
2511,bird,bird,0.99984
2512,bird,bird,0.99992883
2513,bird,bird,0.9999169
2514,bird,bird,0.9863685
2515,bird,bird,0.999948
2516,bird,bird,0.9998735
2517,bird,bird,0.99992967
2518,bird,bird,0.9998956
2519,bird,bird,0.9998964
2520,bird,bird,0.99992204
2521,bird,bird,0.9998293
2522,bird,bird,0.99991405
2523,bird,bird,0.9998659
2524,bird,bird,0.9996792
2525,bird,bird,0.99994314
2526,bird,bird,0.99987817
2527,bird,bird,0.9997824
2528,bird,bird,0.9999354
2529,bird,bird,0.9999299
2530,bird,bird,0.99987495
2531,bird,bird,0.9994948
2532,bird,bird,0.99991405
2533,bird,bird,0.9997706
2534,bird,bird,0.9998889
2535,bird,bird,0.99986374
2536,bird,bird,0.99942183
2537,bird,bird,0.99971205
2538,bird,bird,0.99939346
2539,bird,bird,0.9999341
2540,bird,bird,0.99991333
2541,bird,bird,0.9999125
2542,bird,bird,0.9998356
2543,bird,bird,0.9999151
2544,bird,bird,0.9998554
2545,bird,bird,0.9999044
2546,bird,bird,0.99982494
2547,bird,bird,0.9999045
2548,bird,bird,0.99989855
2549,bird,bird,0.99992573
2550,bird,bird,0.9999089
2551,bird,bird,0.99990666
2552,bird,bird,0.9998178
2553,bird,bird,0.99977595
2554,bird,bird,0.9999292
2555,bird,bird,0.99992406
2556,bird,bird,0.9999263
2557,bird,bird,0.99990594
2558,bird,bird,0.99993503
2559,bird,bird,0.9998592
2560,bird,bird,0.9999335
2561,bird,bird,0.99993587
2562,bird,bird,0.99943894
2563,bird,bird,0.99994075
2564,bird,bird,0.99911267
2565,bird,bird,0.9785903
2566,bird,bird,0.99989593
2567,bird,bird,0.99992096
2568,bird,bird,0.99985766
2569,bird,bird,0.9999124
2570,bird,bird,0.99833065
2571,bird,bird,0.9998443
2572,bird,bird,0.9999423
2573,bird,bird,0.9999317
2574,bird,dog,0.9610278
2575,bird,bird,0.9998932
2576,bird,bird,0.99989414
2577,bird,bird,0.99992895
2578,bird,bird,0.9998981
2579,bird,bird,0.99993074
2580,bird,bird,0.9999176
2581,bird,bird,0.99991477
2582,bird,bird,0.99990845
2583,bird,bird,0.99992955
2584,bird,bird,0.9999417
2585,bird,bird,0.9999008
2586,bird,bird,0.9998704
2587,bird,bird,0.99992657
2588,bird,bird,0.9998555
2589,bird,bird,0.9998085
2590,bird,bird,0.70375776
2591,bird,bird,0.9998851
2592,bird,bird,0.9995252
2593,bird,bird,0.9999101
2594,bird,bird,0.9998173
2595,bird,bird,0.99991226
2596,bird,bird,0.9999299
2597,bird,bird,0.99972004
2598,bird,bird,0.9998832
2599,bird,bird,0.99973506
2600,bird,bird,0.99991274
2601,bird,bird,0.99893767
2602,bird,bird,0.9998697
2603,bird,bird,0.99991405
2604,bird,bird,0.9999156
2605,bird,bird,0.9999285
2606,bird,bird,0.99990046
2607,bird,bird,0.9998987
2608,bird,bird,0.9998572
2609,bird,bird,0.9999169
2610,bird,bird,0.99992406
2611,bird,bird,0.999863
2612,bird,bird,0.9999132
2613,bird,bird,0.9999403
2614,bird,bird,0.99989486
2615,bird,bird,0.99992156
2616,bird,bird,0.9999193
2617,bird,bird,0.99994767
2618,bird,bird,0.9998018
2619,bird,bird,0.9999254
2620,bird,bird,0.9999064
2621,bird,bird,0.99991226
2622,bird,bird,0.99992394
2623,bird,bird,0.9999305
2624,bird,bird,0.99991906
2625,bird,bird,0.9999212
2626,bird,bird,0.9998908
2627,bird,bird,0.9998466
2628,bird,bird,0.9999206
2629,bird,bird,0.9998901
2630,bird,bird,0.9999057
2631,bird,bird,0.9999323
2632,bird,bird,0.99993813
2633,bird,bird,0.9999411
2634,bird,bird,0.99994195
2635,bird,bird,0.9998622
2636,bird,bird,0.9999019
2637,bird,bird,0.9998722
2638,bird,bird,0.99991536
2639,bird,bird,0.99986696
2640,bird,bird,0.99993443
2641,bird,bird,0.99994254
2642,bird,bird,0.9999206
2643,bird,bird,0.9998996
2644,bird,bird,0.99987864
2645,bird,bird,0.99990726
2646,bird,bird,0.9998903
2647,bird,bird,0.99985635
2648,bird,bird,0.99967957
2649,bird,bird,0.9999237
2650,bird,bird,0.9999101
2651,bird,bird,0.9998722
2652,bird,bird,0.9998186
2653,bird,bird,0.9999176
2654,bird,bird,0.99983597
2655,bird,bird,0.99993896
2656,bird,bird,0.9998098
2657,bird,bird,0.9999306
2658,bird,bird,0.9999062
2659,bird,bird,0.9999479
2660,bird,bird,0.9997856
2661,bird,bird,0.9999169
2662,bird,bird,0.99992085
2663,bird,bird,0.99992573
2664,bird,bird,0.99993527
2665,bird,bird,0.9998971
2666,bird,bird,0.99990284
2667,bird,bird,0.99991155
2668,bird,bird,0.99986565
2669,bird,bird,0.9986767
2670,bird,bird,0.99992824
2671,bird,bird,0.99992883
2672,bird,bird,0.99989784
2673,bird,bird,0.9998884
2674,bird,bird,0.9998982
2675,bird,bird,0.99992514
2676,bird,bird,0.99985576
2677,bird,bird,0.9999082
2678,bird,bird,0.99992704
2679,bird,bird,0.99991643
2680,bird,bird,0.99991405
2681,bird,bird,0.9998934
2682,bird,bird,0.9999106
2683,bird,bird,0.9999194
2684,bird,bird,0.99968946
2685,bird,bird,0.9997886
2686,bird,bird,0.9991665
2687,bird,bird,0.999913
2688,bird,bird,0.9999207
2689,bird,bird,0.99991393
2690,bird,bird,0.999882
2691,bird,bird,0.9998258
2692,bird,bird,0.99953306
2693,bird,bird,0.99989545
2694,bird,bird,0.9998485
2695,bird,bird,0.999925
2696,bird,bird,0.99994135
2697,bird,bird,0.99987245
2698,bird,bird,0.9999335
2699,bird,bird,0.9995202
2700,bird,bird,0.99991643
2701,bird,ship,0.9613096
2702,bird,bird,0.9999019
2703,bird,bird,0.99986553
2704,bird,bird,0.9999155
2705,bird,bird,0.999892
2706,bird,bird,0.9999169
2707,bird,bird,0.9998957
2708,bird,bird,0.9998758
2709,bird,bird,0.99986875
2710,bird,bird,0.7375266
2711,bird,bird,0.99982125
2712,bird,deer,0.37057427
2713,bird,bird,0.9999219
2714,bird,bird,0.9995788
2715,bird,bird,0.9998976
2716,bird,bird,0.99947435
2717,bird,bird,0.99988794
2718,bird,bird,0.99973005
2719,bird,bird,0.99991584
2720,bird,bird,0.9997024
2721,bird,bird,0.9998821
2722,bird,bird,0.99991024
2723,bird,bird,0.99991775
2724,bird,bird,0.99990153
2725,bird,bird,0.9999002
2726,bird,bird,0.9998977
2727,bird,bird,0.99969184
2728,bird,bird,0.9999181
2729,bird,bird,0.999899
2730,bird,bird,0.9998927
2731,bird,bird,0.9999292
2732,bird,bird,0.999866
2733,bird,bird,0.9996939
2734,bird,bird,0.9999219
2735,bird,bird,0.99991024
2736,bird,bird,0.999918
2737,bird,bird,0.99992156
2738,bird,bird,0.999899
2739,bird,bird,0.9998312
2740,bird,bird,0.9998634
2741,bird,bird,0.9749817
2742,bird,bird,0.9999063
2743,bird,bird,0.9999082
2744,bird,bird,0.99991083
2745,bird,bird,0.9998969
2746,bird,bird,0.99990237
2747,bird,bird,0.99984765
2748,bird,bird,0.9999136
2749,bird,bird,0.9999435
2750,bird,bird,0.99991083
2751,bird,bird,0.9998883
2752,bird,bird,0.9998523
2753,bird,bird,0.9997906
2754,bird,bird,0.9999316
2755,bird,bird,0.99987364
2756,bird,bird,0.9993543
2757,bird,bird,0.9999305
2758,bird,bird,0.99942243
2759,bird,bird,0.9968616
2760,bird,bird,0.9999242
2761,bird,bird,0.9998406
2762,bird,deer,0.99922156
2763,bird,bird,0.9998093
2764,bird,bird,0.9998715
2765,bird,airplane,0.99849534
2766,bird,bird,0.9998982
2767,bird,bird,0.9998896
2768,bird,bird,0.99989843
2769,bird,bird,0.99976844
2770,bird,dog,0.97205395
2771,bird,bird,0.9998956
2772,bird,bird,0.9999167
2773,bird,bird,0.9999031
2774,bird,bird,0.9998629
2775,bird,bird,0.9999051
2776,bird,bird,0.9998248
2777,bird,bird,0.99990344
2778,bird,bird,0.9998698
2779,bird,bird,0.9999223
2780,bird,bird,0.9999125
2781,bird,bird,0.9999305
2782,bird,bird,0.9998492
2783,bird,cat,0.9994748
2784,bird,bird,0.9998517
2785,bird,bird,0.99993384
2786,bird,bird,0.99926406
2787,bird,bird,0.9994499
2788,bird,bird,0.9999167
2789,bird,bird,0.99985814
2790,bird,bird,0.9998981
2791,bird,bird,0.9998839
2792,bird,bird,0.9998772
2793,bird,bird,0.9999286
2794,bird,bird,0.99976057
2795,bird,bird,0.99984264
2796,bird,bird,0.99992883
2797,bird,bird,0.99987566
2798,bird,bird,0.9998648
2799,bird,bird,0.9998896
2800,bird,bird,0.99797183
2801,bird,bird,0.99990976
2802,bird,bird,0.99986506
2803,bird,bird,0.99992824
2804,bird,bird,0.9998661
2805,bird,bird,0.9999144
2806,bird,bird,0.9986665
2807,bird,bird,0.99990666
2808,bird,bird,0.99989843
2809,bird,bird,0.9999368
2810,bird,bird,0.9999161
2811,bird,bird,0.9998431
2812,bird,bird,0.9998715
2813,bird,bird,0.9998472
2814,bird,cat,0.69868565
2815,bird,dog,0.68438476
2816,bird,bird,0.99990296
2817,bird,bird,0.9998888
2818,bird,bird,0.9999031
2819,bird,bird,0.99992514
2820,bird,bird,0.9998758
2821,bird,bird,0.99986696
2822,bird,bird,0.99991465
2823,bird,bird,0.9999361
2824,bird,bird,0.9999249
2825,bird,bird,0.9950146
2826,bird,bird,0.99971205
2827,bird,bird,0.9999119
2828,bird,bird,0.9999225
2829,bird,bird,0.99991846
2830,bird,bird,0.999931
2831,bird,bird,0.9999157
2832,bird,bird,0.99991333
2833,bird,bird,0.9998785
2834,bird,bird,0.9982187
2835,bird,bird,0.999864
2836,bird,bird,0.9990343
2837,bird,bird,0.9998247
2838,bird,bird,0.9999224
2839,bird,cat,0.9665512
2840,bird,bird,0.9999279
2841,bird,bird,0.99992347
2842,bird,bird,0.99993813
2843,bird,bird,0.99986017
2844,bird,bird,0.9888237
2845,bird,bird,0.9998785
2846,bird,bird,0.9998412
2847,bird,bird,0.9832929
2848,bird,bird,0.9997981
2849,bird,bird,0.9999095
2850,bird,bird,0.99974936
2851,bird,bird,0.9984169
2852,bird,bird,0.99987805
2853,bird,bird,0.99992156
2854,bird,bird,0.9998692
2855,bird,bird,0.9999031
2856,bird,bird,0.99976486
2857,bird,airplane,0.77420473
2858,bird,bird,0.9998876
2859,bird,bird,0.9998636
2860,bird,bird,0.9998659
2861,bird,bird,0.99991834
2862,bird,bird,0.9999223
2863,bird,bird,0.9999275
2864,bird,bird,0.99993014
2865,bird,bird,0.9999292
2866,bird,bird,0.99983644
2867,bird,bird,0.99981636
2868,bird,bird,0.9999318
2869,bird,bird,0.9999093
2870,bird,bird,0.9997913
2871,bird,bird,0.9999231
2872,bird,bird,0.9998902
2873,bird,bird,0.9998621
2874,bird,bird,0.99989986
2875,bird,bird,0.9999126
2876,bird,bird,0.9999256
2877,bird,bird,0.9999168
2878,bird,bird,0.99986756
2879,bird,bird,0.9998685
2880,bird,bird,0.99965537
2881,bird,bird,0.9999255
2882,bird,bird,0.99990225
2883,bird,bird,0.9102401
2884,bird,bird,0.99961334
2885,bird,bird,0.9999052
2886,bird,bird,0.99993074
2887,bird,bird,0.99989986
2888,bird,bird,0.9999286
2889,bird,bird,0.9999082
2890,bird,bird,0.99993765
2891,bird,bird,0.99985063
2892,bird,bird,0.99991715
2893,bird,bird,0.99989974
2894,bird,bird,0.9998356
2895,bird,bird,0.999895
2896,bird,bird,0.9999201
2897,bird,bird,0.9996259
2898,bird,bird,0.99984396
2899,bird,bird,0.99989533
2900,bird,bird,0.99985814
2901,bird,bird,0.99984896
2902,bird,bird,0.9999131
2903,bird,bird,0.99993443
2904,bird,bird,0.999905
2905,bird,bird,0.9307584
2906,bird,bird,0.99989724
2907,bird,bird,0.77580065
2908,bird,bird,0.9992322
2909,bird,bird,0.9999013
2910,bird,bird,0.99991035
2911,bird,bird,0.99989927
2912,bird,bird,0.9999144
2913,bird,bird,0.9999279
2914,bird,bird,0.9999037
2915,bird,bird,0.99994016
2916,bird,bird,0.9998933
2917,bird,bird,0.9999372
2918,bird,bird,0.9999069
2919,bird,bird,0.9999002
2920,bird,bird,0.99984944
2921,bird,bird,0.9999125
2922,bird,bird,0.9999275
2923,bird,bird,0.9999186
2924,bird,bird,0.99990547
2925,bird,bird,0.99991524
2926,bird,bird,0.9996705
2927,bird,bird,0.9997346
2928,bird,bird,0.9999291
2929,bird,bird,0.9998708
2930,bird,bird,0.99989367
2931,bird,bird,0.9999151
2932,bird,bird,0.99990976
2933,bird,bird,0.99988973
2934,bird,bird,0.9997781
2935,bird,bird,0.99994195
2936,bird,bird,0.9999031
2937,bird,bird,0.99669856
2938,bird,bird,0.9999263
2939,bird,bird,0.9998387
2940,bird,bird,0.99979275
2941,bird,bird,0.9999206
2942,bird,bird,0.99993515
2943,bird,bird,0.9998938
2944,bird,bird,0.99984133
2945,bird,bird,0.9999069
2946,bird,bird,0.99991906
2947,bird,bird,0.99987197
2948,bird,bird,0.99991846
2949,bird,bird,0.99993527
2950,bird,bird,0.9998965
2951,bird,bird,0.9995832
2952,bird,bird,0.9998971
2953,bird,bird,0.99990404
2954,bird,bird,0.9999243
2955,bird,bird,0.9998373
2956,bird,bird,0.9985201
2957,bird,bird,0.99993694
2958,bird,bird,0.99856865
2959,bird,bird,0.9998845
2960,bird,bird,0.9997929
2961,bird,bird,0.9999232
2962,bird,bird,0.9999256
2963,bird,bird,0.9998969
2964,bird,bird,0.99989283
2965,bird,bird,0.99985373
2966,bird,bird,0.9998615
2967,bird,bird,0.99984896
2968,bird,cat,0.8151368
2969,bird,bird,0.99981886
2970,bird,bird,0.99985266
2971,bird,bird,0.9996569
2972,bird,bird,0.9998745
2973,bird,bird,0.99992
2974,bird,bird,0.99993026
2975,bird,bird,0.99905807
2976,bird,bird,0.99987125
2977,bird,bird,0.99986494
2978,bird,bird,0.9999294
2979,bird,bird,0.9994593
2980,bird,bird,0.9996649
2981,bird,bird,0.99959713
2982,bird,bird,0.9999083
2983,bird,bird,0.99947494
2984,bird,bird,0.99993706
2985,bird,bird,0.99991417
2986,bird,bird,0.9999192
2987,bird,bird,0.999931
2988,bird,bird,0.9999138
2989,bird,bird,0.99972504
2990,bird,bird,0.99989796
2991,bird,bird,0.9998828
2992,bird,bird,0.9999465
2993,bird,bird,0.99888617
2994,bird,bird,0.9998049
2995,bird,bird,0.9998971
2996,bird,bird,0.999833
2997,bird,bird,0.99991393
2998,bird,bird,0.9998574
2999,bird,bird,0.9772928
3000,cat,cat,0.9998344
3001,cat,cat,0.9998611
3002,cat,cat,0.9957551
3003,cat,cat,0.99975854
3004,cat,dog,0.78550225
3005,cat,cat,0.9997528
3006,cat,cat,0.99918956
3007,cat,cat,0.9998354
3008,cat,cat,0.9993174
3009,cat,cat,0.9998323
3010,cat,cat,0.9998568
3011,cat,cat,0.9998455
3012,cat,cat,0.9998547
3013,cat,cat,0.99961793
3014,cat,cat,0.9991603
3015,cat,cat,0.99976057
3016,cat,cat,0.9998424
3017,cat,cat,0.9996861
3018,cat,cat,0.999866
3019,cat,cat,0.999846
3020,cat,cat,0.99979466
3021,cat,cat,0.99984074
3022,cat,cat,0.9998254
3023,cat,cat,0.9998294
3024,cat,cat,0.99659735
3025,cat,cat,0.9995728
3026,cat,cat,0.9997485
3027,cat,cat,0.9997836
3028,cat,cat,0.9997142
3029,cat,cat,0.9998029
3030,cat,cat,0.9998766
3031,cat,cat,0.9997422
3032,cat,cat,0.9998048
3033,cat,cat,0.9998254
3034,cat,cat,0.99937373
3035,cat,cat,0.9995485
3036,cat,cat,0.9998276
3037,cat,cat,0.99978346
3038,cat,cat,0.999443
3039,cat,cat,0.999595
3040,cat,dog,0.9210366
3041,cat,cat,0.9993587
3042,cat,cat,0.9997899
3043,cat,cat,0.9997234
3044,cat,cat,0.9998191
3045,cat,deer,0.99518895
3046,cat,cat,0.999871
3047,cat,cat,0.9998331
3048,cat,cat,0.8502064
3049,cat,cat,0.99978846
3050,cat,cat,0.99983454
3051,cat,cat,0.9996049
3052,cat,cat,0.99982446
3053,cat,cat,0.99983513
3054,cat,cat,0.9997677
3055,cat,cat,0.9998357
3056,cat,cat,0.99981683
3057,cat,cat,0.9998486
3058,cat,cat,0.99980634
3059,cat,cat,0.9876017
3060,cat,cat,0.9996933
3061,cat,cat,0.9998399
3062,cat,cat,0.9998429
3063,cat,cat,0.99963284
3064,cat,cat,0.99982256
3065,cat,cat,0.9998654
3066,cat,cat,0.99981195
3067,cat,cat,0.999811
3068,cat,cat,0.9995962
3069,cat,cat,0.99984026
3070,cat,dog,0.99102074
3071,cat,cat,0.9998591
3072,cat,cat,0.9989511
3073,cat,cat,0.99979943
3074,cat,cat,0.9983133
3075,cat,cat,0.9998449
3076,cat,cat,0.9997429
3077,cat,cat,0.99900204
3078,cat,cat,0.99881566
3079,cat,cat,0.9997749
3080,cat,cat,0.9997948
3081,cat,cat,0.99974877
3082,cat,cat,0.9998543
3083,cat,cat,0.9994067
3084,cat,cat,0.999619
3085,cat,cat,0.99973756
3086,cat,cat,0.9997129
3087,cat,cat,0.999798
3088,cat,cat,0.99983144
3089,cat,cat,0.99925154
3090,cat,cat,0.99920183
3091,cat,cat,0.9998323
3092,cat,cat,0.999734
3093,cat,cat,0.999833
3094,cat,cat,0.99956053
3095,cat,cat,0.9996126
3096,cat,cat,0.99981505
3097,cat,cat,0.9996935
3098,cat,cat,0.9998679
3099,cat,cat,0.9998229
3100,cat,cat,0.99984324
3101,cat,cat,0.9997758
3102,cat,cat,0.9998274
3103,cat,cat,0.9998784
3104,cat,cat,0.99934655
3105,cat,cat,0.99981123
3106,cat,cat,0.9998109
3107,cat,cat,0.999658
3108,cat,cat,0.9996075
3109,cat,cat,0.99981993
3110,cat,cat,0.99969745
3111,cat,cat,0.99982053
3112,cat,cat,0.99980456
3113,cat,cat,0.9997596
3114,cat,cat,0.999592
3115,cat,cat,0.9998116
3116,cat,cat,0.9998272
3117,cat,cat,0.99981755
3118,cat,cat,0.9966781
3119,cat,cat,0.99972326
3120,cat,cat,0.9996012
3121,cat,dog,0.9932754
3122,cat,cat,0.99978405
3123,cat,cat,0.9997985
3124,cat,cat,0.99729854
3125,cat,cat,0.8851778
3126,cat,cat,0.99965274
3127,cat,cat,0.999828
3128,cat,cat,0.9998198
3129,cat,dog,0.99637294
3130,cat,cat,0.9981194
3131,cat,cat,0.9998604
3132,cat,cat,0.99977654
3133,cat,cat,0.9998448
3134,cat,cat,0.9998356
3135,cat,cat,0.99960405
3136,cat,cat,0.99979573
3137,cat,cat,0.99976784
3138,cat,cat,0.99133366
3139,cat,cat,0.93382823
3140,cat,cat,0.9970047
3141,cat,cat,0.9998274
3142,cat,cat,0.99985135
3143,cat,cat,0.99909437
3144,cat,cat,0.9998228
3145,cat,cat,0.9997067
3146,cat,cat,0.9996873
3147,cat,cat,0.99984574
3148,cat,cat,0.999801
3149,cat,cat,0.9991216
3150,cat,cat,0.99916995
3151,cat,cat,0.9998516
3152,cat,cat,0.9998623
3153,cat,cat,0.99968195
3154,cat,cat,0.9998074
3155,cat,cat,0.99568367
3156,cat,cat,0.99954754
3157,cat,cat,0.99979275
3158,cat,cat,0.9998124
3159,cat,cat,0.999795
3160,cat,cat,0.9998368
3161,cat,cat,0.9997975
3162,cat,cat,0.999485
3163,cat,cat,0.99976677
3164,cat,cat,0.99919087
3165,cat,cat,0.9998758
3166,cat,cat,0.9998325
3167,cat,cat,0.99979144
3168,cat,cat,0.9998186
3169,cat,cat,0.9996418
3170,cat,cat,0.99983084
3171,cat,cat,0.99980646
3172,cat,cat,0.99986804
3173,cat,cat,0.99984217
3174,cat,cat,0.9985209
3175,cat,cat,0.99967766
3176,cat,cat,0.9996815
3177,cat,cat,0.9992329
3178,cat,cat,0.99969447
3179,cat,cat,0.9993754
3180,cat,dog,0.7121631
3181,cat,cat,0.9998381
3182,cat,cat,0.9998574
3183,cat,cat,0.9997856
3184,cat,cat,0.99984455
3185,cat,cat,0.99933064
3186,cat,cat,0.9997534
3187,cat,cat,0.99987376
3188,cat,cat,0.9997583
3189,cat,cat,0.9997867
3190,cat,cat,0.99980515
3191,cat,cat,0.99980074
3192,cat,cat,0.99986696
3193,cat,cat,0.9954307
3194,cat,cat,0.99979943
3195,cat,cat,0.9998344
3196,cat,cat,0.99979144
3197,cat,cat,0.9893472
3198,cat,cat,0.9994561
3199,cat,cat,0.9998342
3200,cat,cat,0.99966896
3201,cat,cat,0.99968934
3202,cat,cat,0.99977964
3203,cat,cat,0.82424825
3204,cat,cat,0.99981195
3205,cat,cat,0.9995943
3206,cat,cat,0.9998758
3207,cat,cat,0.9998498
3208,cat,cat,0.9997341
3209,cat,cat,0.9997956
3210,cat,cat,0.9998636
3211,cat,cat,0.99984324
3212,cat,cat,0.99985456
3213,cat,cat,0.9997212
3214,cat,cat,0.99873763
3215,cat,cat,0.999821
3216,cat,cat,0.99126816
3217,cat,cat,0.9997148
3218,cat,cat,0.99984026
3219,cat,cat,0.9993723
3220,cat,cat,0.9989838
3221,cat,cat,0.9997979
3222,cat,cat,0.99986494
3223,cat,cat,0.9998254
3224,cat,cat,0.9998349
3225,cat,cat,0.99984753
3226,cat,cat,0.9998053
3227,cat,cat,0.9998104
3228,cat,cat,0.9998312
3229,cat,bird,0.5101113
3230,cat,cat,0.999866
3231,cat,cat,0.9995347
3232,cat,cat,0.9990934
3233,cat,cat,0.7906289
3234,cat,cat,0.999843
3235,cat,frog,0.9999298
3236,cat,cat,0.9998361
3237,cat,cat,0.9997353
3238,cat,cat,0.99984336
3239,cat,cat,0.99975055
3240,cat,cat,0.99983704
3241,cat,cat,0.9998461
3242,cat,cat,0.99944884
3243,cat,cat,0.9994548
3244,cat,cat,0.99971074
3245,cat,cat,0.9998016
3246,cat,cat,0.9995121
3247,cat,cat,0.99986315
3248,cat,cat,0.9995881
3249,cat,cat,0.9981275
3250,cat,cat,0.9997663
3251,cat,cat,0.99964297
3252,cat,cat,0.9998227
3253,cat,cat,0.91865087
3254,cat,cat,0.99983025
3255,cat,cat,0.9972978
3256,cat,cat,0.99982303
3257,cat,cat,0.9997267
3258,cat,cat,0.9998078
3259,cat,cat,0.9962847
3260,cat,cat,0.99982446
3261,cat,cat,0.9998252
3262,cat,cat,0.9998541
3263,cat,cat,0.99981827
3264,cat,cat,0.9998535
3265,cat,cat,0.9998122
3266,cat,cat,0.9998449
3267,cat,cat,0.99982244
3268,cat,cat,0.9997441
3269,cat,cat,0.9998759
3270,cat,cat,0.9997284
3271,cat,dog,0.8263474
3272,cat,dog,0.9998672
3273,cat,cat,0.9995647
3274,cat,cat,0.99961543
3275,cat,cat,0.99974054
3276,cat,cat,0.99979395
3277,cat,cat,0.9992719
3278,cat,cat,0.9934813
3279,cat,cat,0.99975926
3280,cat,cat,0.9988734
3281,cat,cat,0.9975623
3282,cat,cat,0.9998097
3283,cat,cat,0.9998523
3284,cat,cat,0.9998363
3285,cat,cat,0.9996978
3286,cat,cat,0.99982256
3287,cat,dog,0.9853301
3288,cat,cat,0.9997631
3289,cat,cat,0.99957424
3290,cat,cat,0.99958676
3291,cat,cat,0.9996413
3292,cat,cat,0.9998492
3293,cat,cat,0.99981815
3294,cat,cat,0.9998324
3295,cat,cat,0.99852604
3296,cat,cat,0.99838805
3297,cat,cat,0.99974936
3298,cat,cat,0.99982685
3299,cat,cat,0.99973565
3300,cat,cat,0.9795752
3301,cat,cat,0.99938214
3302,cat,cat,0.99978656
3303,cat,cat,0.99983203
3304,cat,cat,0.99978167
3305,cat,cat,0.99773043
3306,cat,cat,0.898055
3307,cat,cat,0.999848
3308,cat,cat,0.99982685
3309,cat,cat,0.9996747
3310,cat,cat,0.9997992
3311,cat,cat,0.9998642
3312,cat,cat,0.9991425
3313,cat,cat,0.9998043
3314,cat,cat,0.99973243
3315,cat,cat,0.99980575
3316,cat,cat,0.9997564
3317,cat,cat,0.99985063
3318,cat,cat,0.999764
3319,cat,cat,0.99983335
3320,cat,cat,0.9998443
3321,cat,cat,0.99984825
3322,cat,cat,0.99980515
3323,cat,cat,0.99984396
3324,cat,cat,0.99969363
3325,cat,cat,0.99984145
3326,cat,cat,0.99984133
3327,cat,cat,0.99982893
3328,cat,cat,0.99975353
3329,cat,cat,0.99978846
3330,cat,cat,0.99866176
3331,cat,cat,0.99984133
3332,cat,cat,0.99951446
3333,cat,cat,0.9997321
3334,cat,cat,0.99984217
3335,cat,cat,0.99897695
3336,cat,cat,0.9997795
3337,cat,cat,0.9998079
3338,cat,cat,0.9998449
3339,cat,cat,0.91468894
3340,cat,cat,0.99975103
3341,cat,cat,0.9997154
3342,cat,cat,0.9998253
3343,cat,cat,0.9998186
3344,cat,cat,0.99969816
3345,cat,cat,0.9998311
3346,cat,cat,0.99981254
3347,cat,cat,0.99957377
3348,cat,cat,0.9997285
3349,cat,cat,0.9998217
3350,cat,cat,0.9997886
3351,cat,cat,0.9986552
3352,cat,cat,0.99970526
3353,cat,cat,0.9998752
3354,cat,cat,0.99181795
3355,cat,cat,0.99962425
3356,cat,cat,0.9998332
3357,cat,cat,0.99979776
3358,cat,cat,0.9998253
3359,cat,cat,0.9998498
3360,cat,cat,0.8469143
3361,cat,cat,0.99981195
3362,cat,cat,0.9898525
3363,cat,cat,0.99984956
3364,cat,cat,0.99965906
3365,cat,cat,0.99980336
3366,cat,cat,0.9998635
3367,cat,cat,0.6597012
3368,cat,cat,0.9998642
3369,cat,cat,0.99976677
3370,cat,cat,0.9996637
3371,cat,cat,0.9997712
3372,cat,cat,0.99442637
3373,cat,cat,0.99973065
3374,cat,cat,0.99981624
3375,cat,cat,0.9996464
3376,cat,horse,0.8457959
3377,cat,cat,0.9998567
3378,cat,cat,0.9997781
3379,cat,cat,0.9916643
3380,cat,cat,0.9998411
3381,cat,cat,0.9998079
3382,cat,cat,0.999796
3383,cat,cat,0.9818403
3384,cat,cat,0.99964094
3385,cat,cat,0.99983704
3386,cat,cat,0.9997924
3387,cat,cat,0.98899746
3388,cat,cat,0.9965497
3389,cat,cat,0.9992841
3390,cat,cat,0.9995234
3391,cat,cat,0.99982303
3392,cat,cat,0.99980336
3393,cat,cat,0.9987638
3394,cat,cat,0.9997241
3395,cat,cat,0.99982446
3396,cat,cat,0.9996624
3397,cat,cat,0.99957865
3398,cat,cat,0.99963856
3399,cat,cat,0.99978966
3400,cat,cat,0.9998221
3401,cat,cat,0.99986565
3402,cat,cat,0.9998293
3403,cat,cat,0.9998679
3404,cat,cat,0.9998386
3405,cat,cat,0.999757
3406,cat,cat,0.99977535
3407,cat,cat,0.9997025
3408,cat,cat,0.9998079
3409,cat,cat,0.9974968
3410,cat,cat,0.99907434
3411,cat,cat,0.99984086
3412,cat,cat,0.99978286
3413,cat,cat,0.99971217
3414,cat,cat,0.9996867
3415,cat,cat,0.9864966
3416,cat,cat,0.99723357
3417,cat,cat,0.99985385
3418,cat,cat,0.9998356
3419,cat,cat,0.99958795
3420,cat,cat,0.9997665
3421,cat,cat,0.99724364
3422,cat,cat,0.9997875
3423,cat,cat,0.99973196
3424,cat,cat,0.999385
3425,cat,cat,0.99980396
3426,cat,cat,0.99977225
3427,cat,cat,0.9996426
3428,cat,cat,0.9997085
3429,cat,cat,0.99824774
3430,cat,cat,0.999778
3431,cat,cat,0.9998424
3432,cat,cat,0.99986637
3433,cat,dog,0.9533965
3434,cat,cat,0.9998307
3435,cat,cat,0.9839114
3436,cat,cat,0.99978155
3437,cat,cat,0.9997876
3438,cat,cat,0.9997211
3439,cat,cat,0.9943625
3440,cat,cat,0.99903774
3441,cat,cat,0.999845
3442,cat,cat,0.99976295
3443,cat,deer,0.98978174
3444,cat,cat,0.9993081
3445,cat,cat,0.9998411
3446,cat,cat,0.99967396
3447,cat,cat,0.99967885
3448,cat,cat,0.99976605
3449,cat,cat,0.9997693
3450,cat,cat,0.99924695
3451,cat,cat,0.9998018
3452,cat,cat,0.99875414
3453,cat,cat,0.9998074
3454,cat,cat,0.9998204
3455,cat,cat,0.99979717
3456,cat,cat,0.9996723
3457,cat,cat,0.9997874
3458,cat,cat,0.9998192
3459,cat,cat,0.9998312
3460,cat,cat,0.99614125
3461,cat,cat,0.994504
3462,cat,cat,0.9963075
3463,cat,cat,0.9998288
3464,cat,cat,0.99972004
3465,cat,cat,0.9656501
3466,cat,cat,0.9992156
3467,cat,cat,0.9988005
3468,cat,cat,0.99982834
3469,cat,cat,0.98240983
3470,cat,cat,0.9998178
3471,cat,cat,0.99980885
3472,cat,cat,0.99963677
3473,cat,cat,0.999456
3474,cat,cat,0.9997832
3475,cat,cat,0.9997626
3476,cat,cat,0.99983776
3477,cat,cat,0.8590425
3478,cat,cat,0.9996971
3479,cat,cat,0.99971086
3480,cat,cat,0.9992411
3481,cat,cat,0.99983275
3482,cat,cat,0.9998386
3483,cat,cat,0.99984896
3484,cat,cat,0.9998361
3485,cat,cat,0.999871
3486,cat,cat,0.9997861
3487,cat,cat,0.9998017
3488,cat,cat,0.999723
3489,cat,cat,0.9988381
3490,cat,cat,0.99982363
3491,cat,deer,0.999481
3492,cat,cat,0.9998512
3493,cat,cat,0.9998281
3494,cat,cat,0.99984264
3495,cat,cat,0.9970245
3496,cat,cat,0.9998087
3497,cat,cat,0.9996586
3498,cat,cat,0.9997756
3499,cat,cat,0.9998092
3500,cat,cat,0.9998092
3501,cat,cat,0.9996717
3502,cat,cat,0.99983215
3503,cat,cat,0.99937326
3504,cat,cat,0.9997296
3505,cat,cat,0.9998524
3506,cat,cat,0.99983215
3507,cat,cat,0.9998124
3508,cat,cat,0.9993599
3509,cat,cat,0.9972778
3510,cat,cat,0.99985886
3511,cat,cat,0.9996792
3512,cat,cat,0.9995053
3513,cat,cat,0.9935289
3514,cat,cat,0.9997937
3515,cat,cat,0.9996823
3516,cat,cat,0.9998338
3517,cat,cat,0.99943036
3518,cat,cat,0.9991635
3519,cat,cat,0.99891686
3520,cat,cat,0.9998357
3521,cat,cat,0.9974261
3522,cat,cat,0.9998259
3523,cat,cat,0.9997818
3524,cat,cat,0.9998367
3525,cat,dog,0.89969206
3526,cat,cat,0.9998596
3527,cat,cat,0.99978465
3528,cat,cat,0.9998727
3529,cat,cat,0.99979514
3530,cat,cat,0.9980907
3531,cat,cat,0.9998443
3532,cat,cat,0.99983716
3533,cat,cat,0.9997471
3534,cat,cat,0.999843
3535,cat,cat,0.9998091
3536,cat,cat,0.9990219
3537,cat,cat,0.99385977
3538,cat,cat,0.9997143
3539,cat,cat,0.99983585
3540,cat,cat,0.8726096
3541,cat,frog,0.5001812
3542,cat,cat,0.99987566
3543,cat,cat,0.9998178
3544,cat,cat,0.9997067
3545,cat,cat,0.99972314
3546,cat,cat,0.99977654
3547,cat,cat,0.99956673
3548,cat,frog,0.99956375
3549,cat,cat,0.99980694
3550,cat,cat,0.99974424
3551,cat,cat,0.99960786
3552,cat,cat,0.99936134
3553,cat,cat,0.9997694
3554,cat,cat,0.9998267
3555,cat,cat,0.9996731
3556,cat,cat,0.9997602
3557,cat,cat,0.9998016
3558,cat,cat,0.999828
3559,cat,cat,0.999663
3560,cat,cat,0.99964786
3561,cat,cat,0.9998029
3562,cat,cat,0.99942255
3563,cat,cat,0.9998282
3564,cat,cat,0.9997546
3565,cat,cat,0.999806
3566,cat,cat,0.9939652
3567,cat,cat,0.9997359
3568,cat,cat,0.9998122
3569,cat,cat,0.9998342
3570,cat,cat,0.9998006
3571,cat,cat,0.9996013
3572,cat,cat,0.9998149
3573,cat,cat,0.99971646
3574,cat,cat,0.9995468
3575,cat,cat,0.99984264
3576,cat,cat,0.9997898
3577,cat,cat,0.9996792
3578,cat,cat,0.9997192
3579,cat,cat,0.99984753
3580,cat,cat,0.9998406
3581,cat,cat,0.999788
3582,cat,cat,0.9998005
3583,cat,cat,0.9998424
3584,cat,cat,0.99842924
3585,cat,cat,0.99985087
3586,cat,cat,0.9996269
3587,cat,cat,0.99956757
3588,cat,cat,0.9998354
3589,cat,cat,0.99963
3590,cat,cat,0.99972254
3591,cat,cat,0.9658287
3592,cat,cat,0.99857414
3593,cat,bird,0.53945726
3594,cat,cat,0.9997819
3595,cat,cat,0.9997348
3596,cat,cat,0.99981683
3597,cat,cat,0.9996338
3598,cat,cat,0.9986344
3599,cat,cat,0.99960655
3600,cat,cat,0.9873302
3601,cat,cat,0.9997148
3602,cat,cat,0.9998683
3603,cat,dog,0.9910891
3604,cat,cat,0.99971277
3605,cat,cat,0.99984217
3606,cat,cat,0.99973184
3607,cat,cat,0.9997768
3608,cat,cat,0.9996902
3609,cat,cat,0.9997744
3610,cat,cat,0.99979204
3611,cat,cat,0.999635
3612,cat,cat,0.99435484
3613,cat,cat,0.9997714
3614,cat,cat,0.99983466
3615,cat,cat,0.999739
3616,cat,cat,0.9996263
3617,cat,cat,0.9997658
3618,cat,cat,0.99982077
3619,cat,cat,0.99970394
3620,cat,cat,0.99959356
3621,cat,cat,0.9997578
3622,cat,cat,0.99983275
3623,cat,cat,0.9997913
3624,cat,cat,0.99977297
3625,cat,dog,0.81882787
3626,cat,cat,0.999833
3627,cat,cat,0.9998394
3628,cat,cat,0.99979657
3629,cat,cat,0.99966764
3630,cat,cat,0.999275
3631,cat,cat,0.99986076
3632,cat,cat,0.9998122
3633,cat,cat,0.99981016
3634,cat,cat,0.99985206
3635,cat,cat,0.99985015
3636,cat,cat,0.9998022
3637,cat,cat,0.999808
3638,cat,cat,0.996843
3639,cat,cat,0.99946994
3640,cat,cat,0.99956805
3641,cat,cat,0.9992785
3642,cat,cat,0.9995987
3643,cat,cat,0.86929804
3644,cat,cat,0.99976236
3645,cat,cat,0.9997279
3646,cat,cat,0.99977475
3647,cat,cat,0.99956423
3648,cat,cat,0.99983966
3649,cat,cat,0.99980134
3650,cat,cat,0.9998474
3651,cat,cat,0.99981934
3652,cat,cat,0.99981517
3653,cat,cat,0.9998248
3654,cat,cat,0.99978584
3655,cat,cat,0.9997471
3656,cat,cat,0.9998709
3657,cat,cat,0.9998098
3658,cat,cat,0.9998429
3659,cat,cat,0.9998455
3660,cat,cat,0.9996731
3661,cat,cat,0.9983165
3662,cat,cat,0.99981004
3663,cat,cat,0.9997986
3664,cat,cat,0.9998543
3665,cat,cat,0.99976903
3666,cat,cat,0.99948525
3667,cat,cat,0.9998666
3668,cat,cat,0.9998209
3669,cat,cat,0.99985933
3670,cat,cat,0.9997688
3671,cat,cat,0.999747
3672,cat,cat,0.99983907
3673,cat,horse,0.9902962
3674,cat,cat,0.99976605
3675,cat,cat,0.99979407
3676,cat,cat,0.99982315
3677,cat,cat,0.62475914
3678,cat,cat,0.9996773
3679,cat,cat,0.9061243
3680,cat,cat,0.99965787
3681,cat,cat,0.9998011
3682,cat,cat,0.99982566
3683,cat,cat,0.9998392
3684,cat,automobile,0.99891627
3685,cat,cat,0.9996604
3686,cat,cat,0.9996056
3687,cat,cat,0.9998405
3688,cat,cat,0.9996425
3689,cat,cat,0.9979976
3690,cat,cat,0.98336583
3691,cat,cat,0.99979705
3692,cat,cat,0.9998116
3693,cat,cat,0.9997582
3694,cat,cat,0.9993297
3695,cat,cat,0.9997408
3696,cat,cat,0.99982905
3697,cat,cat,0.9982987
3698,cat,dog,0.99157226
3699,cat,cat,0.9996711
3700,cat,cat,0.99983823
3701,cat,cat,0.9998273
3702,cat,cat,0.9997979
3703,cat,cat,0.9998275
3704,cat,cat,0.9998473
3705,cat,cat,0.9998431
3706,cat,cat,0.9998222
3707,cat,cat,0.9996214
3708,cat,dog,0.99977547
3709,cat,cat,0.99968493
3710,cat,cat,0.9997075
3711,cat,cat,0.99982196
3712,cat,horse,0.5580913
3713,cat,cat,0.9996674
3714,cat,cat,0.9987991
3715,cat,cat,0.999866
3716,cat,cat,0.9998648
3717,cat,cat,0.99985015
3718,cat,cat,0.99981254
3719,cat,cat,0.99940026
3720,cat,cat,0.99985135
3721,cat,cat,0.99982303
3722,cat,cat,0.9991485
3723,cat,cat,0.9997998
3724,cat,cat,0.99985147
3725,cat,cat,0.99983704
3726,cat,cat,0.99985504
3727,cat,cat,0.9998677
3728,cat,cat,0.99956745
3729,cat,cat,0.99981564
3730,cat,cat,0.99975806
3731,cat,cat,0.99970645
3732,cat,cat,0.9998605
3733,cat,cat,0.9998233
3734,cat,cat,0.99969006
3735,cat,cat,0.9998381
3736,cat,cat,0.85374993
3737,cat,cat,0.99964345
3738,cat,cat,0.99988127
3739,cat,cat,0.8735077
3740,cat,cat,0.9996568
3741,cat,cat,0.99967813
3742,cat,cat,0.99979085
3743,cat,cat,0.9997105
3744,cat,cat,0.99962604
3745,cat,cat,0.9998863
3746,cat,dog,0.9983588
3747,cat,cat,0.9997714
3748,cat,cat,0.9997162
3749,cat,cat,0.99970514
3750,cat,cat,0.99981064
3751,cat,dog,0.7592328
3752,cat,cat,0.9994954
3753,cat,cat,0.99136704
3754,cat,cat,0.9998481
3755,cat,ship,0.85109484
3756,cat,cat,0.9997602
3757,cat,cat,0.99979943
3758,cat,cat,0.99984336
3759,cat,cat,0.9997441
3760,cat,cat,0.9997528
3761,cat,cat,0.9998567
3762,cat,cat,0.99986815
3763,cat,cat,0.9998211
3764,cat,cat,0.99981934
3765,cat,cat,0.99842477
3766,cat,cat,0.9998373
3767,cat,cat,0.9997639
3768,cat,cat,0.9997665
3769,cat,cat,0.99980265
3770,cat,cat,0.9996511
3771,cat,cat,0.9997813
3772,cat,cat,0.9997538
3773,cat,cat,0.97916996
3774,cat,cat,0.9998455
3775,cat,cat,0.9997837
3776,cat,cat,0.99979466
3777,cat,cat,0.999798
3778,cat,cat,0.99913496
3779,cat,cat,0.9998049
3780,cat,cat,0.9997495
3781,cat,cat,0.9998517
3782,cat,cat,0.95197755
3783,cat,cat,0.9986513
3784,cat,deer,0.99935454
3785,cat,cat,0.99985635
3786,cat,cat,0.9998586
3787,cat,cat,0.9998592
3788,cat,cat,0.9997025
3789,cat,cat,0.999861
3790,cat,cat,0.9998387
3791,cat,cat,0.99985206
3792,cat,cat,0.99984646
3793,cat,cat,0.9998429
3794,cat,cat,0.99970573
3795,cat,cat,0.9994709
3796,cat,cat,0.99932456
3797,cat,cat,0.99942136
3798,cat,cat,0.99964607
3799,cat,cat,0.9998548
3800,cat,cat,0.9997745
3801,cat,cat,0.99980646
3802,cat,cat,0.999813
3803,cat,cat,0.9997322
3804,cat,cat,0.9991757
3805,cat,cat,0.99984026
3806,cat,cat,0.99985194
3807,cat,cat,0.9998474
3808,cat,cat,0.9998497
3809,cat,cat,0.9998617
3810,cat,cat,0.9996606
3811,cat,cat,0.9998274
3812,cat,cat,0.9997708
3813,cat,cat,0.9997948
3814,cat,cat,0.99985206
3815,cat,cat,0.99979967
3816,cat,cat,0.9996283
3817,cat,cat,0.99814546
3818,cat,cat,0.99987316
3819,cat,cat,0.99981767
3820,cat,cat,0.99944824
3821,cat,cat,0.9996722
3822,cat,cat,0.9993799
3823,cat,cat,0.99679583
3824,cat,cat,0.99977404
3825,cat,cat,0.9998392
3826,cat,cat,0.99972564
3827,cat,cat,0.99976426
3828,cat,cat,0.99980205
3829,cat,cat,0.99982005
3830,cat,cat,0.99973005
3831,cat,cat,0.99983716
3832,cat,cat,0.9997217
3833,cat,cat,0.9997999
3834,cat,cat,0.9998596
3835,cat,cat,0.99981207
3836,cat,cat,0.99984396
3837,cat,cat,0.99975497
3838,cat,cat,0.9997358
3839,cat,cat,0.9985354
3840,cat,cat,0.99926144
3841,cat,cat,0.9998041
3842,cat,cat,0.99981135
3843,cat,cat,0.9998348
3844,cat,cat,0.9998561
3845,cat,cat,0.9947314
3846,cat,cat,0.9996362
3847,cat,cat,0.99979883
3848,cat,cat,0.9998042
3849,cat,cat,0.9997353
3850,cat,cat,0.9998388
3851,cat,cat,0.9998154
3852,cat,cat,0.9445429
3853,cat,cat,0.9998565
3854,cat,cat,0.9998554
3855,cat,cat,0.9996151
3856,cat,cat,0.99979013
3857,cat,cat,0.99911386
3858,cat,cat,0.9998387
3859,cat,cat,0.9998154
3860,cat,cat,0.9991271
3861,cat,cat,0.9998442
3862,cat,cat,0.9996911
3863,cat,cat,0.9007929
3864,cat,cat,0.99923885
3865,cat,cat,0.9998548
3866,cat,cat,0.9998423
3867,cat,cat,0.9996451
3868,cat,cat,0.9997898
3869,cat,cat,0.99933356
3870,cat,frog,0.9983682
3871,cat,cat,0.99982625
3872,cat,cat,0.9998005
3873,cat,cat,0.8696824
3874,cat,cat,0.99983263
3875,cat,cat,0.99572444
3876,cat,cat,0.9998299
3877,cat,cat,0.99985325
3878,cat,cat,0.9993518
3879,cat,cat,0.9811617
3880,cat,cat,0.9995542
3881,cat,cat,0.99965537
3882,cat,cat,0.99984026
3883,cat,cat,0.9986443
3884,cat,cat,0.99976116
3885,cat,cat,0.9997814
3886,cat,cat,0.9998217
3887,cat,cat,0.9998789
3888,cat,cat,0.99933666
3889,cat,cat,0.99986374
3890,cat,cat,0.99979633
3891,cat,cat,0.9997603
3892,cat,cat,0.99985003
3893,cat,cat,0.99982965
3894,cat,cat,0.99963546
3895,cat,cat,0.9998392
3896,cat,cat,0.9983701
3897,cat,cat,0.82074845
3898,cat,cat,0.9998512
3899,cat,cat,0.9996136
3900,cat,dog,0.8478368
3901,cat,cat,0.9976172
3902,cat,cat,0.9997969
3903,cat,cat,0.9996917
3904,cat,cat,0.9997099
3905,cat,cat,0.9997967
3906,cat,cat,0.99981064
3907,cat,cat,0.9996406
3908,cat,cat,0.9998348
3909,cat,cat,0.9995766
3910,cat,cat,0.996546
3911,cat,cat,0.99742573
3912,cat,cat,0.9998398
3913,cat,cat,0.9997495
3914,cat,cat,0.99984574
3915,cat,cat,0.9997844
3916,cat,cat,0.9985758
3917,cat,cat,0.9998338
3918,cat,cat,0.999879
3919,cat,cat,0.9998735
3920,cat,cat,0.99983823
3921,cat,cat,0.87712026
3922,cat,cat,0.99981004
3923,cat,cat,0.9997812
3924,cat,cat,0.9998443
3925,cat,cat,0.9997762
3926,cat,cat,0.9985985
3927,cat,cat,0.99984324
3928,cat,cat,0.97594476
3929,cat,cat,0.9997856
3930,cat,cat,0.99785113
3931,cat,cat,0.999824
3932,cat,cat,0.99958414
3933,cat,cat,0.9997757
3934,cat,cat,0.9998416
3935,cat,cat,0.9997993
3936,cat,cat,0.85294306
3937,cat,cat,0.9997936
3938,cat,cat,0.999321
3939,cat,cat,0.9997204
3940,cat,cat,0.9998165
3941,cat,horse,0.9966754
3942,cat,cat,0.999816
3943,cat,cat,0.9734341
3944,cat,cat,0.99986315
3945,cat,cat,0.99981457
3946,cat,cat,0.9993499
3947,cat,cat,0.9997327
3948,cat,cat,0.9914731
3949,cat,cat,0.9997954
3950,cat,cat,0.99937755
3951,cat,cat,0.999848
3952,cat,cat,0.99981385
3953,cat,cat,0.99973434
3954,cat,cat,0.99953175
3955,cat,cat,0.9997403
3956,cat,cat,0.99965084
3957,cat,cat,0.9993759
3958,cat,cat,0.9997981
3959,cat,cat,0.99980956
3960,cat,cat,0.9998493
3961,cat,cat,0.9995907
3962,cat,cat,0.9998704
3963,cat,cat,0.99985015
3964,cat,cat,0.9991252
3965,cat,cat,0.9975783
3966,cat,cat,0.98221487
3967,cat,cat,0.99983335
3968,cat,cat,0.99980026
3969,cat,cat,0.9997968
3970,cat,cat,0.9998418
3971,cat,cat,0.9987716
3972,cat,cat,0.9997601
3973,cat,cat,0.99979967
3974,cat,cat,0.9990103
3975,cat,cat,0.99984217
3976,cat,cat,0.99985063
3977,cat,cat,0.99987674
3978,cat,cat,0.9998053
3979,cat,cat,0.9998122
3980,cat,cat,0.9996487
3981,cat,cat,0.99978787
3982,cat,cat,0.9998528
3983,cat,cat,0.9998418
3984,cat,dog,0.90749454
3985,cat,cat,0.6378801
3986,cat,cat,0.9998135
3987,cat,cat,0.70942336
3988,cat,cat,0.9997445
3989,cat,cat,0.9992118
3990,cat,cat,0.9998721
3991,cat,cat,0.9966054
3992,cat,cat,0.99984574
3993,cat,cat,0.99974567
3994,cat,cat,0.99984217
3995,cat,cat,0.99884593
3996,cat,cat,0.99983525
3997,cat,cat,0.9998055
3998,cat,cat,0.99983096
3999,cat,cat,0.9997298
4000,deer,deer,0.9998394
4001,deer,deer,0.9999007
4002,deer,deer,0.9996985
4003,deer,deer,0.9998299
4004,deer,deer,0.9998809
4005,deer,dog,0.96633255
4006,deer,deer,0.9998485
4007,deer,deer,0.9998745
4008,deer,deer,0.9998388
4009,deer,deer,0.9999037
4010,deer,deer,0.99993086
4011,deer,deer,0.9998915
4012,deer,deer,0.9978514
4013,deer,deer,0.9998734
4014,deer,deer,0.9997726
4015,deer,deer,0.9998816
4016,deer,deer,0.984239
4017,deer,deer,0.99982494
4018,deer,deer,0.9998579
4019,deer,deer,0.999884
4020,deer,deer,0.99988174
4021,deer,deer,0.99988866
4022,deer,deer,0.999134
4023,deer,deer,0.9998661
4024,deer,deer,0.9992834
4025,deer,deer,0.999876
4026,deer,deer,0.9998871
4027,deer,deer,0.99989104
4028,deer,deer,0.99918514
4029,deer,deer,0.99988484
4030,deer,deer,0.99969983
4031,deer,deer,0.9999207
4032,deer,deer,0.999757
4033,deer,deer,0.999858
4034,deer,deer,0.9997081
4035,deer,deer,0.9936826
4036,deer,deer,0.9997832
4037,deer,deer,0.9999087
4038,deer,deer,0.9998833
4039,deer,deer,0.9998073
4040,deer,deer,0.999905
4041,deer,deer,0.99979275
4042,deer,deer,0.9998808
4043,deer,deer,0.99991786
4044,deer,deer,0.9998307
4045,deer,deer,0.9999002
4046,deer,deer,0.9999132
4047,deer,deer,0.99989414
4048,deer,deer,0.9998753
4049,deer,deer,0.99981064
4050,deer,deer,0.99982494
4051,deer,deer,0.9998857
4052,deer,deer,0.9997342
4053,deer,deer,0.9999182
4054,deer,deer,0.9998938
4055,deer,deer,0.9999032
4056,deer,deer,0.99990094
4057,deer,deer,0.99940705
4058,deer,deer,0.99899966
4059,deer,deer,0.99988735
4060,deer,deer,0.9998503
4061,deer,deer,0.99980205
4062,deer,deer,0.9998517
4063,deer,deer,0.9998672
4064,deer,deer,0.9998416
4065,deer,deer,0.99973017
4066,deer,deer,0.9998926
4067,deer,deer,0.9999012
4068,deer,deer,0.9998171
4069,deer,deer,0.99935037
4070,deer,deer,0.9998293
4071,deer,deer,0.99986625
4072,deer,deer,0.9996668
4073,deer,deer,0.9996363
4074,deer,deer,0.9998729
4075,deer,deer,0.9981944
4076,deer,deer,0.9998778
4077,deer,deer,0.97290426
4078,deer,deer,0.99985874
4079,deer,deer,0.9999058
4080,deer,deer,0.9997992
4081,deer,deer,0.99986434
4082,deer,deer,0.999894
4083,deer,deer,0.9998374
4084,deer,deer,0.99985623
4085,deer,deer,0.99939954
4086,deer,deer,0.9998772
4087,deer,deer,0.9998129
4088,deer,deer,0.99963725
4089,deer,deer,0.999798
4090,deer,deer,0.99974793
4091,deer,deer,0.99990225
4092,deer,deer,0.9998733
4093,deer,deer,0.99985814
4094,deer,deer,0.9998547
4095,deer,deer,0.9999263
4096,deer,horse,0.88185096
4097,deer,deer,0.9420949
4098,deer,deer,0.99988174
4099,deer,deer,0.9998784
4100,deer,deer,0.9998456
4101,deer,deer,0.99879444
4102,deer,deer,0.99989533
4103,deer,deer,0.9999076
4104,deer,deer,0.99988866
4105,deer,deer,0.999824
4106,deer,deer,0.99990654
4107,deer,deer,0.99972314
4108,deer,deer,0.9998816
4109,deer,deer,0.9999068
4110,deer,deer,0.9407853
4111,deer,deer,0.99901366
4112,deer,deer,0.9998807
4113,deer,deer,0.99988055
4114,deer,deer,0.9998803
4115,deer,deer,0.99982077
4116,deer,deer,0.99989617
4117,deer,deer,0.99988127
4118,deer,deer,0.99987924
4119,deer,deer,0.9999194
4120,deer,deer,0.99979216
4121,deer,deer,0.9998733
4122,deer,deer,0.99978644
4123,deer,deer,0.999907
4124,deer,deer,0.9999106
4125,deer,deer,0.9997496
4126,deer,deer,0.9997794
4127,deer,deer,0.999913
4128,deer,deer,0.99985754
4129,deer,deer,0.9998684
4130,deer,deer,0.999859
4131,deer,deer,0.999764
4132,deer,deer,0.99981076
4133,deer,deer,0.9999099
4134,deer,deer,0.9991611
4135,deer,deer,0.99987745
4136,deer,deer,0.99983585
4137,deer,deer,0.9995982
4138,deer,deer,0.9997844
4139,deer,deer,0.9999081
4140,deer,deer,0.9998149
4141,deer,deer,0.9997874
4142,deer,deer,0.9997763
4143,deer,deer,0.9998566
4144,deer,deer,0.9998617
4145,deer,deer,0.99977344
4146,deer,deer,0.9999249
4147,deer,deer,0.9998254
4148,deer,deer,0.99988854
4149,deer,deer,0.99981445
4150,deer,deer,0.9998424
4151,deer,deer,0.9997899
4152,deer,deer,0.9998872
4153,deer,deer,0.99988735
4154,deer,deer,0.9998592
4155,deer,deer,0.9998994
4156,deer,deer,0.99982905
4157,deer,deer,0.9863056
4158,deer,deer,0.999877
4159,deer,deer,0.9999068
4160,deer,deer,0.9998709
4161,deer,deer,0.9998684
4162,deer,deer,0.9997986
4163,deer,deer,0.99988425
4164,deer,deer,0.9998864
4165,deer,deer,0.99991536
4166,deer,deer,0.999795
4167,deer,deer,0.9998363
4168,deer,deer,0.99989617
4169,deer,deer,0.9998611
4170,deer,deer,0.999892
4171,deer,deer,0.9998599
4172,deer,deer,0.99990463
4173,deer,deer,0.9998574
4174,deer,deer,0.99983466
4175,deer,deer,0.99983954
4176,deer,deer,0.9998807
4177,deer,frog,0.64985317
4178,deer,deer,0.9998424
4179,deer,deer,0.99991417
4180,deer,deer,0.9997938
4181,deer,deer,0.9999124
4182,deer,deer,0.99989176
4183,deer,deer,0.9998932
4184,deer,deer,0.99989355
4185,deer,deer,0.99991643
4186,deer,deer,0.999796
4187,deer,deer,0.99979824
4188,deer,deer,0.9998567
4189,deer,deer,0.99990034
4190,deer,deer,0.99991345
4191,deer,deer,0.99968004
4192,deer,deer,0.9998355
4193,deer,deer,0.99984443
4194,deer,deer,0.9998919
4195,deer,deer,0.99985397
4196,deer,deer,0.9998553
4197,deer,deer,0.9997644
4198,deer,deer,0.9998952
4199,deer,deer,0.99983037
4200,deer,deer,0.99985754
4201,deer,deer,0.99986076
4202,deer,deer,0.999912
4203,deer,deer,0.9998734
4204,deer,deer,0.9998958
4205,deer,deer,0.9998758
4206,deer,deer,0.99986494
4207,deer,deer,0.7324649
4208,deer,deer,0.99987555
4209,deer,deer,0.9997732
4210,deer,deer,0.9998512
4211,deer,deer,0.9999105
4212,deer,deer,0.9998603
4213,deer,deer,0.999801
4214,deer,deer,0.99991465
4215,deer,deer,0.99986196
4216,deer,deer,0.9998191
4217,deer,deer,0.9999045
4218,deer,deer,0.99986255
4219,deer,deer,0.9999106
4220,deer,deer,0.9998982
4221,deer,deer,0.9998728
4222,deer,deer,0.9998754
4223,deer,deer,0.99982184
4224,deer,deer,0.99990106
4225,deer,deer,0.99986684
4226,deer,deer,0.9998568
4227,deer,deer,0.9998982
4228,deer,deer,0.99990666
4229,deer,deer,0.99983037
4230,deer,deer,0.9997824
4231,deer,deer,0.9998796
4232,deer,deer,0.9999211
4233,deer,deer,0.9997843
4234,deer,deer,0.99987507
4235,deer,deer,0.99991024
4236,deer,deer,0.9998503
4237,deer,deer,0.99985576
4238,deer,deer,0.99986684
4239,deer,deer,0.99988127
4240,deer,deer,0.99985385
4241,deer,deer,0.99981886
4242,deer,deer,0.9994825
4243,deer,deer,0.9997079
4244,deer,deer,0.99985826
4245,deer,deer,0.9998311
4246,deer,deer,0.9998566
4247,deer,deer,0.9997507
4248,deer,deer,0.9998622
4249,deer,deer,0.99952054
4250,deer,deer,0.9998642
4251,deer,deer,0.9998845
4252,deer,deer,0.99973553
4253,deer,deer,0.9997769
4254,deer,deer,0.9998834
4255,deer,deer,0.9242166
4256,deer,deer,0.9998092
4257,deer,deer,0.9989183
4258,deer,deer,0.99990475
4259,deer,deer,0.99983823
4260,deer,deer,0.99985087
4261,deer,deer,0.99972326
4262,deer,deer,0.9995235
4263,deer,deer,0.99990356
4264,deer,deer,0.99990344
4265,deer,deer,0.99983525
4266,deer,deer,0.9997725
4267,deer,deer,0.99970204
4268,deer,deer,0.99988174
4269,deer,deer,0.99981624
4270,deer,deer,0.99987495
4271,deer,deer,0.9994407
4272,deer,deer,0.99924135
4273,deer,deer,0.9998981
4274,deer,deer,0.9998976
4275,deer,deer,0.9989374
4276,deer,deer,0.99985385
4277,deer,deer,0.9998524
4278,deer,deer,0.99991417
4279,deer,deer,0.9998859
4280,deer,deer,0.99991524
4281,deer,deer,0.99986386
4282,deer,deer,0.99960333
4283,deer,deer,0.99967
4284,deer,deer,0.9998784
4285,deer,deer,0.9998129
4286,deer,deer,0.99990165
4287,deer,deer,0.99990284
4288,deer,deer,0.99983287
4289,deer,deer,0.9999026
4290,deer,deer,0.99981266
4291,deer,deer,0.99982613
4292,deer,deer,0.9997837
4293,deer,deer,0.99989605
4294,deer,deer,0.99979347
4295,deer,deer,0.99990094
4296,deer,deer,0.9998666
4297,deer,deer,0.99987197
4298,deer,deer,0.9998499
4299,deer,deer,0.99991083
4300,deer,deer,0.99985254
4301,deer,deer,0.99986064
4302,deer,deer,0.9998919
4303,deer,deer,0.9998122
4304,deer,deer,0.9998543
4305,deer,deer,0.9997558
4306,deer,deer,0.9998336
4307,deer,deer,0.99990475
4308,deer,deer,0.99977106
4309,deer,deer,0.99973565
4310,deer,deer,0.9998876
4311,deer,deer,0.99988127
4312,deer,deer,0.9998708
4313,deer,deer,0.999908
4314,deer,deer,0.9998703
4315,deer,deer,0.9998945
4316,deer,deer,0.9994265
4317,deer,deer,0.9998846
4318,deer,deer,0.9996933
4319,deer,deer,0.99987876
4320,deer,deer,0.9997702
4321,deer,deer,0.9998903
4322,deer,deer,0.9998586
4323,deer,deer,0.99989057
4324,deer,deer,0.99985516
4325,deer,deer,0.99990654
4326,deer,deer,0.95422685
4327,deer,deer,0.9997212
4328,deer,horse,0.9991301
4329,deer,deer,0.99985516
4330,deer,deer,0.99970263
4331,deer,deer,0.9998425
4332,deer,deer,0.99989104
4333,deer,deer,0.99989104
4334,deer,deer,0.9998387
4335,deer,deer,0.9995425
4336,deer,deer,0.9998815
4337,deer,deer,0.99988854
4338,deer,deer,0.99990475
4339,deer,deer,0.99986804
4340,deer,deer,0.99991596
4341,deer,deer,0.9998815
4342,deer,deer,0.9998394
4343,deer,deer,0.99983025
4344,deer,deer,0.99897504
4345,deer,deer,0.9998795
4346,deer,deer,0.99992836
4347,deer,deer,0.99985707
4348,deer,deer,0.9998896
4349,deer,deer,0.9998721
4350,deer,deer,0.999818
4351,deer,deer,0.9998747
4352,deer,deer,0.9998934
4353,deer,deer,0.99985266
4354,deer,deer,0.9997391
4355,deer,deer,0.99988043
4356,deer,deer,0.9999087
4357,deer,deer,0.9999126
4358,deer,deer,0.99979156
4359,deer,deer,0.9998766
4360,deer,deer,0.99991214
4361,deer,deer,0.9998704
4362,deer,deer,0.999046
4363,deer,deer,0.9998808
4364,deer,deer,0.9998647
4365,deer,deer,0.99988055
4366,deer,deer,0.9995258
4367,deer,deer,0.9996903
4368,deer,deer,0.999734
4369,deer,deer,0.99990344
4370,deer,deer,0.9998894
4371,deer,deer,0.9998629
4372,deer,deer,0.9998934
4373,deer,deer,0.9994
4374,deer,deer,0.9993574
4375,deer,deer,0.99988174
4376,deer,cat,0.6837981
4377,deer,deer,0.999858
4378,deer,deer,0.9987955
4379,deer,deer,0.86101276
4380,deer,deer,0.9998747
4381,deer,deer,0.999869
4382,deer,deer,0.9998381
4383,deer,deer,0.9998772
4384,deer,deer,0.99988186
4385,deer,deer,0.99989927
4386,deer,deer,0.99972814
4387,deer,deer,0.99983776
4388,deer,deer,0.99276733
4389,deer,deer,0.98693115
4390,deer,deer,0.99992657
4391,deer,deer,0.9954905
4392,deer,deer,0.9998306
4393,deer,deer,0.9998622
4394,deer,deer,0.9998661
4395,deer,deer,0.9998379
4396,deer,horse,0.60046726
4397,deer,deer,0.9998247
4398,deer,deer,0.99989545
4399,deer,deer,0.9998889
4400,deer,deer,0.99986804
4401,deer,deer,0.9948921
4402,deer,deer,0.9998779
4403,deer,deer,0.9998388
4404,deer,deer,0.99986625
4405,deer,deer,0.99982315
4406,deer,deer,0.99989355
4407,deer,deer,0.99990976
4408,deer,deer,0.99988115
4409,deer,deer,0.99987996
4410,deer,deer,0.99990106
4411,deer,deer,0.99986243
4412,deer,deer,0.99988973
4413,deer,deer,0.9995178
4414,deer,deer,0.99985695
4415,deer,deer,0.9998592
4416,deer,deer,0.9998754
4417,deer,deer,0.9998987
4418,deer,deer,0.99973196
4419,deer,deer,0.9999002
4420,deer,deer,0.9998586
4421,deer,deer,0.9998585
4422,deer,deer,0.99988794
4423,deer,deer,0.99986196
4424,deer,deer,0.9998704
4425,deer,deer,0.99990773
4426,deer,deer,0.9999018
4427,deer,deer,0.99991333
4428,deer,deer,0.9999213
4429,deer,deer,0.99867356
4430,deer,deer,0.9999094
4431,deer,deer,0.9999207
4432,deer,deer,0.999874
4433,deer,deer,0.99987674
4434,deer,deer,0.9998914
4435,deer,deer,0.99984133
4436,deer,deer,0.9998273
4437,deer,deer,0.9999105
4438,deer,deer,0.9998888
4439,deer,deer,0.99987054
4440,deer,deer,0.9998858
4441,deer,deer,0.99980325
4442,deer,deer,0.9998678
4443,deer,deer,0.9995622
4444,deer,deer,0.9998167
4445,deer,deer,0.9998901
4446,deer,deer,0.9998944
4447,deer,deer,0.9998919
4448,deer,deer,0.9998109
4449,deer,deer,0.999877
4450,deer,deer,0.9997701
4451,deer,deer,0.99983084
4452,deer,deer,0.9999033
4453,deer,deer,0.9998989
4454,deer,deer,0.9998939
4455,deer,deer,0.9998493
4456,deer,deer,0.9999112
4457,deer,deer,0.9998418
4458,deer,deer,0.9998956
4459,deer,deer,0.9997292
4460,deer,deer,0.9998554
4461,deer,deer,0.9999007
4462,deer,deer,0.9998542
4463,deer,deer,0.9998907
4464,deer,deer,0.999882
4465,deer,deer,0.99983346
4466,deer,deer,0.9998374
4467,deer,deer,0.9998888
4468,deer,deer,0.9999151
4469,deer,deer,0.99989986
4470,deer,deer,0.9998832
4471,deer,deer,0.999877
4472,deer,deer,0.9998399
4473,deer,deer,0.99991393
4474,deer,deer,0.9998981
4475,deer,deer,0.9998678
4476,deer,deer,0.99989223
4477,deer,deer,0.99979216
4478,deer,cat,0.6501003
4479,deer,deer,0.9999161
4480,deer,deer,0.99963784
4481,deer,deer,0.999861
4482,deer,deer,0.9999167
4483,deer,deer,0.9998603
4484,deer,deer,0.99989665
4485,deer,deer,0.99984705
4486,deer,deer,0.99987745
4487,deer,deer,0.9971252
4488,deer,deer,0.99988186
4489,deer,deer,0.9998698
4490,deer,deer,0.9999229
4491,deer,deer,0.9999039
4492,deer,deer,0.9977324
4493,deer,deer,0.99990296
4494,deer,deer,0.9986337
4495,deer,deer,0.9998343
4496,deer,deer,0.9998641
4497,deer,deer,0.9998604
4498,deer,deer,0.9997936
4499,deer,deer,0.99986696
4500,deer,deer,0.9997918
4501,deer,deer,0.99991584
4502,deer,deer,0.999861
4503,deer,deer,0.9998661
4504,deer,deer,0.99985456
4505,deer,deer,0.9997944
4506,deer,deer,0.9919818
4507,deer,deer,0.9999138
4508,deer,deer,0.99988544
4509,deer,deer,0.9999012
4510,deer,deer,0.99987686
4511,deer,deer,0.9998863
4512,deer,deer,0.9999027
4513,deer,deer,0.999183
4514,deer,deer,0.99985135
4515,deer,deer,0.9998827
4516,deer,deer,0.9998368
4517,deer,deer,0.9999043
4518,deer,deer,0.9998648
4519,deer,deer,0.9998628
4520,deer,deer,0.99790406
4521,deer,deer,0.99265575
4522,deer,deer,0.99950147
4523,deer,deer,0.9996815
4524,deer,deer,0.9998715
4525,deer,deer,0.99977964
4526,deer,deer,0.9936382
4527,deer,deer,0.999752
4528,deer,deer,0.999887
4529,deer,deer,0.99971193
4530,deer,deer,0.9999056
4531,deer,deer,0.9997893
4532,deer,deer,0.99937797
4533,deer,deer,0.9998485
4534,deer,deer,0.9998117
4535,deer,deer,0.9999105
4536,deer,deer,0.9953566
4537,deer,deer,0.99991167
4538,deer,deer,0.99984837
4539,deer,deer,0.99991536
4540,deer,deer,0.9998702
4541,deer,deer,0.9980611
4542,deer,deer,0.999838
4543,deer,deer,0.999882
4544,deer,deer,0.99977916
4545,deer,deer,0.9998884
4546,deer,deer,0.9998945
4547,deer,deer,0.9998871
4548,deer,deer,0.9846251
4549,deer,deer,0.9998919
4550,deer,deer,0.9998745
4551,deer,deer,0.9998828
4552,deer,deer,0.9998895
4553,deer,deer,0.99944025
4554,deer,deer,0.99988604
4555,deer,deer,0.99985015
4556,deer,deer,0.9963652
4557,deer,deer,0.9998274
4558,deer,deer,0.99989724
4559,deer,deer,0.99990344
4560,deer,deer,0.9999201
4561,deer,deer,0.99987185
4562,deer,deer,0.99988234
4563,deer,deer,0.9998337
4564,deer,deer,0.9999002
4565,deer,deer,0.9998087
4566,deer,deer,0.99976116
4567,deer,deer,0.9989693
4568,deer,deer,0.9987779
4569,deer,deer,0.9998785
4570,deer,deer,0.9997842
4571,deer,deer,0.9998785
4572,deer,deer,0.9996081
4573,deer,deer,0.9997918
4574,deer,deer,0.99961346
4575,deer,deer,0.9998869
4576,deer,deer,0.99986684
4577,deer,deer,0.99983954
4578,deer,deer,0.9996983
4579,deer,deer,0.9996433
4580,deer,deer,0.9998667
4581,deer,deer,0.9998853
4582,deer,deer,0.9998727
4583,deer,deer,0.9998927
4584,deer,deer,0.9999176
4585,deer,deer,0.9998629
4586,deer,deer,0.99977463
4587,deer,deer,0.9998056
4588,deer,deer,0.9998934
4589,deer,deer,0.9998698
4590,deer,deer,0.99983895
4591,deer,deer,0.9996556
4592,deer,deer,0.99987817
4593,deer,deer,0.99989307
4594,deer,deer,0.9998847
4595,deer,deer,0.99943537
4596,deer,deer,0.99989367
4597,deer,deer,0.99988186
4598,deer,deer,0.99989927
4599,deer,deer,0.99987304
4600,deer,deer,0.9997663
4601,deer,deer,0.9998983
4602,deer,deer,0.9998846
4603,deer,deer,0.9997545
4604,deer,deer,0.99989104
4605,deer,deer,0.9998048
4606,deer,deer,0.999895
4607,deer,deer,0.9998735
4608,deer,deer,0.9998011
4609,deer,deer,0.9998692
4610,deer,deer,0.99983716
4611,deer,deer,0.9998636
4612,deer,deer,0.99990964
4613,deer,deer,0.9998392
4614,deer,deer,0.9995022
4615,deer,deer,0.99991727
4616,deer,deer,0.9997781
4617,deer,deer,0.999871
4618,deer,deer,0.99985623
4619,deer,deer,0.99990666
4620,deer,deer,0.99981076
4621,deer,deer,0.9998053
4622,deer,deer,0.9885002
4623,deer,deer,0.99984205
4624,deer,deer,0.99988425
4625,deer,deer,0.9998697
4626,deer,deer,0.9998246
4627,deer,deer,0.99988675
4628,deer,deer,0.99990726
4629,deer,deer,0.99940276
4630,deer,deer,0.99989164
4631,deer,deer,0.9998863
4632,deer,deer,0.9995302
4633,deer,deer,0.99985266
4634,deer,deer,0.99989414
4635,deer,deer,0.99982136
4636,deer,deer,0.9998815
4637,deer,deer,0.9996463
4638,deer,deer,0.9998405
4639,deer,deer,0.999833
4640,deer,deer,0.99984837
4641,deer,deer,0.999894
4642,deer,deer,0.99641234
4643,deer,deer,0.9997459
4644,deer,deer,0.99466443
4645,deer,deer,0.9998337
4646,deer,deer,0.99973804
4647,deer,deer,0.99979216
4648,deer,deer,0.999866
4649,deer,deer,0.9999187
4650,deer,deer,0.99982685
4651,deer,deer,0.99990535
4652,deer,deer,0.999866
4653,deer,deer,0.99969375
4654,deer,deer,0.99943906
4655,deer,deer,0.9998343
4656,deer,deer,0.9998871
4657,deer,deer,0.99991345
4658,deer,deer,0.9998499
4659,deer,deer,0.99980766
4660,deer,deer,0.9998288
4661,deer,deer,0.99966383
4662,deer,deer,0.9999057
4663,deer,deer,0.9983741
4664,deer,deer,0.99703133
4665,deer,deer,0.9998022
4666,deer,deer,0.9998727
4667,deer,deer,0.999851
4668,deer,deer,0.99980015
4669,deer,deer,0.99983823
4670,deer,deer,0.9998305
4671,deer,deer,0.9999199
4672,deer,deer,0.99774617
4673,deer,deer,0.99971837
4674,deer,deer,0.9998585
4675,deer,deer,0.9998846
4676,deer,deer,0.99978596
4677,deer,deer,0.9998982
4678,deer,deer,0.9998909
4679,deer,deer,0.99993527
4680,deer,deer,0.9998944
4681,deer,deer,0.99990237
4682,deer,deer,0.9998913
4683,deer,deer,0.99988246
4684,deer,deer,0.99987936
4685,deer,deer,0.99991155
4686,deer,deer,0.9998307
4687,deer,deer,0.99983156
4688,deer,deer,0.9998319
4689,deer,deer,0.999762
4690,deer,deer,0.9998864
4691,deer,deer,0.99969256
4692,deer,deer,0.999897
4693,deer,deer,0.9998934
4694,deer,deer,0.99980694
4695,deer,deer,0.99988616
4696,deer,deer,0.9999161
4697,deer,deer,0.99986684
4698,deer,deer,0.9998665
4699,deer,cat,0.5491486
4700,deer,deer,0.9997292
4701,deer,deer,0.9999027
4702,deer,deer,0.99986696
4703,deer,deer,0.9998215
4704,deer,deer,0.9998292
4705,deer,deer,0.9998374
4706,deer,deer,0.999206
4707,deer,deer,0.9999095
4708,deer,deer,0.9998474
4709,deer,deer,0.9998375
4710,deer,deer,0.99992526
4711,deer,deer,0.999841
4712,deer,deer,0.99978477
4713,deer,deer,0.9998629
4714,deer,deer,0.99987435
4715,deer,deer,0.9998704
4716,deer,deer,0.99989367
4717,deer,deer,0.9998809
4718,deer,deer,0.99985385
4719,deer,deer,0.9999281
4720,deer,deer,0.99989057
4721,deer,deer,0.99989784
4722,deer,deer,0.99988186
4723,deer,deer,0.9997974
4724,deer,deer,0.9998784
4725,deer,deer,0.99990153
4726,deer,deer,0.9999137
4727,deer,deer,0.99973804
4728,deer,deer,0.99971646
4729,deer,deer,0.99966216
4730,deer,deer,0.99987686
4731,deer,deer,0.99990594
4732,deer,deer,0.9999205
4733,deer,deer,0.9998816
4734,deer,deer,0.99991286
4735,deer,deer,0.9998135
4736,deer,deer,0.99990463
4737,deer,deer,0.9997336
4738,deer,deer,0.9999026
4739,deer,deer,0.99900717
4740,deer,deer,0.999816
4741,deer,deer,0.9998914
4742,deer,deer,0.99990296
4743,deer,deer,0.9998597
4744,deer,deer,0.9998275
4745,deer,deer,0.9998847
4746,deer,deer,0.99985635
4747,deer,deer,0.9998728
4748,deer,deer,0.99990666
4749,deer,deer,0.999764
4750,deer,deer,0.9998814
4751,deer,deer,0.99988496
4752,deer,deer,0.9998864
4753,deer,deer,0.999841
4754,deer,deer,0.99988735
4755,deer,deer,0.9998952
4756,deer,deer,0.9998178
4757,deer,deer,0.99985707
4758,deer,deer,0.9998776
4759,deer,deer,0.99982977
4760,deer,deer,0.99989057
4761,deer,deer,0.9999043
4762,deer,deer,0.99988914
4763,deer,deer,0.99983394
4764,deer,deer,0.9999119
4765,deer,deer,0.99990857
4766,deer,deer,0.99971265
4767,deer,deer,0.9995442
4768,deer,deer,0.99986756
4769,deer,deer,0.9999039
4770,deer,deer,0.9998932
4771,deer,deer,0.99990547
4772,deer,deer,0.99966526
4773,deer,deer,0.9998541
4774,deer,deer,0.9972289
4775,deer,deer,0.9998301
4776,deer,deer,0.9998054
4777,deer,deer,0.999858
4778,deer,deer,0.9997142
4779,deer,deer,0.9998323
4780,deer,deer,0.9998735
4781,deer,deer,0.9998833
4782,deer,deer,0.9983621
4783,deer,deer,0.99987066
4784,deer,deer,0.9999175
4785,deer,deer,0.9999032
4786,deer,deer,0.99990153
4787,deer,deer,0.9997601
4788,deer,deer,0.9998776
4789,deer,deer,0.9998778
4790,deer,deer,0.9999027
4791,deer,deer,0.9999132
4792,deer,deer,0.999869
4793,deer,deer,0.9999058
4794,deer,deer,0.9998827
4795,deer,deer,0.8594301
4796,deer,deer,0.99990654
4797,deer,deer,0.99987245
4798,deer,deer,0.99965537
4799,deer,deer,0.9998124
4800,deer,deer,0.99985754
4801,deer,horse,0.95681417
4802,deer,deer,0.9998599
4803,deer,deer,0.9998555
4804,deer,deer,0.99989843
4805,deer,deer,0.99982905
4806,deer,deer,0.9998599
4807,deer,deer,0.9999151
4808,deer,deer,0.99982625
4809,deer,deer,0.99890447
4810,deer,deer,0.99954164
4811,deer,deer,0.9998821
4812,deer,deer,0.999448
4813,deer,deer,0.99969757
4814,deer,deer,0.9998851
4815,deer,deer,0.99983525
4816,deer,deer,0.99981683
4817,deer,deer,0.99973637
4818,deer,deer,0.9997718
4819,deer,deer,0.99910283
4820,deer,deer,0.9998765
4821,deer,deer,0.99988437
4822,deer,deer,0.99984586
4823,deer,deer,0.9997975
4824,deer,deer,0.9997489
4825,deer,deer,0.9998474
4826,deer,deer,0.99985445
4827,deer,deer,0.99983966
4828,deer,deer,0.99971336
4829,deer,deer,0.99991477
4830,deer,deer,0.99974674
4831,deer,deer,0.9986004
4832,deer,deer,0.9998704
4833,deer,deer,0.99989474
4834,deer,deer,0.9998611
4835,deer,deer,0.9999057
4836,deer,deer,0.9998765
4837,deer,deer,0.9998822
4838,deer,deer,0.99987936
4839,deer,deer,0.99981457
4840,deer,deer,0.9998872
4841,deer,deer,0.99989474
4842,deer,deer,0.99977654
4843,deer,deer,0.99989414
4844,deer,deer,0.99991095
4845,deer,deer,0.50066435
4846,deer,deer,0.9998814
4847,deer,deer,0.9998523
4848,deer,deer,0.9998186
4849,deer,deer,0.99983764
4850,deer,deer,0.9998745
4851,deer,deer,0.9998228
4852,deer,deer,0.9998505
4853,deer,deer,0.9995608
4854,deer,deer,0.9998858
4855,deer,deer,0.99990463
4856,deer,deer,0.99990547
4857,deer,deer,0.99989057
4858,deer,deer,0.9998816
4859,deer,deer,0.9998634
4860,deer,deer,0.99989665
4861,deer,deer,0.99988914
4862,deer,deer,0.9999057
4863,deer,deer,0.999806
4864,deer,deer,0.99987483
4865,deer,deer,0.999819
4866,deer,deer,0.9996669
4867,deer,deer,0.99991
4868,deer,deer,0.9999007
4869,deer,deer,0.999819
4870,deer,deer,0.99977905
4871,deer,deer,0.9999045
4872,deer,deer,0.99989164
4873,deer,deer,0.99945897
4874,deer,deer,0.99988866
4875,deer,deer,0.9998572
4876,deer,deer,0.99984026
4877,deer,deer,0.9945446
4878,deer,deer,0.99982077
4879,deer,deer,0.9998373
4880,deer,deer,0.9997234
4881,deer,deer,0.9999188
4882,deer,deer,0.9998398
4883,deer,deer,0.9998337
4884,deer,deer,0.9997969
4885,deer,deer,0.9998499
4886,deer,deer,0.9998056
4887,deer,deer,0.9997576
4888,deer,deer,0.99988115
4889,deer,deer,0.99988747
4890,deer,deer,0.99970055
4891,deer,deer,0.9997712
4892,deer,deer,0.99983764
4893,deer,deer,0.9998585
4894,deer,deer,0.9998598
4895,deer,deer,0.9998435
4896,deer,deer,0.99676216
4897,deer,deer,0.99985206
4898,deer,deer,0.99984336
4899,deer,deer,0.99965703
4900,deer,deer,0.9998574
4901,deer,deer,0.9998815
4902,deer,deer,0.99991286
4903,deer,deer,0.9998884
4904,deer,deer,0.9998994
4905,deer,deer,0.9998958
4906,deer,deer,0.9999156
4907,deer,deer,0.99985087
4908,deer,deer,0.99990404
4909,deer,deer,0.9998752
4910,deer,deer,0.99981076
4911,deer,deer,0.9987702
4912,deer,deer,0.99989057
4913,deer,deer,0.99988544
4914,deer,deer,0.999869
4915,deer,deer,0.9998449
4916,deer,deer,0.9999126
4917,deer,deer,0.99988306
4918,deer,deer,0.9999008
4919,deer,deer,0.99991655
4920,deer,deer,0.99986255
4921,deer,deer,0.99989474
4922,deer,deer,0.999856
4923,deer,deer,0.99991024
4924,deer,deer,0.99989307
4925,deer,deer,0.9999014
4926,deer,deer,0.9998996
4927,deer,deer,0.99987996
4928,deer,deer,0.9998871
4929,deer,deer,0.9998977
4930,deer,deer,0.99985635
4931,deer,deer,0.99991333
4932,deer,deer,0.99990094
4933,deer,deer,0.9999095
4934,deer,deer,0.9998982
4935,deer,deer,0.9998956
4936,deer,deer,0.9998555
4937,deer,deer,0.99990845
4938,deer,deer,0.99982953
4939,deer,deer,0.99963427
4940,deer,deer,0.99977833
4941,deer,deer,0.99977833
4942,deer,deer,0.99986196
4943,deer,deer,0.99988663
4944,deer,deer,0.9998826
4945,deer,deer,0.99986243
4946,deer,deer,0.9994698
4947,deer,deer,0.9998746
4948,deer,deer,0.99989533
4949,deer,deer,0.999892
4950,deer,deer,0.99973613
4951,deer,deer,0.99989736
4952,deer,deer,0.99990165
4953,deer,deer,0.9999101
4954,deer,deer,0.99954504
4955,deer,deer,0.99992263
4956,deer,deer,0.999816
4957,deer,deer,0.9954853
4958,deer,deer,0.9998522
4959,deer,deer,0.99989784
4960,deer,deer,0.99993134
4961,deer,deer,0.9998646
4962,deer,deer,0.9998733
4963,deer,deer,0.9998783
4964,deer,deer,0.9997594
4965,deer,deer,0.99989915
4966,deer,deer,0.9998648
4967,deer,deer,0.9999219
4968,deer,deer,0.99982315
4969,deer,deer,0.9998553
4970,deer,deer,0.99968684
4971,deer,deer,0.9998944
4972,deer,deer,0.99982184
4973,deer,deer,0.9998703
4974,deer,deer,0.9991273
4975,deer,deer,0.99978775
4976,deer,deer,0.9998927
4977,deer,deer,0.9998599
4978,deer,deer,0.9999087
4979,deer,deer,0.9998617
4980,deer,deer,0.9998503
4981,deer,deer,0.99980885
4982,deer,deer,0.99986875
4983,deer,deer,0.9998982
4984,deer,horse,0.98377603
4985,deer,deer,0.99977714
4986,deer,deer,0.9998777
4987,deer,deer,0.9999013
4988,deer,deer,0.99988425
4989,deer,horse,0.97330207
4990,deer,deer,0.9998313
4991,deer,deer,0.99978775
4992,deer,deer,0.9997304
4993,deer,deer,0.99985147
4994,deer,deer,0.9999126
4995,deer,deer,0.9998271
4996,deer,deer,0.999663
4997,deer,deer,0.9999107
4998,deer,deer,0.9999008
4999,deer,deer,0.99642915
5000,dog,dog,0.9998493
5001,dog,dog,0.99958235
5002,dog,dog,0.99977964
5003,dog,dog,0.9997744
5004,dog,dog,0.9996099
5005,dog,dog,0.9998491
5006,dog,dog,0.99968493
5007,dog,dog,0.99947625
5008,dog,dog,0.9996927
5009,dog,dog,0.99961793
5010,dog,dog,0.9997483
5011,dog,dog,0.9987129
5012,dog,dog,0.9998411
5013,dog,dog,0.9997224
5014,dog,dog,0.99985516
5015,dog,dog,0.9993718
5016,dog,dog,0.99984777
5017,dog,dog,0.9998739
5018,dog,dog,0.999793
5019,dog,dog,0.9998117
5020,dog,dog,0.99989533
5021,dog,dog,0.99976736
5022,dog,dog,0.99957556
5023,dog,dog,0.99704784
5024,dog,dog,0.99983454
5025,dog,dog,0.99972457
5026,dog,dog,0.99986684
5027,dog,cat,0.9993782
5028,dog,dog,0.99976176
5029,dog,dog,0.99987006
5030,dog,dog,0.99982786
5031,dog,dog,0.9998896
5032,dog,dog,0.9998313
5033,dog,dog,0.99953926
5034,dog,dog,0.9998888
5035,dog,dog,0.9998147
5036,dog,dog,0.9998147
5037,dog,dog,0.99983907
5038,dog,dog,0.9996507
5039,dog,dog,0.9998461
5040,dog,dog,0.9997329
5041,dog,dog,0.99969864
5042,dog,dog,0.99987173
5043,dog,dog,0.9998293
5044,dog,dog,0.99967265
5045,dog,dog,0.9990018
5046,dog,dog,0.9997913
5047,dog,dog,0.95219743
5048,dog,dog,0.9998486
5049,dog,dog,0.9998437
5050,dog,dog,0.9998603
5051,dog,dog,0.99804556
5052,dog,dog,0.9998429
5053,dog,dog,0.9997526
5054,dog,dog,0.99985623
5055,dog,dog,0.99988186
5056,dog,dog,0.9998149
5057,dog,dog,0.9997824
5058,dog,cat,0.9949864
5059,dog,dog,0.9998565
5060,dog,dog,0.9998404
5061,dog,dog,0.99460703
5062,dog,dog,0.9999145
5063,dog,dog,0.9998084
5064,dog,dog,0.9998354
5065,dog,dog,0.99863285
5066,dog,dog,0.999785
5067,dog,dog,0.99982375
5068,dog,dog,0.9998779
5069,dog,dog,0.99980897
5070,dog,dog,0.9997619
5071,dog,dog,0.9997638
5072,dog,dog,0.999856
5073,dog,dog,0.9996947
5074,dog,dog,0.99969304
5075,dog,cat,0.9987866
5076,dog,dog,0.9997719
5077,dog,dog,0.99964166
5078,dog,dog,0.9998615
5079,dog,dog,0.9998709
5080,dog,dog,0.99987733
5081,dog,dog,0.8446233
5082,dog,dog,0.99982196
5083,dog,dog,0.99915075
5084,dog,dog,0.9998166
5085,dog,dog,0.99930894
5086,dog,dog,0.9998312
5087,dog,dog,0.99966204
5088,dog,dog,0.9996699
5089,dog,dog,0.9998752
5090,dog,dog,0.99942905
5091,dog,dog,0.999681
5092,dog,dog,0.9998504
5093,dog,dog,0.9998907
5094,dog,dog,0.99986243
5095,dog,dog,0.999811
5096,dog,dog,0.9998566
5097,dog,dog,0.99964106
5098,dog,dog,0.99985206
5099,dog,dog,0.999793
5100,dog,dog,0.9998292
5101,dog,dog,0.99986327
5102,dog,dog,0.99983513
5103,dog,dog,0.9998349
5104,dog,dog,0.99967456
5105,dog,dog,0.99983203
5106,dog,dog,0.9998965
5107,dog,dog,0.999566
5108,dog,dog,0.9998104
5109,dog,dog,0.99984586
5110,dog,dog,0.99983513
5111,dog,dog,0.99989104
5112,dog,dog,0.9998454
5113,dog,dog,0.96661234
5114,dog,dog,0.999826
5115,dog,dog,0.9998628
5116,dog,dog,0.99964774
5117,dog,dog,0.9997383
5118,dog,dog,0.9998939
5119,dog,dog,0.99979717
5120,dog,dog,0.9998585
5121,dog,dog,0.99971217
5122,dog,dog,0.99987733
5123,dog,dog,0.9997552
5124,dog,dog,0.99981564
5125,dog,cat,0.9635761
5126,dog,horse,0.91506314
5127,dog,dog,0.99957913
5128,dog,dog,0.9996106
5129,dog,dog,0.9997578
5130,dog,dog,0.9998945
5131,dog,dog,0.9996859
5132,dog,dog,0.85411197
5133,dog,dog,0.99966514
5134,dog,dog,0.9997733
5135,dog,dog,0.9998312
5136,dog,dog,0.9999
5137,dog,dog,0.9998487
5138,dog,dog,0.9998227
5139,dog,dog,0.9998739
5140,dog,dog,0.9996145
5141,dog,dog,0.9997353
5142,dog,dog,0.9998746
5143,dog,dog,0.99934405
5144,dog,dog,0.9998041
5145,dog,dog,0.9998652
5146,dog,dog,0.99982977
5147,dog,dog,0.9996216
5148,dog,dog,0.9995511
5149,dog,dog,0.99983966
5150,dog,dog,0.9998609
5151,dog,dog,0.9998826
5152,dog,dog,0.99970573
5153,dog,dog,0.9995427
5154,dog,dog,0.99978775
5155,dog,dog,0.9998404
5156,dog,dog,0.9996605
5157,dog,dog,0.9997739
5158,dog,dog,0.99939525
5159,dog,dog,0.99985635
5160,dog,dog,0.9998542
5161,dog,dog,0.9997644
5162,dog,dog,0.9998417
5163,dog,dog,0.9998258
5164,dog,dog,0.9998154
5165,dog,dog,0.99970967
5166,dog,dog,0.99984145
5167,dog,dog,0.9997917
5168,dog,dog,0.99991
5169,dog,dog,0.99985874
5170,dog,dog,0.99989414
5171,dog,dog,0.9997892
5172,dog,dog,0.9998104
5173,dog,dog,0.9998437
5174,dog,dog,0.9963013
5175,dog,dog,0.9998381
5176,dog,dog,0.99982494
5177,dog,dog,0.9998779
5178,dog,dog,0.9994956
5179,dog,dog,0.9998759
5180,dog,dog,0.99988294
5181,dog,dog,0.9998222
5182,dog,dog,0.99979454
5183,dog,dog,0.9998466
5184,dog,dog,0.9998925
5185,dog,dog,0.9997868
5186,dog,dog,0.9999
5187,dog,dog,0.9996909
5188,dog,dog,0.99992275
5189,dog,dog,0.9998946
5190,dog,dog,0.9996679
5191,dog,dog,0.9998437
5192,dog,dog,0.9998894
5193,dog,dog,0.999783
5194,dog,dog,0.99980026
5195,dog,dog,0.99974793
5196,dog,dog,0.999841
5197,dog,dog,0.99989986
5198,dog,dog,0.9998455
5199,dog,dog,0.9998684
5200,dog,dog,0.9998946
5201,dog,dog,0.99979573
5202,dog,dog,0.9998827
5203,dog,dog,0.9998907
5204,dog,dog,0.99982905
5205,dog,dog,0.99984336
5206,dog,dog,0.99983716
5207,dog,dog,0.9991247
5208,dog,dog,0.9998348
5209,dog,dog,0.9998752
5210,dog,dog,0.99976665
5211,dog,cat,0.9968098
5212,dog,dog,0.9998641
5213,dog,dog,0.9995963
5214,dog,dog,0.9997886
5215,dog,dog,0.9996941
5216,dog,dog,0.99981064
5217,dog,dog,0.9998996
5218,dog,dog,0.9998529
5219,dog,dog,0.9998424
5220,dog,dog,0.999874
5221,dog,dog,0.9997912
5222,dog,dog,0.99986565
5223,dog,dog,0.99967
5224,dog,dog,0.99978024
5225,dog,dog,0.9998111
5226,dog,dog,0.9996076
5227,dog,dog,0.99961746
5228,dog,dog,0.99979216
5229,dog,dog,0.99982363
5230,dog,dog,0.9969994
5231,dog,dog,0.9998379
5232,dog,dog,0.9999131
5233,dog,dog,0.99974066
5234,dog,dog,0.99982905
5235,dog,dog,0.9998336
5236,dog,dog,0.9994886
5237,dog,dog,0.9997398
5238,dog,dog,0.99984396
5239,dog,dog,0.9998646
5240,dog,dog,0.9995555
5241,dog,deer,0.9976392
5242,dog,dog,0.9995061
5243,dog,dog,0.9997435
5244,dog,dog,0.9998559
5245,dog,dog,0.9998864
5246,dog,dog,0.9997974
5247,dog,dog,0.9998299
5248,dog,dog,0.98927784
5249,dog,dog,0.99984205
5250,dog,dog,0.9999052
5251,dog,dog,0.9993999
5252,dog,dog,0.9997944
5253,dog,dog,0.99987876
5254,dog,dog,0.99985754
5255,dog,dog,0.99976295
5256,dog,dog,0.9998847
5257,dog,dog,0.99982435
5258,dog,dog,0.9992217
5259,dog,dog,0.9998994
5260,dog,dog,0.9998913
5261,dog,dog,0.9998735
5262,dog,dog,0.9990207
5263,dog,dog,0.9998814
5264,dog,dog,0.99976784
5265,dog,dog,0.99926335
5266,dog,dog,0.99806696
5267,dog,dog,0.9999033
5268,dog,dog,0.99986196
5269,dog,dog,0.9998758
5270,dog,dog,0.9998536
5271,dog,dog,0.9998293
5272,dog,dog,0.9998499
5273,dog,deer,0.9142082
5274,dog,dog,0.9998086
5275,dog,dog,0.99983764
5276,dog,dog,0.9999124
5277,dog,dog,0.9998305
5278,dog,dog,0.9998498
5279,dog,dog,0.9998921
5280,dog,dog,0.99983215
5281,dog,dog,0.9998673
5282,dog,dog,0.99976486
5283,dog,dog,0.99768555
5284,dog,dog,0.99985254
5285,dog,dog,0.9998423
5286,dog,dog,0.99988985
5287,dog,dog,0.9997727
5288,dog,dog,0.99987483
5289,dog,dog,0.9997948
5290,dog,dog,0.99986696
5291,dog,dog,0.9998468
5292,dog,dog,0.9998815
5293,dog,dog,0.99987745
5294,dog,dog,0.99945384
5295,dog,dog,0.99930704
5296,dog,dog,0.99987733
5297,dog,dog,0.99899143
5298,dog,dog,0.99931943
5299,dog,dog,0.999858
5300,dog,dog,0.9542227
5301,dog,dog,0.99971277
5302,dog,dog,0.9998647
5303,dog,dog,0.9998919
5304,dog,dog,0.9997873
5305,dog,dog,0.99957174
5306,dog,dog,0.94117296
5307,dog,dog,0.9998685
5308,dog,dog,0.99989414
5309,dog,dog,0.9986625
5310,dog,dog,0.9998933
5311,dog,dog,0.9997814
5312,dog,dog,0.9997209
5313,dog,dog,0.99976116
5314,dog,dog,0.99943215
5315,dog,dog,0.999887
5316,dog,dog,0.99975914
5317,dog,dog,0.999814
5318,dog,dog,0.9998466
5319,dog,dog,0.99984825
5320,dog,dog,0.99973994
5321,dog,dog,0.99985874
5322,dog,dog,0.9998779
5323,dog,dog,0.79805475
5324,dog,dog,0.99984026
5325,dog,dog,0.9998683
5326,dog,dog,0.99986863
5327,dog,dog,0.999845
5328,dog,dog,0.9998062
5329,dog,dog,0.9998097
5330,dog,dog,0.99982375
5331,dog,dog,0.999861
5332,dog,dog,0.99984694
5333,dog,dog,0.99986124
5334,dog,dog,0.99976474
5335,dog,dog,0.999813
5336,dog,dog,0.9998957
5337,dog,dog,0.99985087
5338,dog,dog,0.9998983
5339,dog,dog,0.9997845
5340,dog,dog,0.9997849
5341,dog,dog,0.9998915
5342,dog,dog,0.9998913
5343,dog,dog,0.99971193
5344,dog,dog,0.9999157
5345,dog,dog,0.9705237
5346,dog,dog,0.99985194
5347,dog,dog,0.999889
5348,dog,dog,0.9996753
5349,dog,dog,0.9998827
5350,dog,dog,0.9997459
5351,dog,dog,0.5546956
5352,dog,dog,0.9995403
5353,dog,dog,0.99982446
5354,dog,dog,0.9998254
5355,dog,dog,0.99984443
5356,dog,dog,0.99985266
5357,dog,dog,0.9999069
5358,dog,dog,0.99978596
5359,dog,dog,0.9997094
5360,dog,truck,0.50752574
5361,dog,dog,0.9996973
5362,dog,dog,0.9998816
5363,dog,dog,0.99984646
5364,dog,dog,0.9994106
5365,dog,dog,0.9997526
5366,dog,dog,0.99967325
5367,dog,dog,0.99979943
5368,dog,dog,0.99985766
5369,dog,dog,0.99982446
5370,dog,dog,0.9998266
5371,dog,dog,0.9998946
5372,dog,dog,0.9998888
5373,dog,dog,0.99986887
5374,dog,dog,0.9997776
5375,dog,dog,0.9998914
5376,dog,dog,0.9998405
5377,dog,dog,0.99970406
5378,dog,dog,0.9997187
5379,dog,dog,0.9997335
5380,dog,dog,0.9212357
5381,dog,dog,0.999711
5382,dog,dog,0.99975914
5383,dog,dog,0.99986374
5384,dog,dog,0.99987304
5385,dog,dog,0.9998797
5386,dog,dog,0.999856
5387,dog,dog,0.99981576
5388,dog,dog,0.99960834
5389,dog,dog,0.9997713
5390,dog,dog,0.9997769
5391,dog,dog,0.9997044
5392,dog,dog,0.9996972
5393,dog,dog,0.999897
5394,dog,dog,0.9998441
5395,dog,dog,0.99985456
5396,dog,dog,0.9999063
5397,dog,dog,0.9996848
5398,dog,dog,0.9998054
5399,dog,dog,0.99973506
5400,dog,dog,0.99987364
5401,dog,dog,0.99980444
5402,dog,cat,0.72599655
5403,dog,dog,0.9996915
5404,dog,cat,0.9985045
5405,dog,dog,0.9999201
5406,dog,dog,0.99985886
5407,dog,dog,0.9997757
5408,dog,dog,0.99973077
5409,dog,dog,0.9996735
5410,dog,dog,0.999863
5411,dog,dog,0.9998235
5412,dog,dog,0.9998652
5413,dog,dog,0.9998642
5414,dog,dog,0.99983025
5415,dog,dog,0.99987435
5416,dog,dog,0.9998235
5417,dog,dog,0.6738192
5418,dog,dog,0.999884
5419,dog,dog,0.9998696
5420,dog,dog,0.9998511
5421,dog,dog,0.9998473
5422,dog,dog,0.99986887
5423,dog,dog,0.9997439
5424,dog,dog,0.99990284
5425,dog,dog,0.9998503
5426,dog,dog,0.9998702
5427,dog,dog,0.99980265
5428,dog,dog,0.9997309
5429,dog,dog,0.99989784
5430,dog,dog,0.9998903
5431,dog,dog,0.9997557
5432,dog,dog,0.99978894
5433,dog,dog,0.99965906
5434,dog,dog,0.99982613
5435,dog,dog,0.9998889
5436,dog,dog,0.9870956
5437,dog,dog,0.9998951
5438,dog,dog,0.99989104
5439,dog,dog,0.9998319
5440,dog,horse,0.9726437
5441,dog,dog,0.9998975
5442,dog,dog,0.9997701
5443,dog,dog,0.9985795
5444,dog,dog,0.99977535
5445,dog,dog,0.9998807
5446,dog,dog,0.9998171
5447,dog,dog,0.999819
5448,dog,dog,0.9998481
5449,dog,dog,0.99967074
5450,dog,dog,0.99984324
5451,dog,dog,0.99940646
5452,dog,dog,0.99987197
5453,dog,dog,0.9998708
5454,dog,dog,0.99820733
5455,dog,dog,0.9998318
5456,dog,cat,0.99966943
5457,dog,dog,0.9999087
5458,dog,dog,0.9999131
5459,dog,dog,0.9997433
5460,dog,dog,0.99591273
5461,dog,dog,0.99984336
5462,dog,dog,0.9998172
5463,dog,dog,0.9997173
5464,dog,dog,0.9998779
5465,dog,dog,0.9998921
5466,dog,dog,0.9998565
5467,dog,dog,0.9997911
5468,dog,dog,0.9997807
5469,dog,dog,0.9998857
5470,dog,dog,0.99985075
5471,dog,dog,0.99984765
5472,dog,cat,0.9989385
5473,dog,dog,0.99987316
5474,dog,dog,0.999863
5475,dog,dog,0.9995153
5476,dog,dog,0.9998129
5477,dog,dog,0.99990535
5478,dog,dog,0.9998646
5479,dog,dog,0.9996551
5480,dog,dog,0.96905065
5481,dog,dog,0.99879164
5482,dog,dog,0.9999087
5483,dog,dog,0.80672175
5484,dog,dog,0.9998635
5485,dog,dog,0.999908
5486,dog,dog,0.99947137
5487,dog,dog,0.99966705
5488,dog,dog,0.9998945
5489,dog,dog,0.9998306
5490,dog,dog,0.99990153
5491,dog,dog,0.9998167
5492,dog,dog,0.6327671
5493,dog,dog,0.9998932
5494,dog,dog,0.99976975
5495,dog,dog,0.9998895
5496,dog,dog,0.99974364
5497,dog,dog,0.9998715
5498,dog,dog,0.9997497
5499,dog,dog,0.9998685
5500,dog,dog,0.99927396
5501,dog,dog,0.9997918
5502,dog,dog,0.999595
5503,dog,dog,0.9997603
5504,dog,dog,0.9998357
5505,dog,dog,0.9996799
5506,dog,dog,0.99983597
5507,dog,dog,0.9998956
5508,dog,dog,0.9997578
5509,dog,dog,0.9998481
5510,dog,dog,0.9998462
5511,dog,dog,0.9996779
5512,dog,dog,0.99986887
5513,dog,dog,0.99982685
5514,dog,cat,0.9818663
5515,dog,dog,0.9997485
5516,dog,dog,0.99960357
5517,dog,dog,0.99989355
5518,dog,dog,0.9998727
5519,dog,dog,0.99989617
5520,dog,dog,0.999871
5521,dog,dog,0.99987304
5522,dog,dog,0.999828
5523,dog,dog,0.99961615
5524,dog,dog,0.9998253
5525,dog,dog,0.99935013
5526,dog,cat,0.9997148
5527,dog,dog,0.99987423
5528,dog,dog,0.99989283
5529,dog,dog,0.99978894
5530,dog,dog,0.9998123
5531,dog,dog,0.99982196
5532,dog,dog,0.99922156
5533,dog,dog,0.9970632
5534,dog,dog,0.9997795
5535,dog,dog,0.99986506
5536,dog,dog,0.9998016
5537,dog,dog,0.99987257
5538,dog,dog,0.9998173
5539,dog,dog,0.999843
5540,dog,dog,0.999629
5541,dog,dog,0.9998951
5542,dog,dog,0.9990182
5543,dog,dog,0.9998678
5544,dog,dog,0.999912
5545,dog,dog,0.9998035
5546,dog,dog,0.9997274
5547,dog,dog,0.99885964
5548,dog,dog,0.9993156
5549,dog,dog,0.9274094
5550,dog,dog,0.99984705
5551,dog,dog,0.99988186
5552,dog,dog,0.9998845
5553,dog,dog,0.9997384
5554,dog,dog,0.999806
5555,dog,deer,0.9144429
5556,dog,dog,0.99986863
5557,dog,dog,0.99975353
5558,dog,dog,0.99964666
5559,dog,dog,0.99985325
5560,dog,dog,0.9998876
5561,dog,dog,0.9998536
5562,dog,dog,0.9994611
5563,dog,dog,0.9998888
5564,dog,dog,0.99966264
5565,dog,dog,0.9998615
5566,dog,dog,0.99976474
5567,dog,dog,0.9999156
5568,dog,dog,0.9990295
5569,dog,dog,0.99987197
5570,dog,dog,0.99848783
5571,dog,dog,0.9988637
5572,dog,dog,0.9998215
5573,dog,dog,0.9998455
5574,dog,dog,0.9997086
5575,dog,dog,0.9956637
5576,dog,dog,0.99989986
5577,dog,dog,0.996154
5578,dog,dog,0.9997594
5579,dog,dog,0.9998286
5580,dog,dog,0.99989736
5581,dog,dog,0.8937913
5582,dog,dog,0.99985933
5583,dog,dog,0.99967384
5584,dog,dog,0.99988425
5585,dog,dog,0.99988735
5586,dog,dog,0.99987686
5587,dog,dog,0.99984217
5588,dog,dog,0.99990547
5589,dog,dog,0.99984205
5590,dog,dog,0.9997805
5591,dog,dog,0.99957997
5592,dog,dog,0.99988663
5593,dog,dog,0.99980766
5594,dog,dog,0.9998406
5595,dog,dog,0.99987423
5596,dog,dog,0.9997588
5597,dog,dog,0.9997851
5598,dog,dog,0.99989724
5599,dog,dog,0.99970526
5600,dog,dog,0.999828
5601,dog,dog,0.99978346
5602,dog,dog,0.99988914
5603,dog,dog,0.999861
5604,dog,dog,0.99983764
5605,dog,dog,0.99963117
5606,dog,dog,0.9997681
5607,dog,dog,0.99964523
5608,dog,dog,0.99975866
5609,dog,dog,0.99985194
5610,dog,dog,0.9998753
5611,dog,dog,0.999775
5612,dog,dog,0.99984634
5613,dog,dog,0.99980193
5614,dog,dog,0.99985814
5615,dog,dog,0.9998344
5616,dog,dog,0.99622595
5617,dog,dog,0.999826
5618,dog,dog,0.9994235
5619,dog,deer,0.5411398
5620,dog,dog,0.9993882
5621,dog,dog,0.9998754
5622,dog,dog,0.9998965
5623,dog,dog,0.9998764
5624,dog,dog,0.9997981
5625,dog,dog,0.99976546
5626,dog,dog,0.9998703
5627,dog,dog,0.9998072
5628,dog,dog,0.9997713
5629,dog,dog,0.99968493
5630,dog,dog,0.9985825
5631,dog,dog,0.99203426
5632,dog,dog,0.99976283
5633,dog,dog,0.99982685
5634,dog,dog,0.9998481
5635,dog,dog,0.9998385
5636,dog,dog,0.9998267
5637,dog,dog,0.9997811
5638,dog,dog,0.9998323
5639,dog,dog,0.9983083
5640,dog,dog,0.9998056
5641,dog,dog,0.99980456
5642,dog,dog,0.99983287
5643,dog,dog,0.99981123
5644,dog,dog,0.9998994
5645,dog,dog,0.9993893
5646,dog,dog,0.99976903
5647,dog,dog,0.99984646
5648,dog,dog,0.99988353
5649,dog,dog,0.99980396
5650,dog,dog,0.99987924
5651,dog,dog,0.9997993
5652,dog,dog,0.9994062
5653,dog,dog,0.9997507
5654,dog,dog,0.99987304
5655,dog,dog,0.9998902
5656,dog,dog,0.9995245
5657,dog,dog,0.99974054
5658,dog,dog,0.99989057
5659,dog,dog,0.99971
5660,dog,dog,0.99708146
5661,dog,dog,0.999821
5662,dog,dog,0.99984956
5663,dog,dog,0.999884
5664,dog,dog,0.99988234
5665,dog,dog,0.9998565
5666,dog,dog,0.9400288
5667,dog,cat,0.7096183
5668,dog,cat,0.80161154
5669,dog,deer,0.99329513
5670,dog,dog,0.9998969
5671,dog,dog,0.9998864
5672,dog,dog,0.9998907
5673,dog,dog,0.9998952
5674,dog,dog,0.9998981
5675,dog,dog,0.9998977
5676,dog,dog,0.9997216
5677,dog,dog,0.9998658
5678,dog,dog,0.99944776
5679,dog,dog,0.9998487
5680,dog,dog,0.9998938
5681,dog,dog,0.9998062
5682,dog,dog,0.99975413
5683,dog,dog,0.9998746
5684,dog,dog,0.9997298
5685,dog,dog,0.99986017
5686,dog,dog,0.9997688
5687,dog,dog,0.99981254
5688,dog,dog,0.9998273
5689,dog,dog,0.776745
5690,dog,dog,0.9998946
5691,dog,dog,0.999889
5692,dog,dog,0.9998197
5693,dog,dog,0.99975044
5694,dog,dog,0.99988365
5695,dog,dog,0.9997831
5696,dog,dog,0.9996996
5697,dog,dog,0.9997472
5698,dog,dog,0.9997942
5699,dog,dog,0.999877
5700,dog,dog,0.9997832
5701,dog,dog,0.99978167
5702,dog,dog,0.9997211
5703,dog,dog,0.99983585
5704,dog,dog,0.99985313
5705,dog,dog,0.99986005
5706,dog,dog,0.99967074
5707,dog,dog,0.9998265
5708,dog,dog,0.9998807
5709,dog,dog,0.9997774
5710,dog,dog,0.99981827
5711,dog,dog,0.9998441
5712,dog,dog,0.9998895
5713,dog,dog,0.9997484
5714,dog,dog,0.9998721
5715,dog,dog,0.99983346
5716,dog,dog,0.999813
5717,dog,dog,0.9997738
5718,dog,dog,0.99965906
5719,dog,dog,0.9997651
5720,dog,dog,0.99988806
5721,dog,dog,0.99980384
5722,dog,dog,0.9998029
5723,dog,dog,0.9998035
5724,dog,dog,0.999816
5725,dog,dog,0.9979882
5726,dog,dog,0.9998004
5727,dog,dog,0.9998178
5728,dog,dog,0.9998703
5729,dog,dog,0.9998203
5730,dog,dog,0.99988425
5731,dog,dog,0.9997862
5732,dog,dog,0.99981266
5733,dog,dog,0.99985933
5734,dog,dog,0.99984777
5735,dog,dog,0.9998808
5736,dog,dog,0.9998963
5737,dog,dog,0.9998022
5738,dog,dog,0.9998468
5739,dog,dog,0.9998641
5740,dog,dog,0.99989724
5741,dog,dog,0.9997421
5742,dog,dog,0.9996803
5743,dog,dog,0.99989367
5744,dog,dog,0.9998235
5745,dog,dog,0.99975866
5746,dog,dog,0.9997917
5747,dog,dog,0.9998528
5748,dog,dog,0.9998056
5749,dog,dog,0.9997781
5750,dog,dog,0.9997534
5751,dog,dog,0.9998671
5752,dog,dog,0.9997726
5753,dog,dog,0.99986494
5754,dog,dog,0.9986047
5755,dog,dog,0.99982184
5756,dog,dog,0.99974865
5757,dog,dog,0.9998548
5758,dog,dog,0.99987113
5759,dog,cat,0.9989273
5760,dog,dog,0.99976057
5761,dog,dog,0.9997303
5762,dog,dog,0.99987674
5763,dog,dog,0.9998324
5764,dog,dog,0.9996486
5765,dog,dog,0.99981576
5766,dog,dog,0.9998988
5767,dog,dog,0.99986696
5768,dog,dog,0.9970059
5769,dog,dog,0.9998975
5770,dog,dog,0.99715024
5771,dog,dog,0.99961436
5772,dog,dog,0.9997203
5773,dog,dog,0.99982893
5774,dog,dog,0.99989915
5775,dog,dog,0.99903655
5776,dog,dog,0.7712449
5777,dog,dog,0.99988186
5778,dog,dog,0.99978834
5779,dog,dog,0.9997689
5780,dog,dog,0.9993926
5781,dog,dog,0.99692243
5782,dog,dog,0.99963963
5783,dog,dog,0.9998772
5784,dog,dog,0.99980396
5785,dog,dog,0.9995995
5786,dog,dog,0.9998093
5787,dog,dog,0.7714239
5788,dog,dog,0.99971694
5789,dog,dog,0.99976987
5790,dog,dog,0.9998141
5791,dog,dog,0.9998728
5792,dog,dog,0.9998229
5793,dog,dog,0.9998524
5794,dog,dog,0.99980265
5795,dog,dog,0.9996954
5796,dog,dog,0.9998778
5797,dog,dog,0.9995745
5798,dog,dog,0.9997898
5799,dog,dog,0.999764
5800,dog,dog,0.9974625
5801,dog,dog,0.9581581
5802,dog,dog,0.9998635
5803,dog,dog,0.9998605
5804,dog,dog,0.9995103
5805,dog,dog,0.9997824
5806,dog,dog,0.9997255
5807,dog,dog,0.9998766
5808,dog,dog,0.9998473
5809,dog,dog,0.99979836
5810,dog,dog,0.99986744
5811,dog,dog,0.99979967
5812,dog,dog,0.9998708
5813,dog,dog,0.9998129
5814,dog,dog,0.99991417
5815,dog,dog,0.9998933
5816,dog,dog,0.9998171
5817,dog,dog,0.99982387
5818,dog,dog,0.9998542
5819,dog,dog,0.9977189
5820,dog,dog,0.999816
5821,dog,dog,0.99979347
5822,dog,dog,0.9998049
5823,dog,dog,0.999866
5824,dog,dog,0.9997594
5825,dog,dog,0.9998355
5826,dog,cat,0.9962572
5827,dog,cat,0.7184515
5828,dog,dog,0.99986815
5829,dog,dog,0.9998472
5830,dog,dog,0.99980885
5831,dog,dog,0.9998311
5832,dog,dog,0.9995436
5833,dog,dog,0.9983348
5834,dog,dog,0.9998029
5835,dog,dog,0.999887
5836,dog,dog,0.93233347
5837,dog,cat,0.99235535
5838,dog,dog,0.9999064
5839,dog,dog,0.99823785
5840,dog,cat,0.98755765
5841,dog,dog,0.9998863
5842,dog,dog,0.9998524
5843,dog,dog,0.9994099
5844,dog,dog,0.9997913
5845,dog,dog,0.99990153
5846,dog,dog,0.9998834
5847,dog,dog,0.99978477
5848,dog,dog,0.9997553
5849,dog,dog,0.99963605
5850,dog,dog,0.9993913
5851,dog,dog,0.9997955
5852,dog,dog,0.98159224
5853,dog,dog,0.99969625
5854,dog,dog,0.99984264
5855,dog,dog,0.999856
5856,dog,dog,0.99988425
5857,dog,dog,0.9909285
5858,dog,dog,0.9998721
5859,dog,dog,0.98645973
5860,dog,dog,0.999686
5861,dog,dog,0.9995716
5862,dog,dog,0.99989855
5863,dog,dog,0.9997999
5864,dog,cat,0.5794925
5865,dog,dog,0.9998466
5866,dog,deer,0.92663866
5867,dog,dog,0.99987495
5868,dog,dog,0.99955577
5869,dog,dog,0.999746
5870,dog,dog,0.99991477
5871,dog,dog,0.99987376
5872,dog,dog,0.9998672
5873,dog,dog,0.9998863
5874,dog,dog,0.9972613
5875,dog,dog,0.99989164
5876,dog,dog,0.99961686
5877,dog,dog,0.9995839
5878,dog,dog,0.99980456
5879,dog,dog,0.9998388
5880,dog,dog,0.9998882
5881,dog,dog,0.999846
5882,dog,dog,0.99989486
5883,dog,dog,0.99984765
5884,dog,dog,0.99948835
5885,dog,dog,0.999833
5886,dog,dog,0.9994649
5887,dog,dog,0.99974567
5888,dog,dog,0.99986124
5889,dog,dog,0.99980694
5890,dog,dog,0.9998536
5891,dog,dog,0.99974734
5892,dog,dog,0.9998821
5893,dog,dog,0.9998529
5894,dog,dog,0.999864
5895,dog,dog,0.9998388
5896,dog,dog,0.9998318
5897,dog,dog,0.9996458
5898,dog,dog,0.9996512
5899,dog,dog,0.9998016
5900,dog,dog,0.99987936
5901,dog,dog,0.9996841
5902,dog,dog,0.99979776
5903,dog,dog,0.99975497
5904,dog,dog,0.9997782
5905,dog,dog,0.9997453
5906,dog,dog,0.9998419
5907,dog,dog,0.9998709
5908,dog,dog,0.99903166
5909,dog,dog,0.99989426
5910,dog,dog,0.99982494
5911,dog,dog,0.99986005
5912,dog,dog,0.9998872
5913,dog,dog,0.78875846
5914,dog,dog,0.99990296
5915,dog,dog,0.9999169
5916,dog,dog,0.9997855
5917,dog,dog,0.9998679
5918,dog,dog,0.9935715
5919,dog,dog,0.99979
5920,dog,cat,0.88407934
5921,dog,dog,0.99980813
5922,dog,dog,0.9998839
5923,dog,dog,0.9997075
5924,dog,dog,0.9994035
5925,dog,cat,0.9938863
5926,dog,dog,0.9999039
5927,dog,dog,0.9995771
5928,dog,dog,0.99989355
5929,dog,dog,0.9997811
5930,dog,dog,0.99959594
5931,dog,dog,0.9998179
5932,dog,dog,0.99919075
5933,dog,dog,0.99963474
5934,dog,dog,0.9989299
5935,dog,dog,0.99988616
5936,dog,dog,0.9992499
5937,dog,dog,0.9998572
5938,dog,cat,0.9873584
5939,dog,dog,0.99979085
5940,dog,dog,0.99982053
5941,dog,dog,0.99988174
5942,dog,dog,0.999881
5943,dog,cat,0.9981541
5944,dog,dog,0.9998584
5945,dog,dog,0.99963534
5946,dog,dog,0.999747
5947,dog,dog,0.9994899
5948,dog,dog,0.99987435
5949,dog,dog,0.999848
5950,dog,dog,0.9998325
5951,dog,dog,0.9998448
5952,dog,cat,0.9993824
5953,dog,dog,0.99974054
5954,dog,dog,0.9998833
5955,dog,dog,0.99971956
5956,dog,dog,0.9998165
5957,dog,dog,0.9998578
5958,dog,dog,0.9998779
5959,dog,dog,0.999897
5960,dog,dog,0.99968827
5961,dog,dog,0.9997979
5962,dog,dog,0.99965394
5963,dog,dog,0.9997569
5964,dog,dog,0.9997447
5965,dog,dog,0.99989915
5966,dog,dog,0.99976593
5967,dog,dog,0.9998534
5968,dog,dog,0.9998752
5969,dog,dog,0.9998597
5970,dog,dog,0.9998282
5971,dog,dog,0.99986446
5972,dog,dog,0.9998375
5973,dog,dog,0.99972075
5974,dog,dog,0.9998894
5975,dog,dog,0.9998666
5976,dog,dog,0.9998443
5977,dog,dog,0.99985826
5978,dog,dog,0.999882
5979,dog,dog,0.9998847
5980,dog,dog,0.9996973
5981,dog,dog,0.99986017
5982,dog,dog,0.9998293
5983,dog,dog,0.9995142
5984,dog,dog,0.9998543
5985,dog,frog,0.7917479
5986,dog,dog,0.9998048
5987,dog,dog,0.9998079
5988,dog,dog,0.9998559
5989,dog,dog,0.99927634
5990,dog,dog,0.9993017
5991,dog,dog,0.9997029
5992,dog,dog,0.9993349
5993,dog,dog,0.99978906
5994,dog,dog,0.99974316
5995,dog,dog,0.999833
5996,dog,dog,0.9997595
5997,dog,dog,0.99983406
5998,dog,dog,0.99979717
5999,dog,dog,0.99981683
6000,frog,frog,0.9999249
6001,frog,frog,0.99993956
6002,frog,frog,0.9999349
6003,frog,frog,0.9999418
6004,frog,frog,0.9999287
6005,frog,frog,0.9999219
6006,frog,frog,0.999944
6007,frog,frog,0.9999169
6008,frog,frog,0.9998902
6009,frog,frog,0.9804867
6010,frog,frog,0.99991333
6011,frog,frog,0.99993455
6012,frog,frog,0.9999471
6013,frog,frog,0.9999405
6014,frog,frog,0.99968994
6015,frog,frog,0.9999107
6016,frog,frog,0.99986315
6017,frog,frog,0.999933
6018,frog,frog,0.99988544
6019,frog,frog,0.9999342
6020,frog,frog,0.9999337
6021,frog,frog,0.99991643
6022,frog,frog,0.99992657
6023,frog,frog,0.9991622
6024,frog,frog,0.99991465
6025,frog,frog,0.9999404
6026,frog,frog,0.99992025
6027,frog,deer,0.82466525
6028,frog,frog,0.9999194
6029,frog,frog,0.99990904
6030,frog,frog,0.9999175
6031,frog,frog,0.99992096
6032,frog,frog,0.9999279
6033,frog,frog,0.99992526
6034,frog,frog,0.999928
6035,frog,frog,0.9999367
6036,frog,frog,0.999933
6037,frog,frog,0.99981624
6038,frog,frog,0.9999367
6039,frog,frog,0.99992335
6040,frog,frog,0.99992347
6041,frog,frog,0.999941
6042,frog,frog,0.9999298
6043,frog,frog,0.9999175
6044,frog,frog,0.9999294
6045,frog,frog,0.9999291
6046,frog,frog,0.99985135
6047,frog,frog,0.9999387
6048,frog,frog,0.99992085
6049,frog,frog,0.9999014
6050,frog,frog,0.99988353
6051,frog,frog,0.9999076
6052,frog,frog,0.9999331
6053,frog,frog,0.9999167
6054,frog,frog,0.99991906
6055,frog,frog,0.99993217
6056,frog,frog,0.9999342
6057,frog,frog,0.99991393
6058,frog,frog,0.9999341
6059,frog,frog,0.9999175
6060,frog,frog,0.9999311
6061,frog,frog,0.9999379
6062,frog,frog,0.9999362
6063,frog,frog,0.99988186
6064,frog,frog,0.99992883
6065,frog,frog,0.9999305
6066,frog,frog,0.9999027
6067,frog,frog,0.99990666
6068,frog,frog,0.99992347
6069,frog,frog,0.9999316
6070,frog,frog,0.99991655
6071,frog,frog,0.99991834
6072,frog,frog,0.9999399
6073,frog,frog,0.9999331
6074,frog,frog,0.9999312
6075,frog,frog,0.99989474
6076,frog,frog,0.9999058
6077,frog,frog,0.9999244
6078,frog,frog,0.9999217
6079,frog,frog,0.9838387
6080,frog,frog,0.9999291
6081,frog,frog,0.9998938
6082,frog,frog,0.9999219
6083,frog,frog,0.9998647
6084,frog,frog,0.9999293
6085,frog,frog,0.9998907
6086,frog,frog,0.9999347
6087,frog,frog,0.9999398
6088,frog,frog,0.9999137
6089,frog,frog,0.9999124
6090,frog,frog,0.9998307
6091,frog,frog,0.9999161
6092,frog,frog,0.99992335
6093,frog,frog,0.99993086
6094,frog,frog,0.9999212
6095,frog,frog,0.9998851
6096,frog,frog,0.9999347
6097,frog,frog,0.990647
6098,frog,frog,0.9999403
6099,frog,frog,0.99962795
6100,frog,frog,0.99993503
6101,frog,frog,0.9998479
6102,frog,frog,0.9999366
6103,frog,frog,0.99994445
6104,frog,frog,0.9999306
6105,frog,frog,0.99990726
6106,frog,frog,0.9999373
6107,frog,frog,0.9999068
6108,frog,frog,0.9998419
6109,frog,frog,0.9999163
6110,frog,frog,0.9999387
6111,frog,frog,0.99991393
6112,frog,frog,0.9999143
6113,frog,frog,0.9999231
6114,frog,frog,0.9999311
6115,frog,frog,0.999943
6116,frog,frog,0.99992
6117,frog,frog,0.99982125
6118,frog,frog,0.99987686
6119,frog,frog,0.9999155
6120,frog,frog,0.9999199
6121,frog,frog,0.99991584
6122,frog,frog,0.9999268
6123,frog,frog,0.9999118
6124,frog,frog,0.99992883
6125,frog,frog,0.9999347
6126,frog,frog,0.99993324
6127,frog,frog,0.9999392
6128,frog,frog,0.9999151
6129,frog,frog,0.99994123
6130,frog,frog,0.9561188
6131,frog,frog,0.9999224
6132,frog,frog,0.9999254
6133,frog,frog,0.9999316
6134,frog,frog,0.9999261
6135,frog,frog,0.9998517
6136,frog,frog,0.9999267
6137,frog,frog,0.9998573
6138,frog,frog,0.99993575
6139,frog,frog,0.9999193
6140,frog,frog,0.9999207
6141,frog,frog,0.9999393
6142,frog,frog,0.9996848
6143,frog,frog,0.9999224
6144,frog,frog,0.99992716
6145,frog,frog,0.9999299
6146,frog,frog,0.9999094
6147,frog,frog,0.9999304
6148,frog,frog,0.99991727
6149,frog,frog,0.99989986
6150,frog,frog,0.99993634
6151,frog,frog,0.9999187
6152,frog,frog,0.99992514
6153,frog,frog,0.9999263
6154,frog,frog,0.9998282
6155,frog,frog,0.99992716
6156,frog,dog,0.78686047
6157,frog,frog,0.99990475
6158,frog,frog,0.999881
6159,frog,frog,0.9999263
6160,frog,frog,0.99980074
6161,frog,frog,0.99993277
6162,frog,frog,0.99991655
6163,frog,frog,0.9999316
6164,frog,frog,0.99993443
6165,frog,frog,0.99992776
6166,frog,frog,0.99993384
6167,frog,frog,0.99991536
6168,frog,frog,0.99992347
6169,frog,frog,0.9999105
6170,frog,frog,0.99994016
6171,frog,frog,0.999936
6172,frog,frog,0.9999299
6173,frog,frog,0.99990225
6174,frog,frog,0.9999385
6175,frog,frog,0.99990857
6176,frog,frog,0.9999231
6177,frog,frog,0.9999263
6178,frog,frog,0.9999305
6179,frog,frog,0.99991536
6180,frog,frog,0.9999224
6181,frog,frog,0.99991834
6182,frog,frog,0.99989605
6183,frog,frog,0.9999217
6184,frog,frog,0.9999273
6185,frog,frog,0.996858
6186,frog,frog,0.9999367
6187,frog,frog,0.9999329
6188,frog,frog,0.99992645
6189,frog,frog,0.99990904
6190,frog,frog,0.9999285
6191,frog,frog,0.9999373
6192,frog,frog,0.99992037
6193,frog,frog,0.9998965
6194,frog,frog,0.9999225
6195,frog,frog,0.99991643
6196,frog,frog,0.99992335
6197,frog,frog,0.9999304
6198,frog,frog,0.9999167
6199,frog,frog,0.99988925
6200,frog,frog,0.99993944
6201,frog,frog,0.99993014
6202,frog,frog,0.9998759
6203,frog,frog,0.9999286
6204,frog,frog,0.9989285
6205,frog,frog,0.99969995
6206,frog,frog,0.99992514
6207,frog,frog,0.9999325
6208,frog,frog,0.9999052
6209,frog,frog,0.9999223
6210,frog,frog,0.99992526
6211,frog,frog,0.9999269
6212,frog,frog,0.99993205
6213,frog,frog,0.99991727
6214,frog,frog,0.9998939
6215,frog,frog,0.99993324
6216,frog,frog,0.99993515
6217,frog,frog,0.999881
6218,frog,frog,0.99983037
6219,frog,frog,0.9998952
6220,frog,frog,0.99993813
6221,frog,frog,0.99991214
6222,frog,frog,0.9999348
6223,frog,frog,0.99992275
6224,frog,frog,0.9999149
6225,frog,frog,0.99993765
6226,frog,frog,0.9999169
6227,frog,frog,0.9999385
6228,frog,frog,0.9999405
6229,frog,frog,0.9999145
6230,frog,frog,0.9999182
6231,frog,frog,0.9999368
6232,frog,frog,0.99991477
6233,frog,frog,0.9999095
6234,frog,frog,0.99956983
6235,frog,frog,0.9999143
6236,frog,frog,0.99988973
6237,frog,frog,0.99991024
6238,frog,frog,0.99993706
6239,frog,frog,0.9999033
6240,frog,frog,0.9998634
6241,frog,frog,0.9999217
6242,frog,frog,0.9999032
6243,frog,frog,0.99993336
6244,frog,frog,0.9999329
6245,frog,frog,0.99992204
6246,frog,frog,0.9999187
6247,frog,frog,0.9999255
6248,frog,frog,0.99994314
6249,frog,frog,0.9999263
6250,frog,frog,0.9999273
6251,frog,frog,0.99989307
6252,frog,frog,0.99992347
6253,frog,frog,0.9999263
6254,frog,frog,0.999913
6255,frog,frog,0.9999417
6256,frog,frog,0.99991655
6257,frog,frog,0.9999089
6258,frog,frog,0.9996784
6259,frog,frog,0.9999188
6260,frog,frog,0.99992454
6261,frog,frog,0.99992156
6262,frog,frog,0.99992645
6263,frog,frog,0.9999125
6264,frog,frog,0.9999114
6265,frog,frog,0.99987924
6266,frog,frog,0.9541461
6267,frog,frog,0.8236081
6268,frog,frog,0.99978
6269,frog,frog,0.9999236
6270,frog,frog,0.99992764
6271,frog,frog,0.9999131
6272,frog,frog,0.99988055
6273,frog,frog,0.9999294
6274,frog,cat,0.99457943
6275,frog,frog,0.99992716
6276,frog,frog,0.9999404
6277,frog,frog,0.99992085
6278,frog,frog,0.9999244
6279,frog,frog,0.99991167
6280,frog,frog,0.99994445
6281,frog,frog,0.999923
6282,frog,frog,0.9999249
6283,frog,frog,0.999869
6284,frog,frog,0.99992895
6285,frog,frog,0.99993336
6286,frog,frog,0.9999249
6287,frog,frog,0.99989676
6288,frog,frog,0.9998908
6289,frog,frog,0.99993694
6290,frog,frog,0.9999274
6291,frog,frog,0.9998654
6292,frog,frog,0.99993753
6293,frog,frog,0.9999213
6294,frog,frog,0.9999207
6295,frog,frog,0.9999244
6296,frog,frog,0.99992573
6297,frog,frog,0.99992585
6298,frog,frog,0.999926
6299,frog,frog,0.99992895
6300,frog,frog,0.99992275
6301,frog,frog,0.9993093
6302,frog,frog,0.99993634
6303,frog,frog,0.9999312
6304,frog,frog,0.9998958
6305,frog,frog,0.9999013
6306,frog,frog,0.9999151
6307,frog,frog,0.999931
6308,frog,frog,0.99993014
6309,frog,frog,0.9998567
6310,frog,frog,0.99993193
6311,frog,frog,0.9999106
6312,frog,frog,0.9998833
6313,frog,frog,0.9999361
6314,frog,frog,0.99994123
6315,frog,frog,0.9999318
6316,frog,frog,0.9999219
6317,frog,frog,0.99992466
6318,frog,frog,0.9998834
6319,frog,frog,0.99990773
6320,frog,frog,0.9999211
6321,frog,frog,0.99992657
6322,frog,frog,0.9999125
6323,frog,frog,0.99993527
6324,frog,frog,0.9998049
6325,frog,frog,0.9999256
6326,frog,frog,0.9999014
6327,frog,frog,0.9999254
6328,frog,frog,0.999943
6329,frog,frog,0.99991465
6330,frog,frog,0.9999106
6331,frog,frog,0.99987304
6332,frog,frog,0.9999306
6333,frog,frog,0.9999393
6334,frog,frog,0.9999279
6335,frog,frog,0.99992645
6336,frog,frog,0.99993193
6337,frog,frog,0.9997116
6338,frog,frog,0.9999299
6339,frog,frog,0.99991536
6340,frog,frog,0.9999286
6341,frog,frog,0.9999279
6342,frog,frog,0.99977833
6343,frog,frog,0.99992836
6344,frog,frog,0.99971026
6345,frog,frog,0.99992704
6346,frog,frog,0.9999354
6347,frog,frog,0.99992394
6348,frog,frog,0.9999162
6349,frog,frog,0.9999343
6350,frog,frog,0.9999194
6351,frog,frog,0.99992394
6352,frog,frog,0.9999434
6353,frog,frog,0.99994004
6354,frog,frog,0.9999399
6355,frog,frog,0.9999056
6356,frog,frog,0.99992335
6357,frog,frog,0.9999409
6358,frog,frog,0.9999194
6359,frog,frog,0.999928
6360,frog,frog,0.99993825
6361,frog,frog,0.9999169
6362,frog,frog,0.99968636
6363,frog,frog,0.9999354
6364,frog,frog,0.9999385
6365,frog,frog,0.9999211
6366,frog,frog,0.99993217
6367,frog,frog,0.9998988
6368,frog,frog,0.99992764
6369,frog,frog,0.99992263
6370,frog,frog,0.99988115
6371,frog,frog,0.99992526
6372,frog,frog,0.9996884
6373,frog,frog,0.99991214
6374,frog,frog,0.99990845
6375,frog,frog,0.99993265
6376,frog,frog,0.98093754
6377,frog,frog,0.99990094
6378,frog,frog,0.999933
6379,frog,frog,0.99991417
6380,frog,frog,0.999928
6381,frog,frog,0.99992526
6382,frog,frog,0.99994147
6383,frog,frog,0.9998846
6384,frog,frog,0.99992204
6385,frog,frog,0.99993336
6386,frog,frog,0.99987495
6387,frog,frog,0.9999305
6388,frog,frog,0.9999112
6389,frog,frog,0.99990404
6390,frog,frog,0.9999318
6391,frog,frog,0.9999323
6392,frog,frog,0.9999287
6393,frog,frog,0.99983513
6394,frog,frog,0.99993813
6395,frog,frog,0.999936
6396,frog,frog,0.99991906
6397,frog,frog,0.8144438
6398,frog,frog,0.9999212
6399,frog,frog,0.9999398
6400,frog,frog,0.9748097
6401,frog,frog,0.9999336
6402,frog,frog,0.99982136
6403,frog,frog,0.99992347
6404,frog,frog,0.9999262
6405,frog,frog,0.9998704
6406,frog,frog,0.9999453
6407,frog,frog,0.9999267
6408,frog,frog,0.9999311
6409,frog,frog,0.9999254
6410,frog,frog,0.9998946
6411,frog,frog,0.9999255
6412,frog,frog,0.99991167
6413,frog,frog,0.99990547
6414,frog,frog,0.99993634
6415,frog,frog,0.9999367
6416,frog,frog,0.99993587
6417,frog,frog,0.99992716
6418,frog,frog,0.9999175
6419,frog,frog,0.99994075
6420,frog,frog,0.9999434
6421,frog,frog,0.9999068
6422,frog,frog,0.9998784
6423,frog,frog,0.9999393
6424,frog,frog,0.99985516
6425,frog,frog,0.9997583
6426,frog,frog,0.9999325
6427,frog,frog,0.9999348
6428,frog,frog,0.9999336
6429,frog,frog,0.9999304
6430,frog,frog,0.9999385
6431,frog,frog,0.99992
6432,frog,frog,0.9999287
6433,frog,frog,0.9999223
6434,frog,frog,0.99991274
6435,frog,dog,0.95267195
6436,frog,frog,0.9999361
6437,frog,frog,0.99993634
6438,frog,frog,0.9999279
6439,frog,frog,0.9999049
6440,frog,frog,0.9999304
6441,frog,frog,0.99993205
6442,frog,frog,0.99991953
6443,frog,frog,0.999915
6444,frog,frog,0.9999256
6445,frog,frog,0.99990773
6446,frog,frog,0.9999267
6447,frog,frog,0.99992347
6448,frog,frog,0.9999243
6449,frog,frog,0.9999248
6450,frog,frog,0.9999393
6451,frog,frog,0.9999174
6452,frog,frog,0.9999229
6453,frog,frog,0.9999373
6454,frog,frog,0.9999224
6455,frog,frog,0.99991274
6456,frog,frog,0.999936
6457,frog,frog,0.99985135
6458,frog,frog,0.99992144
6459,frog,frog,0.99993515
6460,frog,frog,0.9998938
6461,frog,frog,0.99991167
6462,frog,frog,0.9999261
6463,frog,frog,0.9997315
6464,frog,airplane,0.9998342
6465,frog,frog,0.999936
6466,frog,frog,0.9998678
6467,frog,frog,0.99991274
6468,frog,frog,0.99993026
6469,frog,frog,0.9999008
6470,frog,frog,0.99993896
6471,frog,frog,0.99993443
6472,frog,frog,0.9999298
6473,frog,frog,0.99991536
6474,frog,frog,0.9999263
6475,frog,frog,0.99992883
6476,frog,frog,0.9999131
6477,frog,frog,0.99992836
6478,frog,frog,0.99993515
6479,frog,frog,0.9999293
6480,frog,frog,0.99993277
6481,frog,frog,0.9999299
6482,frog,frog,0.9993654
6483,frog,frog,0.9999317
6484,frog,frog,0.999897
6485,frog,frog,0.999925
6486,frog,frog,0.9999198
6487,frog,frog,0.9999454
6488,frog,frog,0.9975885
6489,frog,frog,0.9999051
6490,frog,frog,0.99993837
6491,frog,frog,0.9999223
6492,frog,frog,0.9999386
6493,frog,frog,0.9999291
6494,frog,frog,0.99994063
6495,frog,frog,0.9999335
6496,frog,frog,0.99991655
6497,frog,frog,0.99970204
6498,frog,frog,0.9999355
6499,frog,frog,0.99990773
6500,frog,frog,0.99993396
6501,frog,frog,0.9999167
6502,frog,frog,0.99989915
6503,frog,frog,0.9999093
6504,frog,frog,0.9999119
6505,frog,frog,0.99994016
6506,frog,frog,0.9999324
6507,frog,frog,0.9999267
6508,frog,frog,0.999912
6509,frog,cat,0.8194783
6510,frog,frog,0.9999372
6511,frog,frog,0.9999044
6512,frog,frog,0.99990654
6513,frog,frog,0.9999219
6514,frog,frog,0.99993837
6515,frog,frog,0.9999219
6516,frog,frog,0.9998615
6517,frog,frog,0.9999324
6518,frog,frog,0.9999292
6519,frog,frog,0.9999424
6520,frog,frog,0.9999286
6521,frog,frog,0.99994385
6522,frog,frog,0.99991405
6523,frog,frog,0.99992824
6524,frog,frog,0.9999354
6525,frog,frog,0.9999366
6526,frog,frog,0.99990463
6527,frog,frog,0.99988735
6528,frog,frog,0.9998528
6529,frog,frog,0.999925
6530,frog,frog,0.9999348
6531,frog,frog,0.99992096
6532,frog,frog,0.9999461
6533,frog,frog,0.99993205
6534,frog,frog,0.9997003
6535,frog,frog,0.9999374
6536,frog,frog,0.9999298
6537,frog,frog,0.99992895
6538,frog,frog,0.99986875
6539,frog,frog,0.9998598
6540,frog,frog,0.9999343
6541,frog,frog,0.9999354
6542,frog,frog,0.9999335
6543,frog,frog,0.99868065
6544,frog,frog,0.9999194
6545,frog,frog,0.9999261
6546,frog,frog,0.9999329
6547,frog,frog,0.9998971
6548,frog,frog,0.99993324
6549,frog,frog,0.9999378
6550,frog,frog,0.9999244
6551,frog,frog,0.9999151
6552,frog,frog,0.9999112
6553,frog,frog,0.99993837
6554,frog,frog,0.9999213
6555,frog,frog,0.9999448
6556,frog,frog,0.99992025
6557,frog,frog,0.99994636
6558,frog,frog,0.99991155
6559,frog,frog,0.99987423
6560,frog,frog,0.9999311
6561,frog,frog,0.9995876
6562,frog,frog,0.999938
6563,frog,frog,0.9998698
6564,frog,frog,0.999908
6565,frog,frog,0.9999114
6566,frog,frog,0.999938
6567,frog,frog,0.9999298
6568,frog,frog,0.99993
6569,frog,frog,0.99992967
6570,frog,frog,0.999926
6571,frog,frog,0.9999223
6572,frog,frog,0.9999304
6573,frog,frog,0.9998503
6574,frog,frog,0.9999044
6575,frog,frog,0.99992144
6576,frog,frog,0.99944454
6577,frog,frog,0.99994004
6578,frog,frog,0.9997391
6579,frog,frog,0.9999275
6580,frog,frog,0.9999205
6581,frog,frog,0.9999232
6582,frog,frog,0.9999248
6583,frog,frog,0.999908
6584,frog,frog,0.9999156
6585,frog,frog,0.9998293
6586,frog,frog,0.99993086
6587,frog,frog,0.999838
6588,frog,frog,0.9999324
6589,frog,frog,0.9999052
6590,frog,frog,0.9999311
6591,frog,frog,0.99993503
6592,frog,frog,0.9998524
6593,frog,frog,0.9999263
6594,frog,frog,0.99993646
6595,frog,frog,0.9998902
6596,frog,frog,0.999943
6597,frog,frog,0.9998915
6598,frog,frog,0.9999318
6599,frog,frog,0.9999212
6600,frog,frog,0.99988246
6601,frog,frog,0.99992144
6602,frog,frog,0.99994314
6603,frog,frog,0.99993837
6604,frog,frog,0.9999199
6605,frog,frog,0.99993396
6606,frog,frog,0.9999243
6607,frog,frog,0.99930704
6608,frog,frog,0.9998548
6609,frog,frog,0.953313
6610,frog,frog,0.99992836
6611,frog,frog,0.9999299
6612,frog,frog,0.9999083
6613,frog,frog,0.9999409
6614,frog,frog,0.9999223
6615,frog,frog,0.99990714
6616,frog,frog,0.9998455
6617,frog,frog,0.99993527
6618,frog,frog,0.999212
6619,frog,frog,0.9999237
6620,frog,frog,0.99991906
6621,frog,frog,0.99992895
6622,frog,frog,0.9976902
6623,frog,frog,0.99993014
6624,frog,frog,0.99993396
6625,frog,frog,0.9999145
6626,frog,frog,0.999926
6627,frog,frog,0.9999343
6628,frog,frog,0.9999223
6629,frog,frog,0.99990225
6630,frog,frog,0.99993455
6631,frog,frog,0.9999192
6632,frog,frog,0.9998921
6633,frog,frog,0.99990416
6634,frog,frog,0.9998047
6635,frog,frog,0.9999212
6636,frog,frog,0.9999356
6637,frog,frog,0.9999312
6638,frog,frog,0.9998721
6639,frog,frog,0.9999411
6640,frog,frog,0.9999237
6641,frog,frog,0.9999262
6642,frog,frog,0.9999236
6643,frog,frog,0.9999292
6644,frog,frog,0.99987113
6645,frog,frog,0.99991655
6646,frog,frog,0.99994206
6647,frog,frog,0.9999268
6648,frog,frog,0.9999119
6649,frog,frog,0.99988484
6650,frog,frog,0.9999294
6651,frog,frog,0.9998852
6652,frog,frog,0.99982375
6653,frog,frog,0.99992466
6654,frog,frog,0.9999161
6655,frog,frog,0.99991417
6656,frog,frog,0.99992764
6657,frog,frog,0.999926
6658,frog,frog,0.99993694
6659,frog,frog,0.9999398
6660,frog,frog,0.9999168
6661,frog,frog,0.99953914
6662,frog,frog,0.9999311
6663,frog,frog,0.9999424
6664,frog,frog,0.9999224
6665,frog,frog,0.9999318
6666,frog,frog,0.9999324
6667,frog,frog,0.9999292
6668,frog,frog,0.99976283
6669,frog,frog,0.9999056
6670,frog,frog,0.99991846
6671,frog,frog,0.9999255
6672,frog,frog,0.9999201
6673,frog,frog,0.99992764
6674,frog,frog,0.9999143
6675,frog,frog,0.99993956
6676,frog,frog,0.9999368
6677,frog,frog,0.99992704
6678,frog,frog,0.99990416
6679,frog,frog,0.9999269
6680,frog,frog,0.99985623
6681,frog,frog,0.99993193
6682,frog,frog,0.99992824
6683,frog,frog,0.9999411
6684,frog,frog,0.99992645
6685,frog,frog,0.999926
6686,frog,frog,0.9999318
6687,frog,frog,0.99993026
6688,frog,frog,0.999938
6689,frog,frog,0.99993885
6690,frog,frog,0.99989593
6691,frog,frog,0.99991715
6692,frog,frog,0.99983954
6693,frog,frog,0.9999417
6694,frog,frog,0.99985397
6695,frog,frog,0.9999342
6696,frog,frog,0.9999422
6697,frog,frog,0.9647799
6698,frog,frog,0.99992204
6699,frog,frog,0.9998497
6700,frog,frog,0.99991596
6701,frog,frog,0.9999287
6702,frog,frog,0.9999201
6703,frog,frog,0.99992096
6704,frog,frog,0.9999391
6705,frog,frog,0.99991703
6706,frog,frog,0.9999268
6707,frog,frog,0.9982496
6708,frog,frog,0.99994123
6709,frog,frog,0.99992406
6710,frog,frog,0.999938
6711,frog,frog,0.9999318
6712,frog,frog,0.9999198
6713,frog,frog,0.9999324
6714,frog,frog,0.9999453
6715,frog,frog,0.9999112
6716,frog,frog,0.99941134
6717,frog,frog,0.99993885
6718,frog,frog,0.9999291
6719,frog,frog,0.99989426
6720,frog,frog,0.99993145
6721,frog,frog,0.99993694
6722,frog,frog,0.99992526
6723,frog,frog,0.9999273
6724,frog,frog,0.9998983
6725,frog,frog,0.99994135
6726,frog,frog,0.9998957
6727,frog,frog,0.99994624
6728,frog,frog,0.9999306
6729,frog,frog,0.99992263
6730,frog,frog,0.9999311
6731,frog,frog,0.999923
6732,frog,frog,0.9998678
6733,frog,frog,0.9998894
6734,frog,frog,0.9999342
6735,frog,frog,0.99993575
6736,frog,frog,0.99992037
6737,frog,frog,0.9999348
6738,frog,frog,0.99990594
6739,frog,frog,0.99993205
6740,frog,frog,0.9999418
6741,frog,frog,0.9999324
6742,frog,frog,0.99994206
6743,frog,frog,0.999894
6744,frog,frog,0.9999182
6745,frog,frog,0.9999398
6746,frog,frog,0.9999201
6747,frog,frog,0.99991953
6748,frog,frog,0.99992216
6749,frog,frog,0.9999151
6750,frog,frog,0.9999349
6751,frog,frog,0.9999324
6752,frog,frog,0.9998354
6753,frog,frog,0.99993646
6754,frog,frog,0.9999336
6755,frog,frog,0.9999403
6756,frog,frog,0.99993336
6757,frog,frog,0.9999399
6758,frog,frog,0.9999155
6759,frog,frog,0.99994135
6760,frog,frog,0.9999355
6761,frog,frog,0.99990344
6762,frog,frog,0.9999032
6763,frog,frog,0.99993277
6764,frog,frog,0.9999336
6765,frog,frog,0.9999038
6766,frog,frog,0.9999305
6767,frog,frog,0.9999206
6768,frog,frog,0.9999075
6769,frog,frog,0.99993587
6770,frog,frog,0.99992275
6771,frog,frog,0.9999231
6772,frog,frog,0.99991536
6773,frog,frog,0.999925
6774,frog,frog,0.99990904
6775,frog,frog,0.9999243
6776,frog,frog,0.9999212
6777,frog,frog,0.9999057
6778,frog,frog,0.99993396
6779,frog,frog,0.9999331
6780,frog,frog,0.9998381
6781,frog,frog,0.9999398
6782,frog,frog,0.99991727
6783,frog,frog,0.9999502
6784,frog,frog,0.99975103
6785,frog,frog,0.99986196
6786,frog,frog,0.99993587
6787,frog,frog,0.999926
6788,frog,frog,0.9998441
6789,frog,frog,0.99993694
6790,frog,frog,0.9999106
6791,frog,frog,0.99992967
6792,frog,frog,0.9998683
6793,frog,frog,0.9999355
6794,frog,frog,0.99992406
6795,frog,frog,0.99992263
6796,frog,frog,0.999866
6797,frog,frog,0.9999027
6798,frog,frog,0.99985194
6799,frog,frog,0.99991155
6800,frog,frog,0.9999149
6801,frog,frog,0.99993396
6802,frog,frog,0.99992764
6803,frog,frog,0.99993896
6804,frog,frog,0.9999249
6805,frog,frog,0.9998989
6806,frog,frog,0.99993694
6807,frog,frog,0.99992776
6808,frog,frog,0.99992347
6809,frog,frog,0.99993336
6810,frog,frog,0.999907
6811,frog,frog,0.99962914
6812,frog,frog,0.99992776
6813,frog,frog,0.9999347
6814,frog,frog,0.9999391
6815,frog,frog,0.99992585
6816,frog,frog,0.99994004
6817,frog,frog,0.9999093
6818,frog,frog,0.99990976
6819,frog,frog,0.9999436
6820,frog,frog,0.9998741
6821,frog,frog,0.9988625
6822,frog,frog,0.9999231
6823,frog,frog,0.9999201
6824,frog,frog,0.9998963
6825,frog,frog,0.99993277
6826,frog,frog,0.99992764
6827,frog,frog,0.9999012
6828,frog,frog,0.99986744
6829,frog,frog,0.99993074
6830,frog,frog,0.99992645
6831,frog,frog,0.9999374
6832,frog,frog,0.99993825
6833,frog,frog,0.9999285
6834,frog,frog,0.9999269
6835,frog,frog,0.9999442
6836,frog,frog,0.99994123
6837,frog,frog,0.9998907
6838,frog,frog,0.9999285
6839,frog,frog,0.999931
6840,frog,frog,0.99987566
6841,frog,frog,0.99990785
6842,frog,frog,0.999785
6843,frog,frog,0.9999378
6844,frog,frog,0.9999349
6845,frog,frog,0.9999331
6846,frog,frog,0.99975103
6847,frog,frog,0.9999424
6848,frog,frog,0.9999255
6849,frog,frog,0.999833
6850,frog,frog,0.9999119
6851,frog,frog,0.99786025
6852,frog,frog,0.99992716
6853,frog,frog,0.9998981
6854,frog,frog,0.99993896
6855,frog,frog,0.9998914
6856,frog,frog,0.9999168
6857,frog,frog,0.99992156
6858,frog,frog,0.9999175
6859,frog,frog,0.9998971
6860,frog,frog,0.9999343
6861,frog,frog,0.99986017
6862,frog,frog,0.9998963
6863,frog,frog,0.9999255
6864,frog,frog,0.9999274
6865,frog,frog,0.9999355
6866,frog,frog,0.9999107
6867,frog,frog,0.9999409
6868,frog,frog,0.99992514
6869,frog,frog,0.9999155
6870,frog,frog,0.9999366
6871,frog,frog,0.8946588
6872,frog,frog,0.99993134
6873,frog,frog,0.99992025
6874,frog,frog,0.9999043
6875,frog,frog,0.99993694
6876,frog,frog,0.9999336
6877,frog,frog,0.9990976
6878,frog,frog,0.999468
6879,frog,frog,0.9999279
6880,frog,frog,0.99990046
6881,frog,frog,0.9999051
6882,frog,frog,0.99993217
6883,frog,frog,0.9945834
6884,frog,frog,0.9999337
6885,frog,frog,0.9999329
6886,frog,frog,0.9999323
6887,frog,frog,0.99993145
6888,frog,frog,0.99991167
6889,frog,frog,0.99991834
6890,frog,frog,0.9999318
6891,frog,frog,0.9986755
6892,frog,frog,0.9999417
6893,frog,frog,0.9999318
6894,frog,frog,0.99994004
6895,frog,frog,0.9999292
6896,frog,frog,0.9999088
6897,frog,frog,0.9998634
6898,frog,frog,0.99766695
6899,frog,frog,0.99992263
6900,frog,frog,0.99986136
6901,frog,frog,0.9999361
6902,frog,frog,0.9999312
6903,frog,frog,0.99980265
6904,frog,frog,0.9999082
6905,frog,frog,0.9999201
6906,frog,frog,0.9999404
6907,frog,frog,0.99991417
6908,frog,frog,0.9999331
6909,frog,frog,0.99992955
6910,frog,frog,0.99992514
6911,frog,frog,0.99991345
6912,frog,frog,0.9999244
6913,frog,frog,0.99984634
6914,frog,frog,0.9999341
6915,frog,frog,0.99994206
6916,frog,frog,0.99991953
6917,frog,frog,0.99994123
6918,frog,frog,0.9999424
6919,frog,frog,0.9999403
6920,frog,frog,0.9999199
6921,frog,frog,0.9999255
6922,frog,frog,0.9999267
6923,frog,frog,0.99993825
6924,frog,frog,0.9999161
6925,frog,frog,0.99967027
6926,frog,frog,0.99993396
6927,frog,frog,0.99991405
6928,frog,frog,0.9998994
6929,frog,frog,0.99986136
6930,frog,frog,0.9998957
6931,frog,frog,0.9999374
6932,frog,frog,0.99983144
6933,frog,frog,0.99991024
6934,frog,frog,0.9999256
6935,frog,frog,0.99988425
6936,frog,frog,0.99992394
6937,frog,frog,0.9999032
6938,frog,frog,0.999926
6939,frog,frog,0.99991965
6940,frog,frog,0.9999039
6941,frog,frog,0.9999038
6942,frog,frog,0.99992776
6943,frog,frog,0.9999137
6944,frog,frog,0.9999225
6945,frog,frog,0.99979204
6946,frog,frog,0.999905
6947,frog,frog,0.9999342
6948,frog,frog,0.99980074
6949,frog,frog,0.9999213
6950,frog,frog,0.99993527
6951,frog,frog,0.9996718
6952,frog,frog,0.999892
6953,frog,frog,0.9999399
6954,frog,frog,0.999918
6955,frog,frog,0.99989617
6956,frog,frog,0.9999397
6957,frog,frog,0.9999428
6958,frog,frog,0.99993753
6959,frog,frog,0.9999324
6960,frog,frog,0.99993694
6961,frog,frog,0.9999192
6962,frog,frog,0.9998913
6963,frog,frog,0.9998485
6964,frog,frog,0.9999088
6965,frog,frog,0.9999088
6966,frog,frog,0.99993086
6967,frog,frog,0.9999472
6968,frog,frog,0.99994004
6969,frog,frog,0.999928
6970,frog,frog,0.9999217
6971,frog,frog,0.9957748
6972,frog,frog,0.99990463
6973,frog,frog,0.9999206
6974,frog,frog,0.99991906
6975,frog,frog,0.9999311
6976,frog,frog,0.9974491
6977,frog,frog,0.999936
6978,frog,frog,0.9998983
6979,frog,frog,0.99990404
6980,frog,frog,0.999944
6981,frog,frog,0.999925
6982,frog,frog,0.9999027
6983,frog,frog,0.9999174
6984,frog,frog,0.9999341
6985,frog,frog,0.9999349
6986,frog,frog,0.999741
6987,frog,frog,0.9999062
6988,frog,frog,0.99987626
6989,frog,frog,0.9993074
6990,frog,frog,0.9999312
6991,frog,frog,0.9999291
6992,frog,frog,0.9999459
6993,frog,frog,0.99993455
6994,frog,frog,0.9999405
6995,frog,frog,0.9999106
6996,frog,frog,0.99992156
6997,frog,frog,0.99991715
6998,frog,frog,0.99987173
6999,frog,frog,0.99991894
7000,horse,horse,0.9998965
7001,horse,horse,0.9998342
7002,horse,horse,0.99986804
7003,horse,horse,0.99974626
7004,horse,horse,0.99985313
7005,horse,horse,0.9967943
7006,horse,horse,0.99983823
7007,horse,horse,0.9998455
7008,horse,horse,0.999882
7009,horse,horse,0.999866
7010,horse,horse,0.99978
7011,horse,horse,0.9998727
7012,horse,horse,0.99981207
7013,horse,horse,0.9998447
7014,horse,horse,0.9997726
7015,horse,horse,0.9998128
7016,horse,horse,0.9997998
7017,horse,horse,0.999876
7018,horse,horse,0.999887
7019,horse,horse,0.9998728
7020,horse,horse,0.99981934
7021,horse,horse,0.99985003
7022,horse,horse,0.9997031
7023,horse,horse,0.99983394
7024,horse,horse,0.99983513
7025,horse,horse,0.9998385
7026,horse,horse,0.99992156
7027,horse,horse,0.99989223
7028,horse,horse,0.9997652
7029,horse,horse,0.9998605
7030,horse,horse,0.9998815
7031,horse,deer,0.9997086
7032,horse,horse,0.9998888
7033,horse,horse,0.9999105
7034,horse,horse,0.9999008
7035,horse,horse,0.99988353
7036,horse,horse,0.9999033
7037,horse,horse,0.99984324
7038,horse,horse,0.99989295
7039,horse,horse,0.99977535
7040,horse,horse,0.9196666
7041,horse,horse,0.9998989
7042,horse,horse,0.9998312
7043,horse,horse,0.99991715
7044,horse,horse,0.9998479
7045,horse,horse,0.9999045
7046,horse,horse,0.9998498
7047,horse,horse,0.9998307
7048,horse,horse,0.9998529
7049,horse,horse,0.9998839
7050,horse,horse,0.9998542
7051,horse,horse,0.9998037
7052,horse,horse,0.99983
7053,horse,horse,0.9997634
7054,horse,horse,0.99990034
7055,horse,horse,0.9998958
7056,horse,horse,0.9998541
7057,horse,horse,0.9998043
7058,horse,horse,0.9998785
7059,horse,horse,0.9998055
7060,horse,horse,0.99985826
7061,horse,horse,0.99985087
7062,horse,horse,0.9999013
7063,horse,horse,0.999864
7064,horse,horse,0.9997825
7065,horse,horse,0.999876
7066,horse,horse,0.99991286
7067,horse,horse,0.9997726
7068,horse,horse,0.99984217
7069,horse,horse,0.9998847
7070,horse,horse,0.99990106
7071,horse,horse,0.9997979
7072,horse,horse,0.99990356
7073,horse,horse,0.99991417
7074,horse,horse,0.9998472
7075,horse,horse,0.99981445
7076,horse,horse,0.99977106
7077,horse,horse,0.99875665
7078,horse,horse,0.99978644
7079,horse,horse,0.99987006
7080,horse,horse,0.999864
7081,horse,horse,0.99979836
7082,horse,horse,0.99987614
7083,horse,horse,0.99987125
7084,horse,horse,0.99987483
7085,horse,horse,0.9998392
7086,horse,horse,0.9998975
7087,horse,horse,0.9992446
7088,horse,horse,0.999826
7089,horse,horse,0.9997688
7090,horse,horse,0.99987125
7091,horse,horse,0.99987006
7092,horse,horse,0.9998543
7093,horse,horse,0.9998493
7094,horse,horse,0.9998222
7095,horse,horse,0.999881
7096,horse,horse,0.9998939
7097,horse,horse,0.999869
7098,horse,horse,0.999863
7099,horse,horse,0.9998559
7100,horse,horse,0.9998629
7101,horse,horse,0.9998734
7102,horse,horse,0.9998318
7103,horse,horse,0.9944988
7104,horse,horse,0.9999114
7105,horse,horse,0.9999188
7106,horse,horse,0.99989986
7107,horse,horse,0.99978524
7108,horse,horse,0.9998932
7109,horse,horse,0.99989426
7110,horse,horse,0.9999201
7111,horse,horse,0.999879
7112,horse,horse,0.9998903
7113,horse,horse,0.9998627
7114,horse,horse,0.9998628
7115,horse,horse,0.9998596
7116,horse,horse,0.999848
7117,horse,horse,0.99987173
7118,horse,horse,0.9998927
7119,horse,horse,0.9998946
7120,horse,horse,0.9997924
7121,horse,horse,0.8083975
7122,horse,horse,0.99985087
7123,horse,horse,0.9999033
7124,horse,horse,0.99977237
7125,horse,horse,0.99982893
7126,horse,horse,0.9999162
7127,horse,horse,0.9999112
7128,horse,horse,0.99982977
7129,horse,horse,0.99988985
7130,horse,horse,0.99988055
7131,horse,horse,0.9998909
7132,horse,cat,0.37797904
7133,horse,horse,0.99958223
7134,horse,horse,0.9998653
7135,horse,horse,0.9998405
7136,horse,horse,0.9999125
7137,horse,horse,0.9998733
7138,horse,horse,0.9996933
7139,horse,horse,0.9999018
7140,horse,horse,0.99966013
7141,horse,horse,0.9996778
7142,horse,horse,0.99960643
7143,horse,horse,0.99988556
7144,horse,horse,0.99990475
7145,horse,horse,0.9997404
7146,horse,horse,0.9998671
7147,horse,horse,0.99991226
7148,horse,horse,0.99982905
7149,horse,horse,0.99991536
7150,horse,horse,0.99988914
7151,horse,horse,0.9997737
7152,horse,horse,0.9998667
7153,horse,horse,0.99986243
7154,horse,horse,0.99988556
7155,horse,horse,0.9998474
7156,horse,horse,0.9997402
7157,horse,horse,0.99986815
7158,horse,horse,0.99978
7159,horse,horse,0.9998965
7160,horse,horse,0.99985206
7161,horse,horse,0.99951565
7162,horse,horse,0.99943095
7163,horse,horse,0.9999002
7164,horse,horse,0.99985707
7165,horse,horse,0.9998816
7166,horse,horse,0.99974567
7167,horse,horse,0.999819
7168,horse,horse,0.99989986
7169,horse,horse,0.99990034
7170,horse,horse,0.99984896
7171,horse,horse,0.9998424
7172,horse,horse,0.9999093
7173,horse,horse,0.9996369
7174,horse,horse,0.99989796
7175,horse,horse,0.9990952
7176,horse,horse,0.999858
7177,horse,horse,0.9998485
7178,horse,horse,0.99985504
7179,horse,horse,0.99985695
7180,horse,horse,0.99982846
7181,horse,horse,0.99984324
7182,horse,horse,0.99986124
7183,horse,horse,0.95912707
7184,horse,horse,0.9998895
7185,horse,horse,0.99986744
7186,horse,horse,0.99982613
7187,horse,horse,0.9998124
7188,horse,horse,0.99980515
7189,horse,horse,0.9998099
7190,horse,horse,0.99982893
7191,horse,horse,0.99984527
7192,horse,horse,0.99984825
7193,horse,horse,0.9997224
7194,horse,horse,0.9998977
7195,horse,cat,0.97104305
7196,horse,horse,0.999894
7197,horse,horse,0.99974936
7198,horse,horse,0.9998697
7199,horse,horse,0.9998418
7200,horse,horse,0.99991167
7201,horse,horse,0.9998264
7202,horse,horse,0.9999033
7203,horse,horse,0.9998721
7204,horse,horse,0.9994098
7205,horse,horse,0.99985015
7206,horse,horse,0.9999194
7207,horse,horse,0.9999118
7208,horse,horse,0.99986017
7209,horse,horse,0.99991167
7210,horse,horse,0.9998049
7211,horse,horse,0.99979466
7212,horse,horse,0.99992037
7213,horse,horse,0.99987423
7214,horse,horse,0.9998691
7215,horse,horse,0.99978274
7216,horse,horse,0.9998927
7217,horse,horse,0.9998
7218,horse,horse,0.9998529
7219,horse,horse,0.99989474
7220,horse,horse,0.9995402
7221,horse,horse,0.99986744
7222,horse,horse,0.99987316
7223,horse,horse,0.99988234
7224,horse,horse,0.99990785
7225,horse,horse,0.99948776
7226,horse,horse,0.9998387
7227,horse,horse,0.9998337
7228,horse,horse,0.9999043
7229,horse,horse,0.9997893
7230,horse,horse,0.99991167
7231,horse,horse,0.99990666
7232,horse,horse,0.99985194
7233,horse,horse,0.99978036
7234,horse,horse,0.99989235
7235,horse,horse,0.99979
7236,horse,horse,0.9998796
7237,horse,horse,0.9999027
7238,horse,horse,0.9998702
7239,horse,horse,0.99988496
7240,horse,horse,0.9998752
7241,horse,horse,0.99989426
7242,horse,horse,0.997693
7243,horse,horse,0.99983335
7244,horse,horse,0.9998067
7245,horse,horse,0.99963105
7246,horse,horse,0.99978846
7247,horse,horse,0.99983823
7248,horse,horse,0.9992774
7249,horse,horse,0.99987197
7250,horse,horse,0.9998952
7251,horse,horse,0.99989176
7252,horse,horse,0.99987173
7253,horse,horse,0.99992144
7254,horse,horse,0.99991
7255,horse,horse,0.99989057
7256,horse,horse,0.99990785
7257,horse,horse,0.99986064
7258,horse,horse,0.999884
7259,horse,horse,0.9998857
7260,horse,horse,0.9998542
7261,horse,cat,0.39673278
7262,horse,horse,0.9997677
7263,horse,horse,0.999828
7264,horse,horse,0.9998716
7265,horse,horse,0.999848
7266,horse,horse,0.9998623
7267,horse,horse,0.9998493
7268,horse,horse,0.9998041
7269,horse,horse,0.9999199
7270,horse,horse,0.99987864
7271,horse,horse,0.9997919
7272,horse,horse,0.99856406
7273,horse,horse,0.9999002
7274,horse,horse,0.99980325
7275,horse,horse,0.99982125
7276,horse,horse,0.99976474
7277,horse,horse,0.9998233
7278,horse,horse,0.99987686
7279,horse,horse,0.9998568
7280,horse,horse,0.9999162
7281,horse,horse,0.9998723
7282,horse,horse,0.9997614
7283,horse,horse,0.99991643
7284,horse,horse,0.9998362
7285,horse,horse,0.9998448
7286,horse,horse,0.99990845
7287,horse,horse,0.9997899
7288,horse,horse,0.9998692
7289,horse,horse,0.9998766
7290,horse,horse,0.9998299
7291,horse,horse,0.9998466
7292,horse,horse,0.99988997
7293,horse,horse,0.99984026
7294,horse,horse,0.9998976
7295,horse,horse,0.97690445
7296,horse,horse,0.9999058
7297,horse,horse,0.9998566
7298,horse,horse,0.99986804
7299,horse,horse,0.99988675
7300,horse,horse,0.9998323
7301,horse,horse,0.99984205
7302,horse,horse,0.9995535
7303,horse,horse,0.99991107
7304,horse,horse,0.99984837
7305,horse,horse,0.99985075
7306,horse,horse,0.99976283
7307,horse,horse,0.99986506
7308,horse,horse,0.99979264
7309,horse,horse,0.9440897
7310,horse,horse,0.9999045
7311,horse,horse,0.99981457
7312,horse,horse,0.99986434
7313,horse,horse,0.9999143
7314,horse,horse,0.999851
7315,horse,horse,0.9998797
7316,horse,horse,0.9999207
7317,horse,horse,0.9998307
7318,horse,horse,0.9999076
7319,horse,horse,0.99985933
7320,horse,horse,0.999747
7321,horse,horse,0.9998802
7322,horse,horse,0.99795246
7323,horse,horse,0.9999167
7324,horse,horse,0.9998443
7325,horse,horse,0.9998797
7326,horse,horse,0.9998901
7327,horse,horse,0.9998504
7328,horse,horse,0.9997452
7329,horse,horse,0.9998996
7330,horse,horse,0.9997737
7331,horse,horse,0.9998357
7332,horse,horse,0.791845
7333,horse,horse,0.9998124
7334,horse,horse,0.99989164
7335,horse,horse,0.99981683
7336,horse,horse,0.9998609
7337,horse,horse,0.9998884
7338,horse,horse,0.98803174
7339,horse,horse,0.9998635
7340,horse,horse,0.9998534
7341,horse,horse,0.9997944
7342,horse,horse,0.99981946
7343,horse,horse,0.9998841
7344,horse,horse,0.9994672
7345,horse,horse,0.9998061
7346,horse,horse,0.99970907
7347,horse,horse,0.9999014
7348,horse,horse,0.9998827
7349,horse,horse,0.9998043
7350,horse,horse,0.9998828
7351,horse,horse,0.9998022
7352,horse,horse,0.99989593
7353,horse,horse,0.9999049
7354,horse,horse,0.9997919
7355,horse,horse,0.999788
7356,horse,horse,0.99967206
7357,horse,horse,0.9998987
7358,horse,horse,0.99985445
7359,horse,horse,0.9998647
7360,horse,horse,0.9997763
7361,horse,horse,0.99980396
7362,horse,horse,0.9998988
7363,horse,horse,0.99990153
7364,horse,horse,0.99986017
7365,horse,horse,0.99988973
7366,horse,horse,0.999843
7367,horse,horse,0.9998354
7368,horse,horse,0.9999026
7369,horse,horse,0.9998907
7370,horse,horse,0.999877
7371,horse,horse,0.9998603
7372,horse,horse,0.9998901
7373,horse,horse,0.9998908
7374,horse,horse,0.9999006
7375,horse,horse,0.9998093
7376,horse,horse,0.9998492
7377,horse,horse,0.9998623
7378,horse,horse,0.9998772
7379,horse,horse,0.9998778
7380,horse,horse,0.9998709
7381,horse,horse,0.9998758
7382,horse,horse,0.9997023
7383,horse,horse,0.9999006
7384,horse,horse,0.9998386
7385,horse,horse,0.99984
7386,horse,horse,0.9998889
7387,horse,horse,0.9999093
7388,horse,horse,0.9997596
7389,horse,horse,0.99986684
7390,horse,horse,0.999871
7391,horse,horse,0.99988127
7392,horse,horse,0.99990094
7393,horse,horse,0.9998196
7394,horse,horse,0.9998524
7395,horse,horse,0.9974571
7396,horse,horse,0.999879
7397,horse,horse,0.99962425
7398,horse,horse,0.99991345
7399,horse,horse,0.9998534
7400,horse,horse,0.9977985
7401,horse,horse,0.9998907
7402,horse,horse,0.9997912
7403,horse,horse,0.9998641
7404,horse,horse,0.9995541
7405,horse,horse,0.99956423
7406,horse,horse,0.99978644
7407,horse,horse,0.9998466
7408,horse,horse,0.9999001
7409,horse,horse,0.9998667
7410,horse,horse,0.99977237
7411,horse,horse,0.99989676
7412,horse,horse,0.99978
7413,horse,horse,0.9998129
7414,horse,horse,0.99984264
7415,horse,horse,0.9998845
7416,horse,horse,0.999859
7417,horse,horse,0.9998658
7418,horse,horse,0.99987555
7419,horse,horse,0.9998288
7420,horse,horse,0.99992
7421,horse,horse,0.9998634
7422,horse,horse,0.99980944
7423,horse,horse,0.9998665
7424,horse,horse,0.999871
7425,horse,horse,0.999879
7426,horse,horse,0.9998115
7427,horse,horse,0.9998703
7428,horse,deer,0.8696768
7429,horse,horse,0.99981433
7430,horse,horse,0.9997919
7431,horse,horse,0.99985707
7432,horse,horse,0.9998505
7433,horse,horse,0.9997578
7434,horse,horse,0.9998895
7435,horse,horse,0.9998512
7436,horse,horse,0.9996934
7437,horse,horse,0.99986446
7438,horse,horse,0.99990857
7439,horse,horse,0.9998808
7440,horse,horse,0.9997907
7441,horse,horse,0.9999083
7442,horse,horse,0.99988854
7443,horse,horse,0.99984896
7444,horse,horse,0.99982256
7445,horse,horse,0.9998286
7446,horse,horse,0.99980193
7447,horse,horse,0.99977714
7448,horse,horse,0.99986756
7449,horse,horse,0.9998449
7450,horse,horse,0.9994215
7451,horse,horse,0.99988973
7452,horse,horse,0.9998518
7453,horse,horse,0.999468
7454,horse,horse,0.9991518
7455,horse,horse,0.9999012
7456,horse,horse,0.99980193
7457,horse,horse,0.9998901
7458,horse,horse,0.99986386
7459,horse,horse,0.99983346
7460,horse,horse,0.9998191
7461,horse,horse,0.9998896
7462,horse,horse,0.99963224
7463,horse,horse,0.9998605
7464,horse,horse,0.9998673
7465,horse,horse,0.9998791
7466,horse,horse,0.99991834
7467,horse,horse,0.9998435
7468,horse,horse,0.9998851
7469,horse,horse,0.99989545
7470,horse,horse,0.9995766
7471,horse,horse,0.99975926
7472,horse,horse,0.99987555
7473,horse,horse,0.99987614
7474,horse,horse,0.9998733
7475,horse,horse,0.9999052
7476,horse,horse,0.99980897
7477,horse,horse,0.9999056
7478,horse,horse,0.9994822
7479,horse,horse,0.9998385
7480,horse,horse,0.9996673
7481,horse,horse,0.99991596
7482,horse,horse,0.99987125
7483,horse,horse,0.9998784
7484,horse,horse,0.99988306
7485,horse,horse,0.9998227
7486,horse,horse,0.99984574
7487,horse,horse,0.9999126
7488,horse,horse,0.99990976
7489,horse,horse,0.9998504
7490,horse,horse,0.9998522
7491,horse,horse,0.99987245
7492,horse,horse,0.9993437
7493,horse,horse,0.9995547
7494,horse,horse,0.99982786
7495,horse,horse,0.99990356
7496,horse,horse,0.9915417
7497,horse,horse,0.9997533
7498,horse,horse,0.9999242
7499,horse,horse,0.99987376
7500,horse,horse,0.99980015
7501,horse,horse,0.9998628
7502,horse,horse,0.9998714
7503,horse,horse,0.9697446
7504,horse,horse,0.99978405
7505,horse,horse,0.99991214
7506,horse,horse,0.9919926
7507,horse,horse,0.99979454
7508,horse,horse,0.99976903
7509,horse,horse,0.99988115
7510,horse,horse,0.9998952
7511,horse,horse,0.99959236
7512,horse,horse,0.99981874
7513,horse,horse,0.9998161
7514,horse,horse,0.9994235
7515,horse,horse,0.99981254
7516,horse,horse,0.9998802
7517,horse,horse,0.99982256
7518,horse,deer,0.996498
7519,horse,horse,0.9998529
7520,horse,horse,0.9998852
7521,horse,horse,0.9999039
7522,horse,horse,0.9998599
7523,horse,horse,0.99987626
7524,horse,horse,0.9998872
7525,horse,horse,0.9998006
7526,horse,horse,0.9999068
7527,horse,horse,0.9999076
7528,horse,horse,0.9998722
7529,horse,horse,0.99984765
7530,horse,horse,0.99982256
7531,horse,horse,0.999845
7532,horse,horse,0.99692994
7533,horse,horse,0.9998568
7534,horse,horse,0.9998418
7535,horse,horse,0.99990916
7536,horse,horse,0.99984777
7537,horse,horse,0.99985015
7538,horse,horse,0.9998777
7539,horse,horse,0.999824
7540,horse,horse,0.9998441
7541,horse,horse,0.9991653
7542,horse,horse,0.99984896
7543,horse,horse,0.9998648
7544,horse,horse,0.9997867
7545,horse,horse,0.9998865
7546,horse,horse,0.9857846
7547,horse,horse,0.9998555
7548,horse,horse,0.9998901
7549,horse,horse,0.99989307
7550,horse,horse,0.99987006
7551,horse,horse,0.99982625
7552,horse,horse,0.99973387
7553,horse,horse,0.99986637
7554,horse,horse,0.99986625
7555,horse,horse,0.99987996
7556,horse,horse,0.9999
7557,horse,horse,0.99988425
7558,horse,horse,0.9999162
7559,horse,horse,0.9998338
7560,horse,horse,0.9997763
7561,horse,horse,0.99981004
7562,horse,horse,0.9998535
7563,horse,horse,0.9998734
7564,horse,horse,0.9998722
7565,horse,horse,0.99988806
7566,horse,horse,0.9998286
7567,horse,horse,0.999897
7568,horse,horse,0.99990594
7569,horse,horse,0.99987316
7570,horse,horse,0.99991393
7571,horse,horse,0.9997806
7572,horse,horse,0.9995436
7573,horse,dog,0.99336267
7574,horse,horse,0.9997583
7575,horse,horse,0.99979347
7576,horse,horse,0.99849737
7577,horse,horse,0.9996424
7578,horse,horse,0.99987924
7579,horse,horse,0.9998418
7580,horse,horse,0.99986255
7581,horse,horse,0.999877
7582,horse,horse,0.9998324
7583,horse,horse,0.99980825
7584,horse,horse,0.9998429
7585,horse,horse,0.999879
7586,horse,horse,0.9998573
7587,horse,horse,0.99987376
7588,horse,horse,0.999721
7589,horse,horse,0.99965405
7590,horse,horse,0.999869
7591,horse,horse,0.9998963
7592,horse,horse,0.99984896
7593,horse,horse,0.999887
7594,horse,horse,0.9998938
7595,horse,horse,0.9998227
7596,horse,horse,0.99989355
7597,horse,horse,0.99987686
7598,horse,horse,0.9960439
7599,horse,horse,0.99981135
7600,horse,horse,0.9999051
7601,horse,horse,0.9998666
7602,horse,horse,0.99982125
7603,horse,horse,0.99974376
7604,horse,horse,0.9998418
7605,horse,horse,0.999881
7606,horse,horse,0.99863285
7607,horse,horse,0.9997278
7608,horse,horse,0.99984944
7609,horse,horse,0.9998888
7610,horse,horse,0.9998474
7611,horse,horse,0.99980193
7612,horse,horse,0.99984896
7613,horse,horse,0.9997359
7614,horse,horse,0.99986076
7615,horse,horse,0.999736
7616,horse,horse,0.9998822
7617,horse,horse,0.99984145
7618,horse,horse,0.99983823
7619,horse,horse,0.9998518
7620,horse,horse,0.9998287
7621,horse,horse,0.999816
7622,horse,horse,0.99985063
7623,horse,horse,0.990004
7624,horse,horse,0.99985874
7625,horse,horse,0.9998764
7626,horse,horse,0.9995129
7627,horse,horse,0.9998486
7628,horse,horse,0.99989843
7629,horse,horse,0.99991095
7630,horse,horse,0.99977046
7631,horse,horse,0.9998547
7632,horse,horse,0.99947876
7633,horse,horse,0.99987376
7634,horse,horse,0.9999118
7635,horse,horse,0.99987996
7636,horse,horse,0.9998661
7637,horse,horse,0.9999026
7638,horse,horse,0.99989617
7639,horse,horse,0.9999193
7640,horse,horse,0.99985194
7641,horse,horse,0.99976486
7642,horse,horse,0.99975413
7643,horse,horse,0.9998456
7644,horse,horse,0.99986494
7645,horse,horse,0.9998443
7646,horse,horse,0.999841
7647,horse,horse,0.99985135
7648,horse,horse,0.99986875
7649,horse,horse,0.9998578
7650,horse,horse,0.99989367
7651,horse,horse,0.99980134
7652,horse,horse,0.99982697
7653,horse,horse,0.99988985
7654,horse,horse,0.99983096
7655,horse,horse,0.99984145
7656,horse,horse,0.9998523
7657,horse,horse,0.99985564
7658,horse,horse,0.99987483
7659,horse,horse,0.9999002
7660,horse,horse,0.9998534
7661,horse,horse,0.9996215
7662,horse,horse,0.99906653
7663,horse,horse,0.9998771
7664,horse,horse,0.9998785
7665,horse,horse,0.99981993
7666,horse,horse,0.9997794
7667,horse,horse,0.9998491
7668,horse,horse,0.99981457
7669,horse,horse,0.9998448
7670,horse,horse,0.99986887
7671,horse,horse,0.9998275
7672,horse,horse,0.99991953
7673,horse,horse,0.9999205
7674,horse,horse,0.99992454
7675,horse,horse,0.99973625
7676,horse,horse,0.9988882
7677,horse,horse,0.9998586
7678,horse,horse,0.9997979
7679,horse,horse,0.99961334
7680,horse,horse,0.9995566
7681,horse,horse,0.9998369
7682,horse,horse,0.99987173
7683,horse,horse,0.9997789
7684,horse,horse,0.99989164
7685,horse,horse,0.99985397
7686,horse,horse,0.9997559
7687,horse,horse,0.99977845
7688,horse,horse,0.9998485
7689,horse,horse,0.9998355
7690,horse,horse,0.9998759
7691,horse,horse,0.9997067
7692,horse,horse,0.99977463
7693,horse,horse,0.99974173
7694,horse,horse,0.9998703
7695,horse,horse,0.99993074
7696,horse,horse,0.99987984
7697,horse,horse,0.99989784
7698,horse,horse,0.99957675
7699,horse,horse,0.9980458
7700,horse,horse,0.9998839
7701,horse,horse,0.9986883
7702,horse,horse,0.99984455
7703,horse,horse,0.99984837
7704,horse,horse,0.99985564
7705,horse,horse,0.99990094
7706,horse,horse,0.9999001
7707,horse,horse,0.998367
7708,horse,horse,0.99989974
7709,horse,horse,0.9998752
7710,horse,horse,0.9998983
7711,horse,horse,0.99990153
7712,horse,horse,0.9997476
7713,horse,horse,0.99990547
7714,horse,horse,0.99976796
7715,horse,horse,0.99990106
7716,horse,horse,0.99987185
7717,horse,horse,0.99991477
7718,horse,horse,0.99984694
7719,horse,horse,0.99982786
7720,horse,horse,0.99989057
7721,horse,horse,0.99986434
7722,horse,horse,0.9997085
7723,horse,horse,0.9998723
7724,horse,horse,0.9997806
7725,horse,horse,0.9998975
7726,horse,horse,0.9998598
7727,horse,horse,0.9998816
7728,horse,horse,0.9998815
7729,horse,horse,0.9999118
7730,horse,horse,0.9998167
7731,horse,horse,0.99990976
7732,horse,horse,0.99988616
7733,horse,horse,0.99961877
7734,horse,horse,0.99985003
7735,horse,horse,0.9996526
7736,horse,horse,0.9997886
7737,horse,horse,0.9999231
7738,horse,horse,0.99991226
7739,horse,horse,0.99976975
7740,horse,horse,0.99986565
7741,horse,horse,0.9997944
7742,horse,horse,0.9998746
7743,horse,horse,0.99984074
7744,horse,horse,0.99991524
7745,horse,horse,0.9998147
7746,horse,horse,0.9998884
7747,horse,horse,0.9998729
7748,horse,horse,0.9998276
7749,horse,horse,0.9998623
7750,horse,horse,0.9998796
7751,horse,horse,0.9911397
7752,horse,horse,0.999912
7753,horse,horse,0.99989164
7754,horse,horse,0.9998882
7755,horse,horse,0.99990416
7756,horse,horse,0.99990594
7757,horse,horse,0.9998203
7758,horse,horse,0.9998292
7759,horse,horse,0.9999105
7760,horse,horse,0.99984515
7761,horse,horse,0.9999174
7762,horse,horse,0.99988663
7763,horse,horse,0.99592304
7764,horse,horse,0.9998528
7765,horse,horse,0.999826
7766,horse,horse,0.9999291
7767,horse,horse,0.9998603
7768,horse,horse,0.9998235
7769,horse,horse,0.99986947
7770,horse,horse,0.9997726
7771,horse,horse,0.99977046
7772,horse,horse,0.9997923
7773,horse,horse,0.9997415
7774,horse,horse,0.99975866
7775,horse,horse,0.9998963
7776,horse,horse,0.9996903
7777,horse,horse,0.9999294
7778,horse,horse,0.99988866
7779,horse,horse,0.9998173
7780,horse,horse,0.9999114
7781,horse,deer,0.99909973
7782,horse,horse,0.9998952
7783,horse,horse,0.99991035
7784,horse,horse,0.99980825
7785,horse,horse,0.9998179
7786,horse,horse,0.99990225
7787,horse,horse,0.99991035
7788,horse,horse,0.9998306
7789,horse,horse,0.99986696
7790,horse,horse,0.9998288
7791,horse,horse,0.9998325
7792,horse,horse,0.9998691
7793,horse,horse,0.99987996
7794,horse,horse,0.999912
7795,horse,horse,0.9998921
7796,horse,horse,0.9999043
7797,horse,horse,0.99982965
7798,horse,horse,0.9996549
7799,horse,horse,0.9998173
7800,horse,horse,0.99981505
7801,horse,horse,0.9999248
7802,horse,horse,0.9998267
7803,horse,horse,0.9996817
7804,horse,horse,0.99987555
7805,horse,horse,0.9997869
7806,horse,horse,0.9998473
7807,horse,horse,0.9998957
7808,horse,horse,0.9998312
7809,horse,horse,0.9998983
7810,horse,horse,0.99983263
7811,horse,horse,0.9998288
7812,horse,horse,0.9998671
7813,horse,horse,0.99981314
7814,horse,horse,0.9972748
7815,horse,horse,0.9998202
7816,horse,horse,0.9999063
7817,horse,horse,0.9999074
7818,horse,horse,0.9998373
7819,horse,horse,0.99992
7820,horse,horse,0.99981624
7821,horse,horse,0.9998616
7822,horse,horse,0.9998635
7823,horse,horse,0.9994362
7824,horse,horse,0.9998721
7825,horse,horse,0.99983776
7826,horse,horse,0.9998398
7827,horse,horse,0.99988174
7828,horse,horse,0.9999269
7829,horse,horse,0.9999119
7830,horse,deer,0.92521304
7831,horse,horse,0.99960834
7832,horse,horse,0.9998698
7833,horse,horse,0.99990463
7834,horse,horse,0.6927848
7835,horse,horse,0.9995616
7836,horse,cat,0.95611984
7837,horse,horse,0.9997924
7838,horse,horse,0.9998956
7839,horse,horse,0.9998362
7840,horse,horse,0.99988043
7841,horse,horse,0.9998404
7842,horse,horse,0.99979883
7843,horse,horse,0.999851
7844,horse,horse,0.5643969
7845,horse,horse,0.99979824
7846,horse,horse,0.9998821
7847,horse,horse,0.99987686
7848,horse,horse,0.99984753
7849,horse,horse,0.99986744
7850,horse,horse,0.99987066
7851,horse,horse,0.9998808
7852,horse,horse,0.9995352
7853,horse,horse,0.9998392
7854,horse,horse,0.9998336
7855,horse,horse,0.9997851
7856,horse,horse,0.9998996
7857,horse,horse,0.9997451
7858,horse,horse,0.99942976
7859,horse,horse,0.9998573
7860,horse,horse,0.99984527
7861,horse,horse,0.99980253
7862,horse,horse,0.99989533
7863,horse,horse,0.999894
7864,horse,horse,0.99988914
7865,horse,horse,0.9998628
7866,horse,horse,0.99989843
7867,horse,horse,0.9998828
7868,horse,horse,0.9998136
7869,horse,horse,0.99989676
7870,horse,horse,0.9998801
7871,horse,dog,0.8745702
7872,horse,horse,0.99982697
7873,horse,horse,0.9997359
7874,horse,horse,0.9999006
7875,horse,horse,0.9997749
7876,horse,horse,0.99982685
7877,horse,horse,0.99990034
7878,horse,horse,0.9998691
7879,horse,horse,0.9883294
7880,horse,horse,0.9998197
7881,horse,horse,0.9997315
7882,horse,horse,0.99988675
7883,horse,horse,0.9992487
7884,horse,horse,0.99970144
7885,horse,horse,0.9998273
7886,horse,horse,0.9208673
7887,horse,horse,0.99985135
7888,horse,horse,0.9998838
7889,horse,horse,0.9998301
7890,horse,horse,0.9997348
7891,horse,horse,0.99985445
7892,horse,horse,0.9998971
7893,horse,horse,0.9998932
7894,horse,horse,0.9998729
7895,horse,horse,0.9998591
7896,horse,horse,0.9999031
7897,horse,horse,0.99986434
7898,horse,horse,0.999846
7899,horse,horse,0.99981934
7900,horse,horse,0.9997607
7901,horse,horse,0.94054216
7902,horse,horse,0.9998809
7903,horse,horse,0.99982786
7904,horse,horse,0.99990714
7905,horse,horse,0.99979097
7906,horse,horse,0.99983394
7907,horse,horse,0.9998128
7908,horse,horse,0.9998518
7909,horse,horse,0.99975353
7910,horse,horse,0.9998946
7911,horse,horse,0.99982184
7912,horse,horse,0.99980456
7913,horse,horse,0.9998305
7914,horse,horse,0.9999058
7915,horse,horse,0.9997187
7916,horse,horse,0.9998592
7917,horse,dog,0.99928457
7918,horse,horse,0.9998729
7919,horse,horse,0.9998022
7920,horse,horse,0.9997969
7921,horse,horse,0.99973863
7922,horse,horse,0.99982685
7923,horse,horse,0.9998311
7924,horse,horse,0.9998952
7925,horse,horse,0.9998876
7926,horse,horse,0.9997354
7927,horse,horse,0.9998604
7928,horse,horse,0.99987936
7929,horse,horse,0.9310801
7930,horse,horse,0.999788
7931,horse,horse,0.99987614
7932,horse,horse,0.999835
7933,horse,horse,0.9998524
7934,horse,horse,0.9998062
7935,horse,horse,0.9999044
7936,horse,horse,0.9998869
7937,horse,horse,0.9971848
7938,horse,horse,0.99989927
7939,horse,horse,0.99977285
7940,horse,horse,0.99987864
7941,horse,horse,0.99987197
7942,horse,horse,0.9999218
7943,horse,horse,0.9948236
7944,horse,horse,0.99984455
7945,horse,horse,0.9999037
7946,horse,horse,0.99987495
7947,horse,horse,0.9997503
7948,horse,horse,0.99982834
7949,horse,horse,0.9998171
7950,horse,horse,0.9998932
7951,horse,horse,0.99966395
7952,horse,horse,0.9998068
7953,horse,horse,0.99985564
7954,horse,horse,0.99977905
7955,horse,horse,0.99983764
7956,horse,horse,0.99984777
7957,horse,horse,0.81810564
7958,horse,horse,0.9980375
7959,horse,horse,0.9998487
7960,horse,horse,0.99988806
7961,horse,horse,0.99984574
7962,horse,horse,0.9998696
7963,horse,horse,0.99991524
7964,horse,horse,0.9998462
7965,horse,horse,0.99991083
7966,horse,horse,0.9997924
7967,horse,horse,0.99982965
7968,horse,horse,0.999887
7969,horse,horse,0.99984884
7970,horse,horse,0.999816
7971,horse,horse,0.9998222
7972,horse,horse,0.9997689
7973,horse,horse,0.9998361
7974,horse,horse,0.99991965
7975,horse,horse,0.9998722
7976,horse,horse,0.9998764
7977,horse,horse,0.9998636
7978,horse,horse,0.9998523
7979,horse,horse,0.99985695
7980,horse,horse,0.98843235
7981,horse,horse,0.99990547
7982,horse,horse,0.9998437
7983,horse,horse,0.99986935
7984,horse,horse,0.99979514
7985,horse,horse,0.9998814
7986,horse,horse,0.99987435
7987,horse,horse,0.9998041
7988,horse,horse,0.9998785
7989,horse,horse,0.9997528
7990,horse,horse,0.9998747
7991,horse,horse,0.99972206
7992,horse,horse,0.99977833
7993,horse,horse,0.99988747
7994,horse,horse,0.99975234
7995,horse,horse,0.999894
7996,horse,horse,0.99983907
7997,horse,horse,0.9998797
7998,horse,horse,0.9998497
7999,horse,horse,0.9998431
8000,ship,ship,0.9998697
8001,ship,ship,0.99989593
8002,ship,ship,0.99993765
8003,ship,ship,0.999902
8004,ship,ship,0.9999498
8005,ship,ship,0.9999429
8006,ship,ship,0.9998816
8007,ship,ship,0.99994385
8008,ship,ship,0.99994814
8009,ship,ship,0.9999478
8010,ship,ship,0.9999429
8011,ship,ship,0.9999405
8012,ship,ship,0.9999136
8013,ship,ship,0.99991167
8014,ship,ship,0.9999373
8015,ship,ship,0.99991953
8016,ship,ship,0.9999286
8017,ship,ship,0.9999478
8018,ship,ship,0.99991953
8019,ship,ship,0.9999293
8020,ship,airplane,0.9838357
8021,ship,ship,0.9998541
8022,ship,ship,0.99989843
8023,ship,ship,0.99995244
8024,ship,ship,0.9999405
8025,ship,ship,0.99993706
8026,ship,ship,0.99983823
8027,ship,ship,0.9999213
8028,ship,ship,0.9999256
8029,ship,ship,0.9998603
8030,ship,ship,0.9995183
8031,ship,ship,0.9998927
8032,ship,ship,0.99993014
8033,ship,ship,0.9998746
8034,ship,ship,0.9999349
8035,ship,ship,0.9998863
8036,ship,ship,0.99994683
8037,ship,ship,0.9999187
8038,ship,ship,0.9999498
8039,ship,ship,0.99957865
8040,ship,ship,0.9999465
8041,ship,ship,0.99993193
8042,ship,ship,0.99992716
8043,ship,ship,0.9998621
8044,ship,ship,0.99993205
8045,ship,ship,0.9983918
8046,ship,ship,0.81766605
8047,ship,ship,0.9998455
8048,ship,ship,0.99993134
8049,ship,ship,0.9999379
8050,ship,ship,0.9999198
8051,ship,ship,0.9999
8052,ship,ship,0.9999231
8053,ship,ship,0.9999001
8054,ship,ship,0.9999229
8055,ship,ship,0.9999479
8056,ship,ship,0.9999138
8057,ship,ship,0.9999471
8058,ship,ship,0.99992
8059,ship,ship,0.99993443
8060,ship,ship,0.99993384
8061,ship,ship,0.9999268
8062,ship,ship,0.9999614
8063,ship,ship,0.99979585
8064,ship,ship,0.9999262
8065,ship,ship,0.9999459
8066,ship,ship,0.9998828
8067,ship,ship,0.99991393
8068,ship,ship,0.99992657
8069,ship,ship,0.97451484
8070,ship,ship,0.5634054
8071,ship,ship,0.9999455
8072,ship,ship,0.99990237
8073,ship,ship,0.99991524
8074,ship,ship,0.9998894
8075,ship,ship,0.9998735
8076,ship,ship,0.9997502
8077,ship,ship,0.9999465
8078,ship,ship,0.9998971
8079,ship,ship,0.9999449
8080,ship,ship,0.9999485
8081,ship,ship,0.99991
8082,ship,ship,0.99993765
8083,ship,ship,0.9999428
8084,ship,ship,0.99992776
8085,ship,ship,0.9999242
8086,ship,ship,0.99989796
8087,ship,ship,0.99993885
8088,ship,ship,0.99992764
8089,ship,ship,0.9999275
8090,ship,ship,0.99990666
8091,ship,ship,0.99994266
8092,ship,ship,0.9996861
8093,ship,ship,0.99975663
8094,ship,ship,0.9999181
8095,ship,ship,0.99982387
8096,ship,ship,0.9999281
8097,ship,ship,0.99984086
8098,ship,ship,0.9999207
8099,ship,ship,0.99988973
8100,ship,ship,0.99992585
8101,ship,ship,0.9999219
8102,ship,ship,0.9999219
8103,ship,ship,0.9998965
8104,ship,ship,0.99991417
8105,ship,ship,0.99993646
8106,ship,ship,0.999739
8107,ship,ship,0.999933
8108,ship,ship,0.99924785
8109,ship,ship,0.99994767
8110,ship,ship,0.9999368
8111,ship,ship,0.999946
8112,ship,ship,0.99992394
8113,ship,ship,0.999938
8114,ship,ship,0.9999342
8115,ship,ship,0.9999522
8116,ship,ship,0.99995553
8117,ship,ship,0.99987507
8118,ship,ship,0.9999293
8119,ship,ship,0.99993944
8120,ship,ship,0.99995136
8121,ship,ship,0.9999367
8122,ship,ship,0.99993086
8123,ship,ship,0.9999113
8124,ship,ship,0.99992347
8125,ship,ship,0.99981934
8126,ship,ship,0.9999125
8127,ship,ship,0.99991035
8128,ship,ship,0.99991715
8129,ship,ship,0.9997943
8130,ship,ship,0.99993956
8131,ship,ship,0.99992645
8132,ship,ship,0.99990106
8133,ship,ship,0.99992883
8134,ship,ship,0.9999211
8135,ship,ship,0.9999275
8136,ship,ship,0.9998846
8137,ship,ship,0.94185996
8138,ship,ship,0.99994075
8139,ship,ship,0.9999255
8140,ship,ship,0.9999089
8141,ship,ship,0.99994886
8142,ship,ship,0.9996557
8143,ship,ship,0.9999188
8144,ship,ship,0.99958307
8145,ship,ship,0.9999325
8146,ship,ship,0.99990666
8147,ship,ship,0.9999329
8148,ship,ship,0.9999368
8149,ship,ship,0.99992204
8150,ship,ship,0.9999378
8151,ship,ship,0.99994457
8152,ship,ship,0.9999459
8153,ship,ship,0.99988997
8154,ship,ship,0.9999484
8155,ship,ship,0.9998373
8156,ship,ship,0.9999162
8157,ship,ship,0.99994147
8158,ship,ship,0.9998541
8159,ship,ship,0.99988425
8160,ship,ship,0.9996092
8161,ship,ship,0.99994636
8162,ship,ship,0.99994576
8163,ship,ship,0.99990404
8164,ship,ship,0.9999335
8165,ship,ship,0.99995005
8166,ship,ship,0.9999232
8167,ship,ship,0.99994195
8168,ship,ship,0.99991524
8169,ship,ship,0.9999385
8170,ship,ship,0.9998828
8171,ship,ship,0.99994624
8172,ship,ship,0.9998053
8173,ship,ship,0.9998927
8174,ship,ship,0.999925
8175,ship,ship,0.9998884
8176,ship,ship,0.99994814
8177,ship,ship,0.999941
8178,ship,ship,0.99984384
8179,ship,ship,0.99990106
8180,ship,ship,0.99973184
8181,ship,ship,0.99781775
8182,ship,ship,0.99987984
8183,ship,ship,0.9999106
8184,ship,ship,0.89701277
8185,ship,ship,0.99975425
8186,ship,ship,0.99992216
8187,ship,ship,0.99995184
8188,ship,ship,0.999915
8189,ship,ship,0.99986625
8190,ship,ship,0.9996965
8191,ship,ship,0.9998764
8192,ship,ship,0.9999529
8193,ship,ship,0.9999298
8194,ship,ship,0.9999336
8195,ship,ship,0.9999095
8196,ship,ship,0.9999262
8197,ship,ship,0.9999267
8198,ship,ship,0.99992204
8199,ship,ship,0.9999087
8200,ship,ship,0.9999145
8201,ship,ship,0.9999354
8202,ship,ship,0.99992347
8203,ship,ship,0.99995625
8204,ship,ship,0.9998196
8205,ship,ship,0.99992764
8206,ship,ship,0.6051113
8207,ship,ship,0.99704653
8208,ship,ship,0.9999516
8209,ship,ship,0.99994373
8210,ship,ship,0.64448124
8211,ship,ship,0.99991477
8212,ship,ship,0.9999367
8213,ship,ship,0.9999504
8214,ship,ship,0.9995617
8215,ship,ship,0.9998901
8216,ship,ship,0.9919051
8217,ship,ship,0.99993944
8218,ship,ship,0.99990344
8219,ship,ship,0.9997422
8220,ship,ship,0.9998882
8221,ship,ship,0.99929464
8222,ship,ship,0.99993646
8223,ship,ship,0.99994385
8224,ship,ship,0.9999471
8225,ship,ship,0.999949
8226,ship,ship,0.9999262
8227,ship,ship,0.99994504
8228,ship,ship,0.99994147
8229,ship,ship,0.9999418
8230,ship,ship,0.99993324
8231,ship,ship,0.9997398
8232,ship,ship,0.9999447
8233,ship,ship,0.9999405
8234,ship,ship,0.99993765
8235,ship,ship,0.9998864
8236,ship,ship,0.9999485
8237,ship,ship,0.99994266
8238,ship,ship,0.9999409
8239,ship,ship,0.9998772
8240,ship,ship,0.99993324
8241,ship,ship,0.9998957
8242,ship,ship,0.9999435
8243,ship,ship,0.99993145
8244,ship,automobile,0.9952009
8245,ship,ship,0.9999496
8246,ship,ship,0.9999318
8247,ship,ship,0.99990296
8248,ship,ship,0.999856
8249,ship,ship,0.99993455
8250,ship,ship,0.99993765
8251,ship,ship,0.9996828
8252,ship,ship,0.99993825
8253,ship,ship,0.99995804
8254,ship,ship,0.99993134
8255,ship,ship,0.99962604
8256,ship,ship,0.99992836
8257,ship,ship,0.9999312
8258,ship,ship,0.9999138
8259,ship,ship,0.9999523
8260,ship,ship,0.99994826
8261,ship,ship,0.99993193
8262,ship,ship,0.99994695
8263,ship,ship,0.9999496
8264,ship,ship,0.9999447
8265,ship,ship,0.99994063
8266,ship,ship,0.9999409
8267,ship,ship,0.99993825
8268,ship,ship,0.99995375
8269,ship,ship,0.9999304
8270,ship,ship,0.97749954
8271,ship,ship,0.9999521
8272,ship,ship,0.9825348
8273,ship,ship,0.9998
8274,ship,ship,0.9999554
8275,ship,ship,0.99994075
8276,ship,ship,0.9999479
8277,ship,ship,0.9999291
8278,ship,ship,0.99995124
8279,ship,ship,0.9999317
8280,ship,ship,0.9999089
8281,ship,ship,0.99993575
8282,ship,ship,0.99989724
8283,ship,ship,0.99993634
8284,ship,ship,0.99984896
8285,ship,ship,0.9997603
8286,ship,ship,0.9999385
8287,ship,ship,0.999954
8288,ship,ship,0.9995009
8289,ship,ship,0.99995446
8290,ship,ship,0.9999013
8291,ship,ship,0.9998492
8292,ship,ship,0.99987674
8293,ship,ship,0.9999244
8294,ship,ship,0.9999207
8295,ship,ship,0.99989283
8296,ship,ship,0.9998765
8297,ship,ship,0.9999033
8298,ship,ship,0.9998041
8299,ship,ship,0.99992216
8300,ship,ship,0.99994004
8301,ship,ship,0.99995005
8302,ship,ship,0.99993765
8303,ship,ship,0.9998658
8304,ship,ship,0.9998976
8305,ship,ship,0.9999492
8306,ship,ship,0.9999496
8307,ship,ship,0.99993205
8308,ship,ship,0.99993026
8309,ship,ship,0.9999411
8310,ship,ship,0.9999316
8311,ship,ship,0.9997485
8312,ship,ship,0.99992204
8313,ship,ship,0.9999018
8314,ship,ship,0.99993265
8315,ship,ship,0.9998925
8316,ship,ship,0.999933
8317,ship,ship,0.9999502
8318,ship,ship,0.9997509
8319,ship,ship,0.99982566
8320,ship,ship,0.99992335
8321,ship,ship,0.9997161
8322,ship,ship,0.9993839
8323,ship,ship,0.99993706
8324,ship,ship,0.99992514
8325,ship,ship,0.9999554
8326,ship,ship,0.9999391
8327,ship,ship,0.9997793
8328,ship,ship,0.99993694
8329,ship,ship,0.9999267
8330,ship,ship,0.99995816
8331,ship,ship,0.9999273
8332,ship,ship,0.99992025
8333,ship,ship,0.99993646
8334,ship,ship,0.99991834
8335,ship,ship,0.99993646
8336,ship,ship,0.9999492
8337,ship,ship,0.99877936
8338,ship,ship,0.9999069
8339,ship,ship,0.9999517
8340,ship,ship,0.9999418
8341,ship,ship,0.99995697
8342,ship,ship,0.9999378
8343,ship,ship,0.99994516
8344,ship,ship,0.9997484
8345,ship,ship,0.9999522
8346,ship,ship,0.9998598
8347,ship,ship,0.99973637
8348,ship,ship,0.9998004
8349,ship,ship,0.99993026
8350,ship,ship,0.9999361
8351,ship,ship,0.9998492
8352,ship,ship,0.9999087
8353,ship,ship,0.9999298
8354,ship,ship,0.9999409
8355,ship,ship,0.9999323
8356,ship,ship,0.99993646
8357,ship,ship,0.9999442
8358,ship,ship,0.99989617
8359,ship,ship,0.999923
8360,ship,ship,0.99990904
8361,ship,ship,0.9999174
8362,ship,ship,0.9999267
8363,ship,ship,0.9998833
8364,ship,ship,0.99991894
8365,ship,ship,0.99991393
8366,ship,ship,0.99994004
8367,ship,ship,0.9998043
8368,ship,ship,0.999949
8369,ship,ship,0.9998221
8370,ship,ship,0.99990034
8371,ship,ship,0.9999516
8372,ship,ship,0.99990463
8373,ship,ship,0.9998963
8374,ship,airplane,0.9664892
8375,ship,ship,0.9998405
8376,ship,ship,0.99992836
8377,ship,ship,0.9999306
8378,ship,ship,0.9999342
8379,ship,ship,0.99994874
8380,ship,ship,0.9999491
8381,ship,ship,0.9999025
8382,ship,ship,0.99988425
8383,ship,ship,0.9999443
8384,ship,ship,0.9998846
8385,ship,ship,0.99993205
8386,ship,ship,0.9999348
8387,ship,ship,0.99991477
8388,ship,ship,0.9999105
8389,ship,ship,0.99993
8390,ship,ship,0.999897
8391,ship,ship,0.99986744
8392,ship,ship,0.99994195
8393,ship,ship,0.9999182
8394,ship,ship,0.9999399
8395,ship,ship,0.99846435
8396,ship,ship,0.99989676
8397,ship,ship,0.9999237
8398,ship,ship,0.99993014
8399,ship,ship,0.999925
8400,ship,ship,0.99992335
8401,ship,ship,0.99994385
8402,ship,ship,0.9999465
8403,ship,ship,0.99993074
8404,ship,ship,0.99992275
8405,ship,ship,0.9999274
8406,ship,ship,0.9999335
8407,ship,ship,0.99995005
8408,ship,ship,0.5230451
8409,ship,ship,0.99994874
8410,ship,ship,0.99995553
8411,ship,ship,0.9999486
8412,ship,ship,0.99989986
8413,ship,ship,0.9999105
8414,ship,ship,0.9999082
8415,ship,ship,0.9999522
8416,ship,ship,0.9998215
8417,ship,ship,0.99988663
8418,ship,ship,0.99986005
8419,ship,ship,0.9998517
8420,ship,ship,0.9999484
8421,ship,ship,0.9999399
8422,ship,ship,0.999619
8423,ship,ship,0.999931
8424,ship,ship,0.9996123
8425,ship,ship,0.99994934
8426,ship,ship,0.99992645
8427,ship,ship,0.99990726
8428,ship,ship,0.999894
8429,ship,ship,0.9999529
8430,ship,ship,0.9868418
8431,ship,ship,0.9998839
8432,ship,ship,0.99994135
8433,ship,ship,0.9998264
8434,ship,ship,0.99994445
8435,ship,ship,0.99989796
8436,ship,ship,0.99298155
8437,ship,ship,0.99993825
8438,ship,ship,0.99995434
8439,ship,ship,0.9999194
8440,ship,ship,0.99995816
8441,ship,ship,0.99990284
8442,ship,ship,0.99986947
8443,ship,ship,0.99979955
8444,ship,ship,0.99995065
8445,ship,ship,0.99994326
8446,ship,ship,0.9998443
8447,ship,ship,0.99994564
8448,ship,ship,0.99993277
8449,ship,ship,0.99989176
8450,ship,ship,0.9999287
8451,ship,ship,0.99981505
8452,ship,ship,0.999941
8453,ship,ship,0.9999423
8454,ship,ship,0.99992514
8455,ship,ship,0.9957267
8456,ship,ship,0.9999018
8457,ship,ship,0.9999323
8458,ship,ship,0.9999263
8459,ship,ship,0.99994946
8460,ship,ship,0.999861
8461,ship,ship,0.9998728
8462,ship,ship,0.9999366
8463,ship,ship,0.99992967
8464,ship,ship,0.9998821
8465,ship,ship,0.99993575
8466,ship,ship,0.9996557
8467,ship,ship,0.9999238
8468,ship,ship,0.9998197
8469,ship,ship,0.9998772
8470,ship,ship,0.9999114
8471,ship,ship,0.9999037
8472,ship,ship,0.99974793
8473,ship,ship,0.9964012
8474,ship,ship,0.99941015
8475,ship,ship,0.9998271
8476,ship,ship,0.99994266
8477,ship,ship,0.9999012
8478,ship,ship,0.9999263
8479,ship,ship,0.9996729
8480,ship,ship,0.99991584
8481,ship,ship,0.9993513
8482,ship,ship,0.99990153
8483,ship,ship,0.99873835
8484,ship,ship,0.9999031
8485,ship,ship,0.9999249
8486,ship,ship,0.9999608
8487,ship,ship,0.999933
8488,ship,ship,0.99994266
8489,ship,ship,0.9999355
8490,ship,ship,0.99981576
8491,ship,ship,0.99994564
8492,ship,ship,0.9999405
8493,ship,ship,0.998442
8494,ship,ship,0.99993384
8495,ship,ship,0.9995166
8496,ship,ship,0.9999378
8497,ship,ship,0.9966948
8498,ship,ship,0.9999261
8499,ship,ship,0.99981636
8500,ship,ship,0.99993014
8501,ship,ship,0.999933
8502,ship,ship,0.999874
8503,ship,ship,0.9994005
8504,ship,ship,0.999941
8505,ship,ship,0.9999411
8506,ship,ship,0.9997013
8507,ship,ship,0.9999535
8508,ship,ship,0.9999449
8509,ship,ship,0.9992655
8510,ship,ship,0.99995697
8511,ship,ship,0.99992514
8512,ship,ship,0.9999001
8513,ship,ship,0.9999459
8514,ship,ship,0.99994135
8515,ship,ship,0.99994326
8516,ship,ship,0.99994385
8517,ship,ship,0.9999199
8518,ship,ship,0.99983406
8519,ship,ship,0.97781324
8520,ship,ship,0.9999033
8521,ship,ship,0.9999161
8522,ship,ship,0.9999343
8523,ship,ship,0.9999366
8524,ship,ship,0.9974196
8525,ship,ship,0.9999453
8526,ship,ship,0.9999068
8527,ship,ship,0.99989176
8528,ship,ship,0.99991286
8529,ship,ship,0.9997671
8530,ship,ship,0.9999094
8531,ship,ship,0.99993944
8532,ship,ship,0.9998684
8533,ship,ship,0.9997795
8534,ship,ship,0.99993014
8535,ship,ship,0.99991965
8536,ship,ship,0.9999343
8537,ship,ship,0.99994195
8538,ship,ship,0.9998754
8539,ship,ship,0.99990475
8540,ship,ship,0.9999341
8541,ship,ship,0.9998385
8542,ship,airplane,0.9995441
8543,ship,ship,0.99992573
8544,ship,ship,0.9999181
8545,ship,ship,0.99993825
8546,ship,ship,0.9999237
8547,ship,ship,0.999946
8548,ship,ship,0.9994197
8549,ship,ship,0.99994326
8550,ship,ship,0.97014195
8551,ship,ship,0.999938
8552,ship,ship,0.9998932
8553,ship,ship,0.99994063
8554,ship,ship,0.9999385
8555,ship,ship,0.9999367
8556,ship,ship,0.9998703
8557,ship,ship,0.98196226
8558,ship,ship,0.99991095
8559,ship,ship,0.9999206
8560,ship,ship,0.99993837
8561,ship,ship,0.99994826
8562,ship,ship,0.99993694
8563,ship,ship,0.99985456
8564,ship,ship,0.99994135
8565,ship,ship,0.9999027
8566,ship,ship,0.99957293
8567,ship,ship,0.99983
8568,ship,ship,0.9999422
8569,ship,ship,0.9999175
8570,ship,ship,0.9999323
8571,ship,ship,0.9992619
8572,ship,ship,0.99993753
8573,ship,ship,0.99992037
8574,ship,ship,0.9998411
8575,ship,ship,0.99985456
8576,ship,ship,0.9769859
8577,ship,ship,0.9996655
8578,ship,ship,0.9998808
8579,ship,ship,0.9999274
8580,ship,ship,0.9997862
8581,ship,ship,0.98419976
8582,ship,ship,0.9998969
8583,ship,ship,0.99986386
8584,ship,ship,0.9999368
8585,ship,ship,0.9999399
8586,ship,ship,0.9999316
8587,ship,ship,0.99993825
8588,ship,ship,0.9994399
8589,ship,ship,0.9999119
8590,ship,ship,0.9998486
8591,ship,ship,0.99923563
8592,ship,ship,0.9998945
8593,ship,ship,0.99989593
8594,ship,ship,0.99992347
8595,ship,ship,0.9999304
8596,ship,ship,0.99990904
8597,ship,ship,0.9999598
8598,ship,ship,0.9999517
8599,ship,ship,0.9999293
8600,ship,ship,0.9999316
8601,ship,ship,0.99993515
8602,ship,ship,0.99993825
8603,ship,ship,0.99977535
8604,ship,ship,0.9991924
8605,ship,ship,0.9999118
8606,ship,ship,0.9999113
8607,ship,ship,0.99994123
8608,ship,ship,0.9999418
8609,ship,ship,0.99988806
8610,ship,ship,0.9998988
8611,ship,ship,0.9999386
8612,ship,ship,0.9999541
8613,ship,ship,0.9998915
8614,ship,ship,0.99989915
8615,ship,ship,0.99983764
8616,ship,ship,0.9999418
8617,ship,ship,0.9999428
8618,ship,ship,0.9998621
8619,ship,ship,0.9997644
8620,ship,ship,0.9219196
8621,ship,ship,0.99983287
8622,ship,ship,0.9998654
8623,ship,ship,0.9999325
8624,ship,ship,0.9998524
8625,ship,ship,0.9999192
8626,ship,ship,0.9999385
8627,ship,ship,0.9999087
8628,ship,ship,0.99921906
8629,ship,ship,0.999882
8630,ship,ship,0.99993134
8631,ship,ship,0.9999349
8632,ship,ship,0.9999498
8633,ship,ship,0.99972063
8634,ship,ship,0.9999105
8635,ship,ship,0.9998698
8636,ship,ship,0.9999455
8637,ship,ship,0.9998246
8638,ship,ship,0.9999335
8639,ship,airplane,0.9868246
8640,ship,ship,0.9999007
8641,ship,ship,0.9998771
8642,ship,ship,0.9994217
8643,ship,ship,0.99987257
8644,ship,ship,0.99994886
8645,ship,ship,0.99994624
8646,ship,ship,0.99992955
8647,ship,ship,0.99980897
8648,ship,ship,0.9999337
8649,ship,ship,0.99995065
8650,ship,ship,0.9999237
8651,ship,ship,0.99994123
8652,ship,ship,0.99992514
8653,ship,ship,0.999944
8654,ship,ship,0.9999213
8655,ship,ship,0.9999373
8656,ship,ship,0.9997818
8657,ship,ship,0.99976593
8658,ship,ship,0.9999411
8659,ship,ship,0.99989855
8660,ship,ship,0.9999069
8661,ship,ship,0.99991345
8662,ship,ship,0.99973875
8663,ship,ship,0.99991715
8664,ship,ship,0.9998678
8665,ship,ship,0.99989986
8666,ship,ship,0.99990594
8667,ship,ship,0.99987674
8668,ship,ship,0.9999492
8669,ship,ship,0.9999099
8670,ship,ship,0.9999523
8671,ship,ship,0.99922717
8672,ship,ship,0.999948
8673,ship,ship,0.9998839
8674,ship,ship,0.99993956
8675,ship,ship,0.9999331
8676,ship,ship,0.9999275
8677,ship,ship,0.9998597
8678,ship,ship,0.99994636
8679,ship,ship,0.99988675
8680,ship,ship,0.9995617
8681,ship,ship,0.99980146
8682,ship,ship,0.9999348
8683,ship,ship,0.99422956
8684,ship,ship,0.99995565
8685,ship,ship,0.9999144
8686,ship,ship,0.9999237
8687,ship,ship,0.9999218
8688,ship,ship,0.9999423
8689,ship,ship,0.9999486
8690,ship,ship,0.99995005
8691,ship,ship,0.99989915
8692,ship,ship,0.99994326
8693,ship,ship,0.9999428
8694,ship,ship,0.9999409
8695,ship,ship,0.999718
8696,ship,ship,0.99995553
8697,ship,ship,0.9999113
8698,ship,ship,0.9998636
8699,ship,ship,0.9999231
8700,ship,ship,0.9999099
8701,ship,ship,0.99994135
8702,ship,ship,0.9998275
8703,ship,ship,0.99981993
8704,ship,ship,0.9997105
8705,ship,ship,0.99989986
8706,ship,ship,0.99609876
8707,ship,ship,0.9997608
8708,ship,ship,0.99991333
8709,ship,ship,0.9999491
8710,ship,ship,0.9998971
8711,ship,ship,0.9999
8712,ship,ship,0.9995307
8713,ship,ship,0.9998965
8714,ship,ship,0.999949
8715,ship,ship,0.9999516
8716,ship,ship,0.99992085
8717,ship,ship,0.99992883
8718,ship,ship,0.99972814
8719,ship,ship,0.9999311
8720,ship,ship,0.99988735
8721,ship,ship,0.9999087
8722,ship,ship,0.9999249
8723,ship,ship,0.9997806
8724,ship,ship,0.99994075
8725,ship,ship,0.99988616
8726,ship,ship,0.9999422
8727,ship,ship,0.9999105
8728,ship,ship,0.9999168
8729,ship,ship,0.99989676
8730,ship,ship,0.999895
8731,ship,ship,0.9999348
8732,ship,ship,0.9998362
8733,ship,ship,0.99993956
8734,ship,ship,0.9999101
8735,ship,ship,0.9998946
8736,ship,automobile,0.74498403
8737,ship,ship,0.9999434
8738,ship,ship,0.99984777
8739,ship,ship,0.99994016
8740,ship,ship,0.99989665
8741,ship,ship,0.9995975
8742,ship,ship,0.99958163
8743,ship,ship,0.9999205
8744,ship,ship,0.99990857
8745,ship,ship,0.999931
8746,ship,ship,0.9999348
8747,ship,ship,0.9999323
8748,ship,ship,0.999863
8749,ship,ship,0.99969447
8750,ship,ship,0.9999496
8751,ship,ship,0.99989665
8752,ship,ship,0.9999267
8753,ship,ship,0.99993515
8754,ship,ship,0.9999374
8755,ship,ship,0.9999387
8756,ship,ship,0.9998864
8757,ship,ship,0.9999465
8758,ship,ship,0.99993336
8759,ship,ship,0.9999316
8760,ship,ship,0.99995303
8761,ship,ship,0.99993026
8762,ship,ship,0.9999441
8763,ship,ship,0.99993694
8764,ship,ship,0.99994195
8765,ship,ship,0.9997547
8766,ship,ship,0.99988806
8767,ship,ship,0.99994206
8768,ship,truck,0.79147965
8769,ship,ship,0.999944
8770,ship,ship,0.9999409
8771,ship,ship,0.9999263
8772,ship,ship,0.99994874
8773,ship,ship,0.9999596
8774,ship,ship,0.9999443
8775,ship,ship,0.9998946
8776,ship,ship,0.9999391
8777,ship,ship,0.99986553
8778,ship,ship,0.99990416
8779,ship,ship,0.9999373
8780,ship,ship,0.99987876
8781,ship,ship,0.98438823
8782,ship,ship,0.99993837
8783,ship,ship,0.9999275
8784,ship,ship,0.9999274
8785,ship,ship,0.9999151
8786,ship,ship,0.9999479
8787,ship,ship,0.9999114
8788,ship,ship,0.9338878
8789,ship,ship,0.99994826
8790,ship,ship,0.9999268
8791,ship,ship,0.9999167
8792,ship,ship,0.99994636
8793,ship,ship,0.9998952
8794,ship,ship,0.9999484
8795,ship,ship,0.9999418
8796,ship,ship,0.9999417
8797,ship,ship,0.9999341
8798,ship,ship,0.9998155
8799,ship,ship,0.9999255
8800,ship,ship,0.99992216
8801,ship,ship,0.9998827
8802,ship,ship,0.9999534
8803,ship,ship,0.9997675
8804,ship,ship,0.9999342
8805,ship,ship,0.9999335
8806,ship,ship,0.99994385
8807,ship,ship,0.9997391
8808,ship,ship,0.9992255
8809,ship,ship,0.9999442
8810,ship,ship,0.9999409
8811,ship,ship,0.9998547
8812,ship,ship,0.9999503
8813,ship,ship,0.9998179
8814,ship,ship,0.6543924
8815,ship,ship,0.9999206
8816,ship,ship,0.9998598
8817,ship,ship,0.99992025
8818,ship,ship,0.99992836
8819,ship,ship,0.99985886
8820,ship,ship,0.9999418
8821,ship,ship,0.9998733
8822,ship,ship,0.9998747
8823,ship,ship,0.99993265
8824,ship,ship,0.99930096
8825,ship,ship,0.999923
8826,ship,ship,0.9998287
8827,ship,ship,0.99995375
8828,ship,ship,0.99994767
8829,ship,ship,0.999946
8830,ship,ship,0.99985254
8831,ship,ship,0.9999398
8832,ship,ship,0.9998863
8833,ship,ship,0.9998399
8834,ship,ship,0.9999131
8835,ship,ship,0.9999521
8836,ship,ship,0.99992967
8837,ship,ship,0.9999298
8838,ship,ship,0.99992347
8839,ship,ship,0.9998292
8840,ship,ship,0.9999367
8841,ship,ship,0.9999125
8842,ship,ship,0.99988914
8843,ship,ship,0.99988437
8844,ship,ship,0.9999484
8845,ship,ship,0.9974954
8846,ship,ship,0.9997528
8847,ship,ship,0.9997969
8848,ship,ship,0.999951
8849,ship,ship,0.99992216
8850,ship,ship,0.9994816
8851,ship,ship,0.9999298
8852,ship,ship,0.9998975
8853,ship,ship,0.99995434
8854,ship,ship,0.99989855
8855,ship,ship,0.9999062
8856,ship,ship,0.9987631
8857,ship,ship,0.99971646
8858,ship,ship,0.9999521
8859,ship,ship,0.999912
8860,ship,ship,0.999482
8861,ship,ship,0.99959403
8862,ship,ship,0.88641167
8863,ship,ship,0.999846
8864,ship,ship,0.9999403
8865,ship,ship,0.99990964
8866,ship,ship,0.99993575
8867,ship,ship,0.9999193
8868,ship,ship,0.9999387
8869,ship,ship,0.996236
8870,ship,ship,0.9999269
8871,ship,ship,0.99989986
8872,ship,ship,0.99893254
8873,ship,ship,0.9998549
8874,ship,ship,0.9998771
8875,ship,ship,0.99993384
8876,ship,ship,0.99993193
8877,ship,ship,0.9999044
8878,ship,ship,0.99995124
8879,ship,ship,0.89207923
8880,ship,ship,0.99994457
8881,ship,ship,0.99992275
8882,ship,ship,0.99993014
8883,ship,ship,0.9999416
8884,ship,ship,0.99991274
8885,ship,ship,0.99992263
8886,ship,ship,0.99993956
8887,ship,ship,0.9999397
8888,ship,ship,0.9996712
8889,ship,ship,0.9999323
8890,ship,ship,0.9998715
8891,ship,ship,0.9999399
8892,ship,ship,0.9999455
8893,ship,ship,0.99995244
8894,ship,ship,0.9999294
8895,ship,ship,0.9999342
8896,ship,ship,0.99994445
8897,ship,ship,0.99989486
8898,ship,ship,0.97713906
8899,ship,ship,0.9998996
8900,ship,ship,0.9998778
8901,ship,ship,0.9998665
8902,ship,ship,0.9999405
8903,ship,ship,0.9999516
8904,ship,ship,0.99993575
8905,ship,ship,0.99992776
8906,ship,ship,0.99992704
8907,ship,ship,0.99995244
8908,ship,ship,0.9997558
8909,ship,ship,0.9998716
8910,ship,ship,0.99994385
8911,ship,ship,0.9999162
8912,ship,ship,0.99987876
8913,ship,ship,0.999944
8914,ship,ship,0.99991906
8915,ship,ship,0.9998771
8916,ship,ship,0.99994373
8917,ship,ship,0.9999436
8918,ship,ship,0.9999398
8919,ship,ship,0.9999459
8920,ship,ship,0.99989974
8921,ship,ship,0.999933
8922,ship,ship,0.9999094
8923,ship,ship,0.9999362
8924,ship,ship,0.9999242
8925,ship,ship,0.99968517
8926,ship,ship,0.9999409
8927,ship,ship,0.9999347
8928,ship,ship,0.9998487
8929,ship,ship,0.99989545
8930,ship,ship,0.9997613
8931,ship,ship,0.99987185
8932,ship,ship,0.9999366
8933,ship,ship,0.9999018
8934,ship,ship,0.9999218
8935,ship,ship,0.9998803
8936,ship,ship,0.9998758
8937,ship,ship,0.999943
8938,ship,ship,0.9999039
8939,ship,ship,0.9997075
8940,ship,ship,0.9999126
8941,ship,ship,0.9999368
8942,ship,ship,0.9999386
8943,ship,ship,0.99994767
8944,ship,ship,0.99983835
8945,ship,ship,0.99994075
8946,ship,ship,0.99995506
8947,ship,ship,0.9999424
8948,ship,ship,0.99984956
8949,ship,ship,0.9995975
8950,ship,ship,0.9999536
8951,ship,ship,0.99991715
8952,ship,ship,0.9999386
8953,ship,ship,0.9998301
8954,ship,ship,0.9999454
8955,ship,ship,0.9999553
8956,ship,ship,0.9999391
8957,ship,ship,0.99983597
8958,ship,ship,0.99993765
8959,ship,ship,0.999933
8960,ship,ship,0.9998822
8961,ship,ship,0.99992514
8962,ship,ship,0.99993944
8963,ship,ship,0.9991824
8964,ship,ship,0.99995565
8965,ship,ship,0.99992836
8966,ship,ship,0.9999479
8967,ship,ship,0.99994946
8968,ship,ship,0.9998679
8969,ship,ship,0.9998832
8970,ship,ship,0.9998424
8971,ship,ship,0.99992514
8972,ship,ship,0.9999312
8973,ship,ship,0.9999002
8974,ship,ship,0.99986565
8975,ship,ship,0.9997366
8976,ship,ship,0.9996809
8977,ship,ship,0.9999447
8978,ship,ship,0.99991345
8979,ship,ship,0.9999436
8980,ship,ship,0.9998956
8981,ship,ship,0.999948
8982,ship,ship,0.9999101
8983,ship,ship,0.9998491
8984,ship,ship,0.9999566
8985,ship,ship,0.99990296
8986,ship,ship,0.99995196
8987,ship,ship,0.9999107
8988,ship,ship,0.99992347
8989,ship,ship,0.99993646
8990,ship,ship,0.9999298
8991,ship,ship,0.9994634
8992,ship,ship,0.9999422
8993,ship,ship,0.9999255
8994,ship,ship,0.9999194
8995,ship,ship,0.9999523
8996,ship,ship,0.9998454
8997,ship,ship,0.999899
8998,ship,ship,0.9999404
8999,ship,ship,0.9999132
9000,truck,truck,0.99987817
9001,truck,truck,0.999905
9002,truck,truck,0.999908
9003,truck,truck,0.9999242
9004,truck,truck,0.99992454
9005,truck,truck,0.999913
9006,truck,truck,0.9999
9007,truck,truck,0.9982639
9008,truck,truck,0.9998901
9009,truck,truck,0.99991155
9010,truck,truck,0.9999373
9011,truck,truck,0.9999037
9012,truck,truck,0.99992025
9013,truck,truck,0.9999248
9014,truck,truck,0.9998914
9015,truck,truck,0.9998903
9016,truck,truck,0.99989283
9017,truck,truck,0.99987507
9018,truck,truck,0.99992466
9019,truck,truck,0.99992085
9020,truck,truck,0.99988544
9021,truck,truck,0.9999057
9022,truck,truck,0.9998549
9023,truck,truck,0.9999255
9024,truck,truck,0.9998857
9025,truck,truck,0.99985623
9026,truck,truck,0.9998952
9027,truck,truck,0.9997973
9028,truck,truck,0.99990964
9029,truck,truck,0.9998816
9030,truck,truck,0.9998839
9031,truck,truck,0.99993265
9032,truck,truck,0.99986804
9033,truck,truck,0.9999075
9034,truck,truck,0.9993001
9035,truck,truck,0.9999056
9036,truck,truck,0.9993511
9037,truck,truck,0.9999155
9038,truck,truck,0.9999193
9039,truck,truck,0.99988234
9040,truck,truck,0.99990964
9041,truck,truck,0.99986327
9042,truck,truck,0.9999112
9043,truck,truck,0.9999175
9044,truck,truck,0.9860488
9045,truck,truck,0.99991226
9046,truck,truck,0.99902225
9047,truck,truck,0.9999155
9048,truck,truck,0.99989617
9049,truck,truck,0.9999244
9050,truck,truck,0.9999031
9051,truck,truck,0.9999167
9052,truck,truck,0.9999201
9053,truck,truck,0.9998374
9054,truck,truck,0.9999186
9055,truck,truck,0.9998865
9056,truck,truck,0.99992085
9057,truck,truck,0.99993765
9058,truck,truck,0.9998952
9059,truck,truck,0.9998933
9060,truck,truck,0.9999125
9061,truck,truck,0.9999126
9062,truck,truck,0.9999012
9063,truck,truck,0.99990904
9064,truck,truck,0.99989283
9065,truck,truck,0.99991703
9066,truck,truck,0.9999317
9067,truck,truck,0.9915876
9068,truck,truck,0.99990666
9069,truck,truck,0.99990857
9070,truck,truck,0.99992704
9071,truck,truck,0.99987936
9072,truck,truck,0.9986687
9073,truck,truck,0.9999018
9074,truck,truck,0.999925
9075,truck,truck,0.9998996
9076,truck,truck,0.99987495
9077,truck,truck,0.9998816
9078,truck,truck,0.99989176
9079,truck,truck,0.99990964
9080,truck,truck,0.9998766
9081,truck,truck,0.99993587
9082,truck,truck,0.99991655
9083,truck,truck,0.9998753
9084,truck,truck,0.99989593
9085,truck,truck,0.9997719
9086,truck,truck,0.9997538
9087,truck,truck,0.999556
9088,truck,truck,0.99991286
9089,truck,truck,0.99984646
9090,truck,truck,0.9999223
9091,truck,truck,0.99992895
9092,truck,truck,0.99990845
9093,truck,truck,0.9998832
9094,truck,truck,0.9998832
9095,truck,automobile,0.7367404
9096,truck,truck,0.99990535
9097,truck,truck,0.9999275
9098,truck,truck,0.9997912
9099,truck,truck,0.99892706
9100,truck,truck,0.99982375
9101,truck,truck,0.9998884
9102,truck,truck,0.99993396
9103,truck,truck,0.9997234
9104,truck,truck,0.99992955
9105,truck,truck,0.9999205
9106,truck,truck,0.99989235
9107,truck,truck,0.9998852
9108,truck,truck,0.9998841
9109,truck,truck,0.999894
9110,truck,truck,0.99991214
9111,truck,truck,0.99988997
9112,truck,truck,0.9995734
9113,truck,truck,0.99993503
9114,truck,truck,0.99968493
9115,truck,truck,0.9998894
9116,truck,truck,0.99989736
9117,truck,truck,0.9996669
9118,truck,truck,0.99985397
9119,truck,truck,0.99989927
9120,truck,truck,0.9999064
9121,truck,truck,0.9998884
9122,truck,truck,0.9998913
9123,truck,truck,0.9999014
9124,truck,truck,0.9999138
9125,truck,truck,0.99993134
9126,truck,truck,0.99988675
9127,truck,truck,0.9998914
9128,truck,truck,0.9999068
9129,truck,truck,0.99991643
9130,truck,truck,0.9990336
9131,truck,truck,0.9999417
9132,truck,truck,0.9998448
9133,truck,truck,0.9999167
9134,truck,truck,0.9998957
9135,truck,truck,0.99991155
9136,truck,truck,0.999912
9137,truck,truck,0.999908
9138,truck,truck,0.999895
9139,truck,truck,0.999813
9140,truck,truck,0.99991095
9141,truck,truck,0.9998989
9142,truck,truck,0.9999188
9143,truck,truck,0.9998641
9144,truck,truck,0.9999236
9145,truck,truck,0.99991333
9146,truck,truck,0.9998921
9147,truck,truck,0.9999286
9148,truck,truck,0.99993324
9149,truck,truck,0.9999175
9150,truck,truck,0.999923
9151,truck,truck,0.9998838
9152,truck,automobile,0.9993882
9153,truck,truck,0.9999008
9154,truck,truck,0.99992716
9155,truck,truck,0.99992025
9156,truck,automobile,0.717679
9157,truck,truck,0.9999087
9158,truck,truck,0.99988854
9159,truck,truck,0.9999229
9160,truck,truck,0.9995921
9161,truck,truck,0.99991107
9162,truck,truck,0.99989367
9163,truck,truck,0.99992406
9164,truck,truck,0.9998443
9165,truck,truck,0.99988365
9166,truck,truck,0.9999113
9167,truck,truck,0.9998919
9168,truck,truck,0.9998852
9169,truck,truck,0.9998876
9170,truck,truck,0.99985635
9171,truck,truck,0.99991953
9172,truck,truck,0.99992096
9173,truck,truck,0.99985635
9174,truck,truck,0.99991274
9175,truck,automobile,0.9608609
9176,truck,automobile,0.99971384
9177,truck,truck,0.9997421
9178,truck,truck,0.9999025
9179,truck,truck,0.9999083
9180,truck,truck,0.99966455
9181,truck,truck,0.9999043
9182,truck,truck,0.99990475
9183,truck,truck,0.9999161
9184,truck,truck,0.9999136
9185,truck,truck,0.51821256
9186,truck,truck,0.9999033
9187,truck,truck,0.99992776
9188,truck,truck,0.9999125
9189,truck,truck,0.99989176
9190,truck,truck,0.9999
9191,truck,truck,0.9999269
9192,truck,truck,0.99992347
9193,truck,truck,0.9996964
9194,truck,truck,0.9998776
9195,truck,truck,0.9999056
9196,truck,truck,0.9999213
9197,truck,truck,0.9999169
9198,truck,truck,0.99965966
9199,truck,truck,0.99991786
9200,truck,truck,0.9998652
9201,truck,truck,0.99989986
9202,truck,truck,0.9999137
9203,truck,truck,0.99990594
9204,truck,truck,0.9998191
9205,truck,truck,0.9999238
9206,truck,truck,0.9998665
9207,truck,automobile,0.71938044
9208,truck,truck,0.9999168
9209,truck,truck,0.9622009
9210,truck,truck,0.9999244
9211,truck,truck,0.99993086
9212,truck,truck,0.9999274
9213,truck,truck,0.99991703
9214,truck,truck,0.9999256
9215,truck,truck,0.9997857
9216,truck,truck,0.9999198
9217,truck,truck,0.99988914
9218,truck,truck,0.99989414
9219,truck,truck,0.9135935
9220,truck,truck,0.99990964
9221,truck,truck,0.99991465
9222,truck,truck,0.9984309
9223,truck,truck,0.9999082
9224,truck,truck,0.99991286
9225,truck,truck,0.9998628
9226,truck,truck,0.99991035
9227,truck,truck,0.99992716
9228,truck,truck,0.9999186
9229,truck,truck,0.9970511
9230,truck,truck,0.9998202
9231,truck,truck,0.99991775
9232,truck,truck,0.9999249
9233,truck,truck,0.99785256
9234,truck,truck,0.99991
9235,truck,truck,0.99991417
9236,truck,truck,0.99974626
9237,truck,truck,0.9999068
9238,truck,truck,0.9999181
9239,truck,truck,0.9998696
9240,truck,truck,0.9998764
9241,truck,truck,0.999892
9242,truck,truck,0.9998354
9243,truck,truck,0.9999088
9244,truck,truck,0.9999286
9245,truck,truck,0.999884
9246,truck,truck,0.999876
9247,truck,truck,0.9998752
9248,truck,truck,0.99990356
9249,truck,truck,0.99990666
9250,truck,truck,0.99991226
9251,truck,truck,0.99992526
9252,truck,truck,0.9998522
9253,truck,truck,0.999882
9254,truck,truck,0.99990916
9255,truck,truck,0.6002394
9256,truck,truck,0.9996884
9257,truck,truck,0.9998735
9258,truck,truck,0.99987614
9259,truck,truck,0.99990654
9260,truck,truck,0.99990857
9261,truck,truck,0.99988794
9262,truck,truck,0.9999113
9263,truck,truck,0.9999182
9264,truck,truck,0.99987745
9265,truck,truck,0.99976355
9266,truck,truck,0.99989283
9267,truck,truck,0.9999101
9268,truck,truck,0.9999044
9269,truck,truck,0.9999299
9270,truck,truck,0.9998808
9271,truck,truck,0.9999367
9272,truck,truck,0.9999008
9273,truck,truck,0.99982905
9274,truck,truck,0.99989235
9275,truck,truck,0.9999093
9276,truck,truck,0.99989724
9277,truck,truck,0.9994017
9278,truck,truck,0.9998996
9279,truck,truck,0.9998098
9280,truck,truck,0.99989855
9281,truck,truck,0.9969217
9282,truck,truck,0.9998765
9283,truck,truck,0.9999188
9284,truck,truck,0.9999249
9285,truck,automobile,0.9985299
9286,truck,truck,0.9999169
9287,truck,truck,0.9998939
9288,truck,truck,0.99987364
9289,truck,truck,0.999905
9290,truck,truck,0.9998821
9291,truck,truck,0.99988186
9292,truck,truck,0.99991274
9293,truck,truck,0.9999416
9294,truck,truck,0.99987614
9295,truck,truck,0.999905
9296,truck,truck,0.99992657
9297,truck,truck,0.9998969
9298,truck,truck,0.99993265
9299,truck,truck,0.9998934
9300,truck,truck,0.94878924
9301,truck,truck,0.9996784
9302,truck,truck,0.9989802
9303,truck,truck,0.9999012
9304,truck,truck,0.9998965
9305,truck,truck,0.9998716
9306,truck,truck,0.9999143
9307,truck,truck,0.9999231
9308,truck,truck,0.9998921
9309,truck,truck,0.9999058
9310,truck,truck,0.9999187
9311,truck,truck,0.99986625
9312,truck,truck,0.9999293
9313,truck,truck,0.99992895
9314,truck,truck,0.999881
9315,truck,truck,0.9999441
9316,truck,truck,0.99989617
9317,truck,truck,0.999933
9318,truck,truck,0.999926
9319,truck,truck,0.99987185
9320,truck,truck,0.9972372
9321,truck,truck,0.99243283
9322,truck,truck,0.9999087
9323,truck,truck,0.999861
9324,truck,truck,0.99991834
9325,truck,truck,0.9998778
9326,truck,truck,0.9803182
9327,truck,truck,0.98289686
9328,truck,truck,0.99992883
9329,truck,truck,0.999925
9330,truck,truck,0.99772364
9331,truck,truck,0.9999181
9332,truck,truck,0.9998661
9333,truck,truck,0.9995666
9334,truck,truck,0.9997205
9335,truck,truck,0.9999099
9336,truck,truck,0.9999174
9337,truck,truck,0.9999176
9338,truck,truck,0.9999379
9339,truck,truck,0.99990726
9340,truck,truck,0.99979156
9341,truck,truck,0.9960914
9342,truck,truck,0.999613
9343,truck,truck,0.99990726
9344,truck,truck,0.9999269
9345,truck,truck,0.9999182
9346,truck,truck,0.9999168
9347,truck,truck,0.99993455
9348,truck,truck,0.9998902
9349,truck,truck,0.99991703
9350,truck,truck,0.99990416
9351,truck,truck,0.9999151
9352,truck,automobile,0.9992749
9353,truck,truck,0.9998522
9354,truck,truck,0.9998977
9355,truck,truck,0.9986941
9356,truck,truck,0.9998871
9357,truck,truck,0.99965084
9358,truck,truck,0.9999076
9359,truck,truck,0.99991846
9360,truck,truck,0.9998828
9361,truck,truck,0.99990153
9362,truck,truck,0.9994568
9363,truck,truck,0.9999075
9364,truck,truck,0.9999
9365,truck,truck,0.99983895
9366,truck,truck,0.9999143
9367,truck,truck,0.99991226
9368,truck,truck,0.9998211
9369,truck,truck,0.9998908
9370,truck,truck,0.99988806
9371,truck,truck,0.99991393
9372,truck,truck,0.99990547
9373,truck,truck,0.9998833
9374,truck,truck,0.99992454
9375,truck,truck,0.99987674
9376,truck,truck,0.99989736
9377,truck,truck,0.9998933
9378,truck,truck,0.99990475
9379,truck,truck,0.99990237
9380,truck,truck,0.9999294
9381,truck,truck,0.9998807
9382,truck,truck,0.99982893
9383,truck,truck,0.99762887
9384,truck,truck,0.99989986
9385,truck,truck,0.99985635
9386,truck,truck,0.9999199
9387,truck,truck,0.9997192
9388,truck,truck,0.9999063
9389,truck,truck,0.99993074
9390,truck,truck,0.9998436
9391,truck,truck,0.9998975
9392,truck,truck,0.9999161
9393,truck,truck,0.9998963
9394,truck,truck,0.99992514
9395,truck,truck,0.9999269
9396,truck,truck,0.99991536
9397,truck,truck,0.999895
9398,truck,truck,0.99989545
9399,truck,truck,0.9999181
9400,truck,truck,0.9999354
9401,truck,truck,0.99991834
9402,truck,truck,0.999928
9403,truck,truck,0.9999205
9404,truck,truck,0.99990475
9405,truck,truck,0.99992085
9406,truck,truck,0.99843246
9407,truck,truck,0.9999143
9408,truck,truck,0.9999268
9409,truck,truck,0.99971086
9410,truck,truck,0.9999182
9411,truck,truck,0.9999043
9412,truck,truck,0.99981457
9413,truck,truck,0.9999021
9414,truck,truck,0.9999299
9415,truck,truck,0.9999107
9416,truck,truck,0.99991584
9417,truck,truck,0.99954456
9418,truck,truck,0.9998939
9419,truck,truck,0.9998957
9420,truck,truck,0.9999013
9421,truck,truck,0.9999145
9422,truck,truck,0.99991226
9423,truck,truck,0.99990296
9424,truck,truck,0.9998586
9425,truck,truck,0.99991965
9426,truck,truck,0.99987495
9427,truck,truck,0.9999083
9428,truck,truck,0.99989855
9429,truck,truck,0.9999094
9430,truck,truck,0.99529207
9431,truck,truck,0.9999294
9432,truck,automobile,0.99967074
9433,truck,truck,0.99986935
9434,truck,truck,0.9998399
9435,truck,truck,0.9998839
9436,truck,truck,0.9999218
9437,truck,truck,0.9999114
9438,truck,truck,0.9999088
9439,truck,truck,0.9998828
9440,truck,truck,0.99990034
9441,truck,truck,0.9999063
9442,truck,truck,0.99987626
9443,truck,truck,0.99989116
9444,truck,truck,0.999928
9445,truck,truck,0.999874
9446,truck,truck,0.9999106
9447,truck,truck,0.99987745
9448,truck,truck,0.9999114
9449,truck,truck,0.9999057
9450,truck,truck,0.99987984
9451,truck,truck,0.99986005
9452,truck,truck,0.99946576
9453,truck,truck,0.9998965
9454,truck,automobile,0.6110321
9455,truck,truck,0.9998684
9456,truck,truck,0.9999175
9457,truck,truck,0.99993575
9458,truck,truck,0.9999385
9459,truck,truck,0.99992466
9460,truck,automobile,0.99320614
9461,truck,truck,0.9995727
9462,truck,truck,0.9999254
9463,truck,truck,0.9999045
9464,truck,truck,0.99992454
9465,truck,truck,0.999925
9466,truck,truck,0.9999114
9467,truck,automobile,0.9304756
9468,truck,truck,0.99986637
9469,truck,truck,0.9998566
9470,truck,truck,0.9999341
9471,truck,truck,0.99991846
9472,truck,truck,0.99990153
9473,truck,truck,0.99988437
9474,truck,truck,0.9999051
9475,truck,truck,0.9999057
9476,truck,truck,0.99989676
9477,truck,truck,0.9998703
9478,truck,truck,0.99992085
9479,truck,truck,0.99990416
9480,truck,truck,0.999912
9481,truck,truck,0.9952591
9482,truck,truck,0.99988973
9483,truck,truck,0.9998938
9484,truck,truck,0.9998665
9485,truck,truck,0.99985814
9486,truck,truck,0.99985075
9487,truck,truck,0.9999211
9488,truck,truck,0.9998753
9489,truck,truck,0.9999347
9490,truck,truck,0.9998093
9491,truck,truck,0.999941
9492,truck,truck,0.99990654
9493,truck,truck,0.99987745
9494,truck,truck,0.99990606
9495,truck,truck,0.99986446
9496,truck,truck,0.99988556
9497,truck,truck,0.99990237
9498,truck,truck,0.9998853
9499,truck,truck,0.99992335
9500,truck,truck,0.9997447
9501,truck,truck,0.9999291
9502,truck,truck,0.9980192
9503,truck,truck,0.9999014
9504,truck,truck,0.99991703
9505,truck,truck,0.99992085
9506,truck,automobile,0.99970067
9507,truck,truck,0.9999118
9508,truck,truck,0.99988043
9509,truck,truck,0.9999013
9510,truck,truck,0.99991465
9511,truck,truck,0.9999124
9512,truck,truck,0.9998381
9513,truck,truck,0.99989367
9514,truck,truck,0.9998807
9515,truck,truck,0.9999137
9516,truck,truck,0.99989367
9517,truck,truck,0.9998801
9518,truck,truck,0.9999275
9519,truck,truck,0.9999114
9520,truck,truck,0.9998697
9521,truck,truck,0.99989474
9522,truck,truck,0.9998988
9523,truck,truck,0.9998988
9524,truck,truck,0.9999248
9525,truck,truck,0.9999124
9526,truck,truck,0.99989843
9527,truck,truck,0.99991
9528,truck,truck,0.9999207
9529,truck,truck,0.9996669
9530,truck,truck,0.99988914
9531,truck,truck,0.9980349
9532,truck,truck,0.9999075
9533,truck,truck,0.99960464
9534,truck,truck,0.99988747
9535,truck,truck,0.99991465
9536,truck,truck,0.9999188
9537,truck,truck,0.99987566
9538,truck,truck,0.9998642
9539,truck,truck,0.9999145
9540,truck,truck,0.9998994
9541,truck,truck,0.9998994
9542,truck,truck,0.99984133
9543,truck,truck,0.9999025
9544,truck,truck,0.99989295
9545,truck,truck,0.99950767
9546,truck,truck,0.9998826
9547,truck,truck,0.9998136
9548,truck,truck,0.9998317
9549,truck,truck,0.99989164
9550,truck,truck,0.99991596
9551,truck,truck,0.9998903
9552,truck,automobile,0.9995486
9553,truck,truck,0.99991894
9554,truck,truck,0.9999107
9555,truck,truck,0.99992335
9556,truck,automobile,0.76371515
9557,truck,truck,0.9999137
9558,truck,truck,0.9999267
9559,truck,truck,0.99988425
9560,truck,truck,0.99989927
9561,truck,truck,0.9998921
9562,truck,truck,0.9999144
9563,truck,truck,0.9999088
9564,truck,truck,0.9999106
9565,truck,truck,0.99985063
9566,truck,truck,0.9999219
9567,truck,truck,0.9999151
9568,truck,truck,0.9999261
9569,truck,truck,0.9999291
9570,truck,truck,0.99988043
9571,truck,truck,0.9998684
9572,truck,truck,0.9999032
9573,truck,truck,0.99990094
9574,truck,truck,0.99990654
9575,truck,truck,0.99992967
9576,truck,truck,0.999923
9577,truck,truck,0.999859
9578,truck,truck,0.9999311
9579,truck,truck,0.999889
9580,truck,truck,0.99983513
9581,truck,truck,0.99989283
9582,truck,truck,0.9998516
9583,truck,truck,0.9972179
9584,truck,truck,0.9999019
9585,truck,truck,0.99989223
9586,truck,truck,0.9991472
9587,truck,truck,0.9999465
9588,truck,truck,0.9998971
9589,truck,truck,0.9999281
9590,truck,truck,0.9999174
9591,truck,truck,0.9999424
9592,truck,truck,0.997951
9593,truck,truck,0.9998503
9594,truck,truck,0.9998882
9595,truck,truck,0.99989724
9596,truck,truck,0.9998355
9597,truck,truck,0.99991333
9598,truck,truck,0.99992275
9599,truck,truck,0.9998815
9600,truck,truck,0.9998872
9601,truck,truck,0.99989104
9602,truck,truck,0.9999212
9603,truck,truck,0.9998191
9604,truck,truck,0.9999186
9605,truck,truck,0.99987304
9606,truck,truck,0.99989736
9607,truck,truck,0.9998789
9608,truck,truck,0.99982953
9609,truck,truck,0.985298
9610,truck,truck,0.99991286
9611,truck,truck,0.99990296
9612,truck,truck,0.9999219
9613,truck,truck,0.9998727
9614,truck,truck,0.9999236
9615,truck,truck,0.9999161
9616,truck,truck,0.999796
9617,truck,truck,0.99989927
9618,truck,truck,0.9998926
9619,truck,truck,0.99989855
9620,truck,truck,0.99991214
9621,truck,truck,0.99992955
9622,truck,truck,0.9999298
9623,truck,truck,0.9999137
9624,truck,truck,0.9998987
9625,truck,truck,0.99991
9626,truck,truck,0.9999006
9627,truck,truck,0.9998927
9628,truck,truck,0.9999212
9629,truck,truck,0.9999095
9630,truck,truck,0.99991465
9631,truck,truck,0.99992037
9632,truck,truck,0.99989474
9633,truck,truck,0.99993765
9634,truck,truck,0.9999201
9635,truck,truck,0.9998629
9636,truck,truck,0.99992025
9637,truck,truck,0.9998982
9638,truck,truck,0.9998117
9639,truck,truck,0.99989974
9640,truck,automobile,0.9860438
9641,truck,truck,0.99990857
9642,truck,truck,0.99951994
9643,truck,ship,0.51758355
9644,truck,truck,0.9998938
9645,truck,truck,0.9999145
9646,truck,truck,0.9999156
9647,truck,truck,0.99989843
9648,truck,truck,0.99985945
9649,truck,truck,0.9999144
9650,truck,truck,0.99986506
9651,truck,truck,0.9995578
9652,truck,truck,0.9998952
9653,truck,truck,0.9998826
9654,truck,truck,0.9999063
9655,truck,truck,0.99986637
9656,truck,truck,0.9999021
9657,truck,truck,0.9998957
9658,truck,truck,0.999861
9659,truck,truck,0.99986243
9660,truck,truck,0.99990666
9661,truck,truck,0.9998878
9662,truck,truck,0.9998534
9663,truck,truck,0.99989605
9664,truck,truck,0.9999018
9665,truck,truck,0.99991524
9666,truck,truck,0.99989843
9667,truck,truck,0.999915
9668,truck,truck,0.999905
9669,truck,truck,0.99992037
9670,truck,truck,0.9999231
9671,truck,truck,0.9999087
9672,truck,truck,0.9999137
9673,truck,truck,0.9999256
9674,truck,truck,0.9998611
9675,truck,truck,0.999908
9676,truck,truck,0.9998963
9677,truck,truck,0.9999244
9678,truck,truck,0.99991393
9679,truck,truck,0.9998795
9680,truck,truck,0.9999219
9681,truck,truck,0.99989736
9682,truck,truck,0.99992526
9683,truck,truck,0.9995566
9684,truck,truck,0.99990416
9685,truck,truck,0.99987257
9686,truck,truck,0.9997423
9687,truck,truck,0.9998921
9688,truck,truck,0.99990547
9689,truck,truck,0.99989474
9690,truck,truck,0.9999076
9691,truck,truck,0.99991333
9692,truck,truck,0.9972945
9693,truck,truck,0.9999083
9694,truck,truck,0.9998741
9695,truck,truck,0.9999043
9696,truck,truck,0.999895
9697,truck,truck,0.9999037
9698,truck,truck,0.99989235
9699,truck,truck,0.9999056
9700,truck,truck,0.99990094
9701,truck,truck,0.99989784
9702,truck,truck,0.9999281
9703,truck,truck,0.9999025
9704,truck,truck,0.999905
9705,truck,truck,0.9999021
9706,truck,truck,0.9999201
9707,truck,truck,0.99987733
9708,truck,truck,0.9998996
9709,truck,truck,0.9999093
9710,truck,truck,0.999853
9711,truck,truck,0.99990225
9712,truck,truck,0.9998779
9713,truck,truck,0.999913
9714,truck,truck,0.99992
9715,truck,truck,0.99991095
9716,truck,truck,0.99992275
9717,truck,truck,0.9999207
9718,truck,truck,0.99989367
9719,truck,truck,0.99986637
9720,truck,truck,0.99992394
9721,truck,truck,0.9999051
9722,truck,truck,0.9999255
9723,truck,truck,0.9999256
9724,truck,truck,0.9999312
9725,truck,truck,0.99977094
9726,truck,truck,0.99990237
9727,truck,truck,0.99974567
9728,truck,truck,0.99986804
9729,truck,truck,0.9998658
9730,truck,automobile,0.7111939
9731,truck,truck,0.9993255
9732,truck,truck,0.9961438
9733,truck,truck,0.9999198
9734,truck,truck,0.9999119
9735,truck,truck,0.99989486
9736,truck,truck,0.9999113
9737,truck,truck,0.9998186
9738,truck,truck,0.9999069
9739,truck,truck,0.99989605
9740,truck,truck,0.999931
9741,truck,truck,0.9998362
9742,truck,truck,0.9999027
9743,truck,truck,0.9998677
9744,truck,truck,0.99990726
9745,truck,truck,0.99989104
9746,truck,truck,0.99987364
9747,truck,truck,0.9999193
9748,truck,truck,0.99992657
9749,truck,truck,0.99991953
9750,truck,truck,0.9999279
9751,truck,truck,0.9999094
9752,truck,truck,0.99977046
9753,truck,truck,0.9999229
9754,truck,truck,0.9998777
9755,truck,truck,0.9998809
9756,truck,truck,0.99832314
9757,truck,truck,0.99977285
9758,truck,truck,0.9999187
9759,truck,truck,0.99990916
9760,truck,truck,0.9999049
9761,truck,truck,0.9999182
9762,truck,truck,0.99991834
9763,truck,truck,0.9999014
9764,truck,truck,0.9999075
9765,truck,truck,0.9999074
9766,truck,truck,0.99990654
9767,truck,truck,0.9999032
9768,truck,truck,0.9995989
9769,truck,truck,0.9999198
9770,truck,truck,0.9998541
9771,truck,truck,0.9774753
9772,truck,truck,0.9999125
9773,truck,truck,0.999846
9774,truck,truck,0.99987483
9775,truck,truck,0.9999151
9776,truck,truck,0.99991584
9777,truck,truck,0.99992573
9778,truck,truck,0.9998932
9779,truck,truck,0.99981624
9780,truck,truck,0.9998093
9781,truck,truck,0.99991107
9782,truck,truck,0.99898344
9783,truck,truck,0.9999249
9784,truck,truck,0.9999168
9785,truck,truck,0.999913
9786,truck,truck,0.99986434
9787,truck,truck,0.9998809
9788,truck,automobile,0.9996729
9789,truck,truck,0.99994016
9790,truck,truck,0.9999299
9791,truck,truck,0.9999248
9792,truck,truck,0.999374
9793,truck,truck,0.9999274
9794,truck,truck,0.9999099
9795,truck,truck,0.99988973
9796,truck,truck,0.99993634
9797,truck,truck,0.99926025
9798,truck,truck,0.999918
9799,truck,truck,0.9998988
9800,truck,truck,0.99991703
9801,truck,truck,0.99992883
9802,truck,truck,0.9999218
9803,truck,truck,0.9999026
9804,truck,truck,0.9998282
9805,truck,truck,0.9998074
9806,truck,truck,0.9998393
9807,truck,truck,0.9998448
9808,truck,truck,0.9999137
9809,truck,truck,0.9999255
9810,truck,truck,0.999884
9811,truck,truck,0.99824464
9812,truck,truck,0.9999205
9813,truck,truck,0.9998104
9814,truck,truck,0.9999143
9815,truck,truck,0.99989665
9816,truck,automobile,0.9882839
9817,truck,truck,0.99988663
9818,truck,truck,0.9999229
9819,truck,truck,0.99982375
9820,truck,truck,0.99986815
9821,truck,truck,0.999869
9822,truck,truck,0.99992955
9823,truck,truck,0.9997795
9824,truck,truck,0.99987364
9825,truck,truck,0.99990916
9826,truck,truck,0.9998466
9827,truck,truck,0.99992156
9828,truck,truck,0.99988914
9829,truck,truck,0.9969382
9830,truck,truck,0.9999163
9831,truck,truck,0.99985874
9832,truck,truck,0.9998411
9833,truck,truck,0.99977463
9834,truck,truck,0.9994481
9835,truck,truck,0.99986017
9836,truck,truck,0.9994863
9837,truck,truck,0.99986315
9838,truck,truck,0.9999106
9839,truck,truck,0.9999304
9840,truck,truck,0.99988663
9841,truck,truck,0.9999238
9842,truck,truck,0.999905
9843,truck,truck,0.99968183
9844,truck,ship,0.94396436
9845,truck,truck,0.9998667
9846,truck,truck,0.99992216
9847,truck,truck,0.9999243
9848,truck,truck,0.9999188
9849,truck,truck,0.99992144
9850,truck,truck,0.9998745
9851,truck,truck,0.99989104
9852,truck,truck,0.99991083
9853,truck,truck,0.999908
9854,truck,truck,0.9998561
9855,truck,truck,0.99992573
9856,truck,truck,0.9999132
9857,truck,truck,0.99990284
9858,truck,truck,0.9998807
9859,truck,truck,0.99988556
9860,truck,truck,0.9997346
9861,truck,truck,0.99990964
9862,truck,truck,0.9999294
9863,truck,truck,0.9999114
9864,truck,truck,0.99991083
9865,truck,truck,0.99993205
9866,truck,truck,0.9999348
9867,truck,truck,0.99991953
9868,truck,truck,0.9999064
9869,truck,truck,0.999772
9870,truck,truck,0.9999144
9871,truck,truck,0.9999052
9872,truck,truck,0.99992025
9873,truck,truck,0.999907
9874,truck,truck,0.9999062
9875,truck,truck,0.9999049
9876,truck,truck,0.999887
9877,truck,truck,0.9999112
9878,truck,truck,0.9998698
9879,truck,truck,0.9999132
9880,truck,truck,0.9999125
9881,truck,truck,0.9998956
9882,truck,truck,0.9992803
9883,truck,truck,0.9998987
9884,truck,truck,0.99991417
9885,truck,truck,0.99987054
9886,truck,truck,0.9999058
9887,truck,truck,0.99988604
9888,truck,truck,0.9999037
9889,truck,truck,0.9999162
9890,truck,truck,0.999897
9891,truck,truck,0.9998574
9892,truck,truck,0.9998709
9893,truck,truck,0.99989223
9894,truck,truck,0.9999106
9895,truck,truck,0.99991536
9896,truck,truck,0.9999331
9897,truck,truck,0.9999105
9898,truck,truck,0.9951043
9899,truck,truck,0.99990475
9900,truck,truck,0.99992085
9901,truck,truck,0.9977744
9902,truck,truck,0.99985063
9903,truck,truck,0.9999205
9904,truck,truck,0.9947313
9905,truck,truck,0.99992335
9906,truck,truck,0.99989533
9907,truck,truck,0.99992776
9908,truck,truck,0.9998772
9909,truck,truck,0.9999268
9910,truck,truck,0.99989474
9911,truck,truck,0.99933535
9912,truck,truck,0.99989307
9913,truck,truck,0.9998746
9914,truck,truck,0.9999337
9915,truck,truck,0.99990344
9916,truck,truck,0.9999219
9917,truck,truck,0.99990404
9918,truck,truck,0.9999211
9919,truck,truck,0.99990404
9920,truck,truck,0.99991214
9921,truck,truck,0.9999052
9922,truck,truck,0.9999174
9923,truck,truck,0.99993074
9924,truck,truck,0.99989784
9925,truck,truck,0.9998072
9926,truck,truck,0.99990535
9927,truck,truck,0.9999107
9928,truck,truck,0.99980813
9929,truck,truck,0.9999176
9930,truck,truck,0.9999044
9931,truck,truck,0.9999143
9932,truck,truck,0.99984396
9933,truck,truck,0.99987924
9934,truck,truck,0.99991786
9935,truck,truck,0.99992025
9936,truck,truck,0.99990046
9937,truck,truck,0.99988985
9938,truck,truck,0.99994326
9939,truck,truck,0.9998441
9940,truck,truck,0.9998926
9941,truck,truck,0.9998745
9942,truck,truck,0.99977154
9943,truck,truck,0.9995733
9944,truck,truck,0.9998925
9945,truck,truck,0.9998436
9946,truck,truck,0.9998963
9947,truck,truck,0.99988353
9948,truck,truck,0.99991715
9949,truck,truck,0.99990225
9950,truck,automobile,0.9033874
9951,truck,truck,0.9998976
9952,truck,truck,0.9999013
9953,truck,truck,0.99967575
9954,truck,truck,0.999908
9955,truck,truck,0.9999317
9956,truck,truck,0.99991095
9957,truck,truck,0.99992466
9958,truck,truck,0.99989307
9959,truck,truck,0.9999238
9960,truck,truck,0.999843
9961,truck,truck,0.9998228
9962,truck,truck,0.9999269
9963,truck,truck,0.9999231
9964,truck,ship,0.9555883
9965,truck,truck,0.9999194
9966,truck,truck,0.9999138
9967,truck,truck,0.99988616
9968,truck,truck,0.9998921
9969,truck,truck,0.997255
9970,truck,truck,0.9995716
9971,truck,truck,0.99979764
9972,truck,truck,0.9998964
9973,truck,truck,0.9998461
9974,truck,truck,0.9998259
9975,truck,truck,0.9999207
9976,truck,truck,0.9993112
9977,truck,truck,0.9999274
9978,truck,truck,0.99957556
9979,truck,truck,0.9998965
9980,truck,truck,0.9997745
9981,truck,truck,0.99988484
9982,truck,truck,0.9999058
9983,truck,truck,0.9995278
9984,truck,truck,0.99985087
9985,truck,truck,0.99991024
9986,truck,truck,0.9948974
9987,truck,truck,0.9998468
9988,truck,truck,0.9999057
9989,truck,truck,0.9999316
9990,truck,truck,0.9998989
9991,truck,truck,0.9999275
9992,truck,truck,0.9999093
9993,truck,truck,0.999826
9994,truck,truck,0.99981934
9995,truck,truck,0.99991107
9996,truck,truck,0.99990356
9997,truck,truck,0.9999033
9998,truck,truck,0.99987996
9999,truck,truck,0.9998834
